Workbook

Sheet Forecast
B2: SKU Name | C2: 45658 | D2: 45689 | E2: 45717 | F2: 45748 | G2: 45778 | H2: 45809 | I2: 45839 | J2: 45870 | K2: 45901 | L2: 45931 | M2: 45962 | N2: 45992 | O2: Total 2025 | P2: 46023 | Q2: 46054 | R2: 46082 | S2: 46113 | T2: 46143 | U2: 46174 | V2: 46204 | W2: 46235 | X2: 46266 | Y2: 46296 | Z2: 46327 | AA2: 46357 | AB2: Total 2026 | AC2: 46388 | AD2: 46419 | AE2: 46447 | AF2: 46478 | AG2: 46508 | AH2: 46539 | AI2: 46569 | AJ2: 46600 | AK2: 46631 | AL2: 46661 | AM2: 46692 | AN2: 46722 | AO2: Total 2027
A3: 1kg | B3: Al Fakher Grapes & Mint 1kg | C3: 160 | D3: 230 | E3: 240 | F3: 280 | G3: 350 | H3: 350 | I3: 300 | J3: 300 | K3: 250 | L3: 250 | M3: 250 | N3: 200 | O3: =SUM(C3:N3) -> 3160 | P3: 250 | Q3: 167 | R3: 200 | S3: 250 | T3: 300 | U3: 300 | V3: 300 | W3: 300 | X3: 300 | Y3: 250 | Z3: 250 | AA3: 250 | AB3: =SUM(P3:AA3) -> 3117 | AC3: 250 | AD3: 230 | AE3: =(R3*2%)+R3 -> 204 | AF3: =(S3*2%)+S3 -> 255 | AG3: =(T3*2%)+T3 -> 306 | AH3: =(U3*2%)+U3 -> 306 | AI3: =(V3*2%)+V3 -> 306 | AJ3: =(W3*2%)+W3 -> 306 | AK3: =(X3*2%)+X3 -> 306 | AL3: =(Y3*2%)+Y3 -> 255 | ... AN3: =(AA3*2%)+AA3 -> 255 | AO3: =SUM(AC3:AN3) -> 3234
A4: 1kg | B4: Al Fakher Grapes 1kg | C4: 520 | D4: 670 | E4: 710 | F4: 620 | G4: 850 | H4: 900 | I4: 1000 | J4: 1000 | K4: 600 | L4: 1000 | M4: 676 | N4: 450 | O4: =SUM(C4:N4) -> 8996 | P4: 800 | Q4: 800 | R4: 600 | S4: 500 | T4: 500 | U4: 500 | V4: 500 | W4: 500 | X4: 500 | Y4: 500 | Z4: 400 | AA4: 430 | AB4: =SUM(P4:AA4) -> 6530 | AC4: 800 | AD4: 800 | AE4: =(R4*2%)+R4 -> 612 | AF4: =(S4*2%)+S4 -> 510 | AG4: =(T4*2%)+T4 -> 510 | AH4: =(U4*2%)+U4 -> 510 | AI4: =(V4*2%)+V4 -> 510 | AJ4: =(W4*2%)+W4 -> 510 | AK4: =(X4*2%)+X4 -> 510 | AL4: =(Y4*2%)+Y4 -> 510 | ... AN4: =(AA4*2%)+AA4 -> 438.6 | AO4: =SUM(AC4:AN4) -> 6628.6
A5: 1kg | B5: Al Fakher Lemon Mint 1kg | C5: 320 | D5: 370 | E5: 390 | F5: 410 | G5: 500 | H5: 400 | I5: 500 | J5: 600 | K5: 300 | L5: 450 | M5: 350 | N5: 410 | O5: =SUM(C5:N5) -> 5000 | P5: 300 | Q5: 284 | R5: 400 | S5: 450 | T5: 450 | U5: 450 | V5: 500 | W5: 500 | X5: 500 | Y5: 450 | Z5: 450 | AA5: 350 | AB5: =SUM(P5:AA5) -> 5084 | AC5: 400 | AD5: 400 | AE5: =(R5*2%)+R5 -> 408 | AF5: =(S5*2%)+S5 -> 459 | AG5: =(T5*2%)+T5 -> 459 | AH5: =(U5*2%)+U5 -> 459 | AI5: =(V5*2%)+V5 -> 510 | AJ5: =(W5*2%)+W5 -> 510 | AK5: =(X5*2%)+X5 -> 510 | AL5: =(Y5*2%)+Y5 -> 459 | ... AN5: =(AA5*2%)+AA5 -> 357 | AO5: =SUM(AC5:AN5) -> 5390
A6: 1kg | B6: Al Fakher Mint 1kg | C6: 520 | D6: 670 | E6: 550 | F6: 550 | G6: 750 | H6: 750 | I6: 650 | J6: 650 | K6: 500 | L6: 500 | M6: 500 | N6: 450 | O6: =SUM(C6:N6) -> 7040 | P6: 480 | Q6: 480 | R6: 550 | S6: 450 | T6: 450 | U6: 450 | V6: 450 | W6: 450 | X6: 450 | Y6: 450 | Z6: 450 | AA6: 250 | AB6: =SUM(P6:AA6) -> 5360 | AC6: 550 | AD6: 550 | AE6: =(R6*2%)+R6 -> 561 | AF6: =(S6*2%)+S6 -> 459 | AG6: =(T6*2%)+T6 -> 459 | AH6: =(U6*2%)+U6 -> 459 | AI6: =(V6*2%)+V6 -> 459 | AJ6: =(W6*2%)+W6 -> 459 | AK6: =(X6*2%)+X6 -> 459 | AL6: =(Y6*2%)+Y6 -> 459 | ... AN6: =(AA6*2%)+AA6 -> 255 | AO6: =SUM(AC6:AN6) -> 5588
A7: 1kg | B7: Al Fakher Two apple 1kg | C7: 2900 | D7: 3400 | E7: 3600 | F7: 3200 | G7: 4000 | H7: 4000 | I7: 3500 | J7: 3500 | K7: 4700 | L7: 4500 | M7: 0 | N7: 5000 | O7: =SUM(C7:N7) -> 42300 | P7: 2600 | Q7: 3000 | R7: 3500 | S7: 5000 | T7: 5000 | U7: 5000 | V7: 5500 | W7: 5000 | X7: 5000 | Y7: 4000 | Z7: 4000 | AA7: 3000 | AB7: =SUM(P7:AA7) -> 50600 | AC7: 4000 | AD7: 4000 | AE7: =(R7*2%)+R7 -> 3570 | AF7: =(S7*2%)+S7 -> 5100 | AG7: =(T7*2%)+T7 -> 5100 | AH7: =(U7*2%)+U7 -> 5100 | AI7: =(V7*2%)+V7 -> 5610 | AJ7: =(W7*2%)+W7 -> 5100 | AK7: =(X7*2%)+X7 -> 5100 | AL7: =(Y7*2%)+Y7 -> 4080 | ... AN7: =(AA7*2%)+AA7 -> 3060 | AO7: =SUM(AC7:AN7) -> 53900
A8: 250g | B8: Al Fakher Grapes & Mint 250g | C8: 110 | D8: 120 | E8: 120 | F8: 130 | G8: 160 | H8: 150 | I8: 150 | J8: 150 | K8: 121 | L8: 0 | M8: 164 | N8: 170 | O8: =SUM(C8:N8) -> 1545 | P8: 0 | Q8: 140 | R8: 125 | S8: 150 | T8: 150 | U8: 150 | V8: 125 | W8: 125 | X8: 125 | Y8: 125 | Z8: 125 | AA8: 100 | AB8: =SUM(P8:AA8) -> 1440 | AC8: 125 | AD8: 140 | AE8: =(R8*2%)+R8 -> 127.5 | AF8: =(S8*2%)+S8 -> 153 | AG8: =(T8*2%)+T8 -> 153 | AH8: =(U8*2%)+U8 -> 153 | AI8: =(V8*2%)+V8 -> 127.5 | AJ8: =(W8*2%)+W8 -> 127.5 | AK8: =(X8*2%)+X8 -> 127.5 | AL8: =(Y8*2%)+Y8 -> 127.5 | ... AN8: =(AA8*2%)+AA8 -> 102 | AO8: =SUM(AC8:AN8) -> 1591
A9: 250g | B9: Al Fakher Grapes 250g | C9: 170 | D9: 230 | E9: 240 | F9: 220 | G9: 275 | H9: 260 | I9: 280 | J9: 250 | K9: 400 | L9: 300 | M9: 289 | N9: 200 | O9: =SUM(C9:N9) -> 3114 | P9: 93 | Q9: 100 | R9: 200 | S9: 250 | T9: 250 | U9: 250 | V9: 200 | W9: 200 | X9: 200 | Y9: 200 | Z9: 200 | AA9: 150 | AB9: =SUM(P9:AA9) -> 2293 | AC9: 250 | AD9: 200 | AE9: =(R9*2%)+R9 -> 204 | AF9: =(S9*2%)+S9 -> 255 | AG9: =(T9*2%)+T9 -> 255 | AH9: =(U9*2%)+U9 -> 255 | AI9: =(V9*2%)+V9 -> 204 | AJ9: =(W9*2%)+W9 -> 204 | AK9: =(X9*2%)+X9 -> 204 | AL9: =(Y9*2%)+Y9 -> 204 | ... AN9: =(AA9*2%)+AA9 -> 153 | AO9: =SUM(AC9:AN9) -> 2592
A10: 250g | B10: Al Fakher Lemon Mint 250g | C10: 130 | D10: 150 | E10: 160 | F10: 200 | G10: 240 | H10: 230 | I10: 240 | J10: 250 | K10: 250 | L10: 200 | M10: 200 | N10: 200 | O10: =SUM(C10:N10) -> 2450 | P10: 100 | Q10: 175 | R10: 175 | S10: 175 | T10: 175 | U10: 200 | V10: 200 | W10: 200 | X10: 200 | Y10: 175 | Z10: 150 | AA10: 150 | AB10: =SUM(P10:AA10) -> 2075 | AC10: 175 | AD10: 175 | AE10: =(R10*2%)+R10 -> 178.5 | AF10: =(S10*2%)+S10 -> 178.5 | AG10: =(T10*2%)+T10 -> 178.5 | AH10: =(U10*2%)+U10 -> 204 | AI10: =(V10*2%)+V10 -> 204 | AJ10: =(W10*2%)+W10 -> 204 | AK10: =(X10*2%)+X10 -> 204 | AL10: =(Y10*2%)+Y10 -> 178.5 | ... AN10: =(AA10*2%)+AA10 -> 153 | AO10: =SUM(AC10:AN10) -> 2186
A11: 250g | B11: Al Fakher Two apple 250g | C11: 2300 | D11: 2500 | E11: 2700 | F11: 2400 | G11: 3250 | H11: 3000 | I11: 3500 | J11: 4000 | K11: 1500 | L11: 3500 | M11: 5000 | N11: 1270 | O11: =SUM(C11:N11) -> 34920 | P11: 5500 | Q11: 5000 | R11: 5000 | S11: 4500 | T11: 4500 | U11: 4500 | V11: 5000 | W11: 5000 | X11: 3500 | Y11: 3500 | Z11: 3500 | AA11: 3000 | AB11: =SUM(P11:AA11) -> 52500 | AC11: 5500 | AD11: 5000 | AE11: =(R11*2%)+R11 -> 5100 | AF11: =(S11*2%)+S11 -> 4590 | AG11: =(T11*2%)+T11 -> 4590 | AH11: =(U11*2%)+U11 -> 4590 | AI11: =(V11*2%)+V11 -> 5100 | AJ11: =(W11*2%)+W11 -> 5100 | AK11: =(X11*2%)+X11 -> 3570 | AL11: =(Y11*2%)+Y11 -> 3570 | ... AN11: =(AA11*2%)+AA11 -> 3060 | AO11: =SUM(AC11:AN11) -> 53340
A12: 250g | B12: Al Fakher Two Apple Bahraini 250g | C12: 180 | D12: 180 | E12: 190 | F12: 250 | G12: 320 | H12: 300 | I12: 300 | J12: 300 | K12: 300 | L12: 300 | M12: 300 | N12: 250 | O12: =SUM(C12:N12) -> 3170 | P12: 150 | Q12: 200 | R12: 200 | S12: 300 | T12: 250 | U12: 250 | V12: 250 | W12: 250 | X12: 250 | Y12: 200 | Z12: 200 | AA12: 200 | AB12: =SUM(P12:AA12) -> 2700 | AC12: 200 | AD12: 200 | AE12: =(R12*2%)+R12 -> 204 | AF12: =(S12*2%)+S12 -> 306 | AG12: =(T12*2%)+T12 -> 255 | AH12: =(U12*2%)+U12 -> 255 | AI12: =(V12*2%)+V12 -> 255 | AJ12: =(W12*2%)+W12 -> 255 | AK12: =(X12*2%)+X12 -> 255 | AL12: =(Y12*2%)+Y12 -> 204 | ... AN12: =(AA12*2%)+AA12 -> 204 | AO12: =SUM(AC12:AN12) -> 2797
A13: 50g | B13: Al Fakher Blueberry Mint 50g | C13: 20 | D13: 10 | E13: 10 | F13: 20 | G13: 10 | H13: 10 | I13: 0 | J13: 0 | K13: 0 | L13: 0 | M13: 0 | N13: - | O13: =SUM(C13:N13) -> 80 | P13: - | Q13: - | R13: - | S13: 0 | T13: 0 | U13: 0 | V13: 0 | W13: 0 | X13: 0 | Y13: 0 | Z13: 0 | AA13: 0 | AB13: =SUM(P13:AA13) -> 0 | AC13: 0 | AD13: 0 | AE13: 0 | AF13: =(S13*2%)+S13 -> 0 | AG13: =(T13*2%)+T13 -> 0 | AH13: =(U13*2%)+U13 -> 0 | AI13: =(V13*2%)+V13 -> 0 | AJ13: =(W13*2%)+W13 -> 0 | AK13: =(X13*2%)+X13 -> 0 | AL13: =(Y13*2%)+Y13 -> 0 | AM13: =(Z13*2%)+Z13 -> 0 | AN13: =(AA13*2%)+AA13 -> 0 | AO13: =SUM(AC13:AN13) -> 0
A14: 50g | B14: Al Fakher Blueberry 50g | C14: 30 | D14: 40 | E14: 40 | F14: 40 | G14: 50 | H14: 40 | I14: 40 | J14: 40 | K14: 0 | L14: 100 | M14: 50 | N14: - | O14: =SUM(C14:N14) -> 470 | P14: 75 | Q14: 75 | R14: 30 | S14: 30 | T14: 60 | U14: 60 | V14: 60 | W14: 60 | X14: 60 | Y14: 60 | Z14: 60 | AA14: 30 | AB14: =SUM(P14:AA14) -> 660 | AC14: 150 | AD14: 75 | AE14: =(R14*2%)+R14 -> 30.6 | AF14: =(S14*2%)+S14 -> 30.6 | AG14: =(T14*2%)+T14 -> 61.2 | AH14: =(U14*2%)+U14 -> 61.2 | AI14: =(V14*2%)+V14 -> 61.2 | AJ14: =(W14*2%)+W14 -> 61.2 | AK14: =(X14*2%)+X14 -> 61.2 | AL14: =(Y14*2%)+Y14 -> 61.2 | ... AN14: =(AA14*2%)+AA14 -> 30.6 | AO14: =SUM(AC14:AN14) -> 745.2
A15: 50g | B15: Al Fakher Buble Gum 50g | C15: 10 | D15: 10 | E15: 10 | F15: 10 | G15: 5 | H15: 5 | I15: 0 | J15: 0 | K15: 0 | L15: 0 | M15: 0 | N15: - | O15: =SUM(C15:N15) -> 50 | P15: - | Q15: - | R15: - | S15: 0 | T15: 0 | U15: 0 | V15: 0 | W15: 0 | X15: 0 | Y15: 0 | Z15: 0 | AA15: 0 | AB15: =SUM(P15:AA15) -> 0 | AC15: 0 | AD15: 0 | AE15: 0 | AF15: =(S15*2%)+S15 -> 0 | AG15: =(T15*2%)+T15 -> 0 | AH15: =(U15*2%)+U15 -> 0 | AI15: =(V15*2%)+V15 -> 0 | AJ15: =(W15*2%)+W15 -> 0 | AK15: =(X15*2%)+X15 -> 0 | AL15: =(Y15*2%)+Y15 -> 0 | AM15: =(Z15*2%)+Z15 -> 0 | AN15: =(AA15*2%)+AA15 -> 0 | AO15: =SUM(AC15:AN15) -> 0
A16: 50g | B16: Al Fakher Grapes & Mint 50g | C16: 130 | D16: 190 | E16: 180 | F16: 180 | G16: 220 | H16: 200 | I16: 200 | J16: 200 | K16: 200 | L16: 200 | M16: 200 | N16: 250 | O16: =SUM(C16:N16) -> 2350 | P16: 158 | Q16: 100 | R16: 230 | S16: 243 | T16: 139 | U16: 270 | V16: 270 | W16: 270 | X16: 250 | Y16: 250 | Z16: 200 | AA16: 200 | AB16: =SUM(P16:AA16) -> 2580 | AC16: 230 | AD16: 230 | AE16: =(R16*2%)+R16 -> 234.6 | AF16: =(S16*2%)+S16 -> 247.86 | AG16: =(T16*2%)+T16 -> 141.78 | AH16: =(U16*2%)+U16 -> 275.4 | AI16: =(V16*2%)+V16 -> 275.4 | AJ16: =(W16*2%)+W16 -> 275.4 | AK16: =(X16*2%)+X16 -> 255 | AL16: =(Y16*2%)+Y16 -> 255 | ... AN16: =(AA16*2%)+AA16 -> 204 | AO16: =SUM(AC16:AN16) -> 2828.44
A17: 50g | B17: Al Fakher Grapes 50g | C17: 210 | D17: 340 | E17: 320 | F17: 310 | G17: 375 | H17: 360 | I17: 450 | J17: 450 | K17: 151 | L17: 400 | M17: 300 | N17: 250 | O17: =SUM(C17:N17) -> 3916 | P17: 393 | Q17: 92 | R17: 360 | S17: 450 | T17: 450 | U17: 450 | V17: 400 | W17: 400 | X17: 400 | Y17: 350 | Z17: 300 | AA17: 250 | AB17: =SUM(P17:AA17) -> 4295 | AC17: 400 | AD17: 400 | AE17: =(R17*2%)+R17 -> 367.2 | AF17: =(S17*2%)+S17 -> 459 | AG17: =(T17*2%)+T17 -> 459 | AH17: =(U17*2%)+U17 -> 459 | AI17: =(V17*2%)+V17 -> 408 | AJ17: =(W17*2%)+W17 -> 408 | AK17: =(X17*2%)+X17 -> 408 | AL17: =(Y17*2%)+Y17 -> 357 | ... AN17: =(AA17*2%)+AA17 -> 255 | AO17: =SUM(AC17:AN17) -> 4686.2
A18: 50g | B18: Al Fakher Gum Mint 50g | C18: 100 | D18: 80 | E18: 80 | F18: 70 | G18: 100 | H18: 100 | I18: 90 | J18: 90 | K18: 120 | L18: 80 | M18: 80 | N18: 80 | O18: =SUM(C18:N18) -> 1070 | P18: 155 | Q18: 25 | R18: 25 | S18: 75 | T18: 100 | U18: 100 | V18: 100 | W18: 100 | X18: 75 | Y18: 75 | Z18: 75 | AA18: 75 | AB18: =SUM(P18:AA18) -> 980 | AC18: 200 | AD18: 150 | AE18: =(R18*2%)+R18 -> 25.5 | AF18: =(S18*2%)+S18 -> 76.5 | AG18: =(T18*2%)+T18 -> 102 | AH18: =(U18*2%)+U18 -> 102 | AI18: =(V18*2%)+V18 -> 102 | AJ18: =(W18*2%)+W18 -> 102 | AK18: =(X18*2%)+X18 -> 76.5 | AL18: =(Y18*2%)+Y18 -> 76.5 | ... AN18: =(AA18*2%)+AA18 -> 76.5 | AO18: =SUM(AC18:AN18) -> 1166
A19: 50g | B19: Al Fakher Gum 50g | C19: 10 | D19: 10 | E19: 10 | F19: 10 | G19: 15 | H19: 10 | I19: 0 | J19: 0 | K19: 20 | L19: 15 | M19: 15 | N19: 25 | O19: =SUM(C19:N19) -> 140 | P19: 20 | Q19: 20 | R19: 7 | S19: 50 | T19: 50 | U19: 40 | V19: 40 | W19: 40 | X19: 40 | Y19: 30 | Z19: 30 | AA19: 20 | AB19: =SUM(P19:AA19) -> 387 | AC19: 20 | AD19: 20 | AE19: =(R19*2%)+R19 -> 7.14 | AF19: =(S19*2%)+S19 -> 51 | AG19: =(T19*2%)+T19 -> 51 | AH19: =(U19*2%)+U19 -> 40.8 | AI19: =(V19*2%)+V19 -> 40.8 | AJ19: =(W19*2%)+W19 -> 40.8 | AK19: =(X19*2%)+X19 -> 40.8 | AL19: =(Y19*2%)+Y19 -> 30.6 | ... AN19: =(AA19*2%)+AA19 -> 20.4 | AO19: =SUM(AC19:AN19) -> 393.94
A20: 50g | B20: Al Fakher Lemon Mint 50g | C20: 210 | D20: 300 | E20: 320 | F20: 310 | G20: 375 | H20: 400 | I20: 350 | J20: 350 | K20: 250 | L20: 250 | M20: 250 | N20: 250 | O20: =SUM(C20:N20) -> 3615 | P20: 0 | Q20: 137 | R20: 150 | S20: 300 | T20: 400 | U20: 400 | V20: 350 | W20: 350 | X20: 350 | Y20: 250 | Z20: 250 | AA20: 250 | AB20: =SUM(P20:AA20) -> 3187 | AC20: 250 | AD20: 250 | AE20: =(R20*2%)+R20 -> 153 | AF20: =(S20*2%)+S20 -> 306 | AG20: =(T20*2%)+T20 -> 408 | AH20: =(U20*2%)+U20 -> 408 | AI20: =(V20*2%)+V20 -> 357 | AJ20: =(W20*2%)+W20 -> 357 | AK20: =(X20*2%)+X20 -> 357 | AL20: =(Y20*2%)+Y20 -> 255 | ... AN20: =(AA20*2%)+AA20 -> 255 | AO20: =SUM(AC20:AN20) -> 3611
A21: 50g | B21: Al Fakher Magic Love 50g | C21: 40 | D21: 60 | E21: 60 | F21: 60 | G21: 50 | H21: 50 | I21: 0 | J21: 0 | K21: 60 | L21: 50 | M21: 50 | N21: 35 | O21: =SUM(C21:N21) -> 515 | P21: 30 | Q21: 30 | R21: 70 | S21: 50 | T21: 40 | U21: 80 | V21: 80 | W21: 80 | X21: 75 | Y21: 75 | Z21: 50 | AA21: 50 | AB21: =SUM(P21:AA21) -> 710 | AC21: 30 | AD21: 30 | AE21: =(R21*2%)+R21 -> 71.4 | AF21: =(S21*2%)+S21 -> 51 | AG21: =(T21*2%)+T21 -> 40.8 | AH21: =(U21*2%)+U21 -> 81.6 | AI21: =(V21*2%)+V21 -> 81.6 | AJ21: =(W21*2%)+W21 -> 81.6 | AK21: =(X21*2%)+X21 -> 76.5 | AL21: =(Y21*2%)+Y21 -> 76.5 | ... AN21: =(AA21*2%)+AA21 -> 51 | AO21: =SUM(AC21:AN21) -> 723
A22: 50g | B22: Al Fakher Mint 50g | C22: 320 | D22: 370 | E22: 390 | F22: 410 | G22: 500 | H22: 480 | I22: 500 | J22: 500 | K22: 350 | L22: 350 | M22: 350 | N22: 220 | O22: =SUM(C22:N22) -> 4740 | P22: 160 | Q22: 0 | R22: 300 | S22: 400 | T22: 400 | U22: 400 | V22: 400 | W22: 400 | X22: 400 | Y22: 300 | Z22: 300 | AA22: 200 | AB22: =SUM(P22:AA22) -> 3660 | AC22: 400 | AD22: 300 | AE22: =(R22*2%)+R22 -> 306 | AF22: =(S22*2%)+S22 -> 408 | AG22: =(T22*2%)+T22 -> 408 | AH22: =(U22*2%)+U22 -> 408 | AI22: =(V22*2%)+V22 -> 408 | AJ22: =(W22*2%)+W22 -> 408 | AK22: =(X22*2%)+X22 -> 408 | AL22: =(Y22*2%)+Y22 -> 306 | ... AN22: =(AA22*2%)+AA22 -> 204 | AO22: =SUM(AC22:AN22) -> 4270
A23: 50g | B23: Al Fakher Two apple 50g | C23: 3200 | D23: 5100 | E23: 4600 | F23: 5300 | G23: 6750 | H23: 6500 | I23: 6250 | J23: 6500 | K23: 6500 | L23: 5000 | M23: 7500 | N23: 6900 | O23: =SUM(C23:N23) -> 70100 | P23: 7500 | Q23: 8000 | R23: 9000 | S23: 7500 | T23: 6500 | U23: 6500 | V23: 7000 | W23: 7000 | X23: 6500 | Y23: 6500 | Z23: 6000 | AA23: 4500 | AB23: =SUM(P23:AA23) -> 82500 | AC23: 7500 | AD23: 8000 | AE23: =(R23*2%)+R23 -> 9180 | AF23: =(S23*2%)+S23 -> 7650 | AG23: =(T23*2%)+T23 -> 6630 | AH23: =(U23*2%)+U23 -> 6630 | AI23: =(V23*2%)+V23 -> 7140 | AJ23: =(W23*2%)+W23 -> 7140 | AK23: =(X23*2%)+X23 -> 6630 | AL23: =(Y23*2%)+Y23 -> 6630 | ... AN23: =(AA23*2%)+AA23 -> 4590 | AO23: =SUM(AC23:AN23) -> 83840
A24: 50g | B24: Lemonade Mint 50g | O24: =SUM(C24:N24) -> 0 | P24: 0 | Q24: 0 | R24: 0 | S24: 0 | T24: 0 | U24: 0 | V24: 0 | W24: 0 | X24: 0 | Y24: 0 | Z24: 0 | AA24: 0 | AB24: =SUM(P24:AA24) -> 0 | AO24: =SUM(AC24:AN24) -> 0
A25: 50g | B25: Lemonade Pear 50g | O25: =SUM(C25:N25) -> 0 | P25: 0 | Q25: 0 | R25: 0 | S25: 0 | T25: 0 | U25: 0 | V25: 0 | W25: 0 | X25: 0 | Y25: 0 | Z25: 0 | AA25: 0 | AB25: =SUM(P25:AA25) -> 0 | AO25: =SUM(AC25:AN25) -> 0
A26: 50g | B26: Al Fakher Double Apple Classic 50g | P26: 0 | Q26: 0 | R26: 0 | S26: 0 | T26: 0 | U26: 0 | V26: 0 | W26: 0 | X26: 0 | Y26: 0 | Z26: 0 | AA26: 0 | AB26: =SUM(P26:AA26) -> 0 | AO26: =SUM(AC26:AN26) -> 0
A27: 250g | B27: Al Fakher Double Apple Classic 250g | P27: 0 | Q27: 0 | R27: 0 | S27: 0 | T27: 0 | U27: 0 | V27: 0 | W27: 0 | X27: 0 | Y27: 0 | Z27: 0 | AA27: 0 | AB27: =SUM(P27:AA27) -> 0 | AO27: =SUM(AC27:AN27) -> 0
A28: 1kg | B28: Al Fakher Double Apple Classic 1Kg | P28: 0 | Q28: 0 | R28: 0 | S28: 0 | T28: 0 | U28: 0 | V28: 0 | W28: 0 | X28: 0 | Y28: 300 | Z28: 300 | AA28: 300 | AB28: =SUM(P28:AA28) -> 900 | AC28: 300 | AD28: 300 | AE28: 300 | AF28: 300 | AG28: 300 | AH28: 300 | AI28: 300 | AJ28: 300 | AK28: 300 | AL28: 300 | AM28: 300 | AN28: 300 | AO28: =SUM(AC28:AN28) -> 3600
A29: 50g | B29: Al Fakher Italian Lemon Mint 50g | P29: 0 | Q29: 0 | R29: 0 | S29: 0 | T29: 0 | U29: 0 | V29: 0 | W29: 0 | X29: 0 | Y29: 250 | Z29: 250 | AA29: 250 | AB29: =SUM(P29:AA29) -> 750 | AC29: 350 | AD29: 250 | AE29: =AD29*1.05 -> 262.5 | AF29: =AE29*1.05 -> 275.625 | AG29: =AF29*1.05 -> 289.40625 | AH29: =AG29*1.05 -> 303.87656 | AI29: =AH29*1.05 -> 319.07039 | AJ29: =AI29*1.05 -> 335.02391 | AK29: =AJ29*1.05 -> 351.77511 | AL29: 250 | AM29: 250 | AN29: 250 | AO29: =SUM(AC29:AN29) -> 3487.2772
A30: 250g | B30: Al Fakher Italian Lemon Mint 250g | P30: 0 | Q30: 0 | R30: 0 | S30: 0 | T30: 0 | U30: 0 | V30: 0 | W30: 0 | X30: 0 | Y30: 150 | Z30: 150 | AA30: 150 | AB30: =SUM(P30:AA30) -> 450 | AC30: 200 | AD30: 200 | AE30: =AD30*1.05 -> 210 | AF30: =AE30*1.05 -> 220.5 | AG30: =AF30*1.05 -> 231.525 | AH30: =AG30*1.05 -> 243.10125 | AI30: =AH30*1.05 -> 255.25631 | AJ30: =AI30*1.05 -> 268.01913 | AK30: =AJ30*1.05 -> 281.42008 | AL30: 200 | AM30: 200 | AN30: 200 | AO30: =SUM(AC30:AN30) -> 2709.8218
A31: 1kg | B31: Al Fakher Italian Lemon Mint 1Kg | P31: 0 | Q31: 0 | R31: 0 | S31: 0 | T31: 0 | U31: 0 | V31: 0 | W31: 0 | X31: 0 | Y31: 200 | Z31: 200 | AA31: 200 | AB31: =SUM(P31:AA31) -> 600 | AC31: 250 | AD31: 200 | AE31: =AD31*1.05 -> 210 | AF31: =AE31*1.05 -> 220.5 | AG31: =AF31*1.05 -> 231.525 | AH31: =AG31*1.05 -> 243.10125 | AI31: =AH31*1.05 -> 255.25631 | AJ31: =AI31*1.05 -> 268.01913 | AK31: =AJ31*1.05 -> 281.42008 | AL31: 200 | AM31: 200 | AN31: 200 | AO31: =SUM(AC31:AN31) -> 2759.8218
B32: Total without Classic & Italian | C32: =SUM(C3:C23) -> 11590 | D32: =SUM(D3:D23) -> 15030 | E32: =SUM(E3:E23) -> 14920 | F32: =SUM(F3:F23) -> 14980 | G32: =SUM(G3:G23) -> 19145 | H32: =SUM(H3:H23) -> 18495 | I32: =SUM(I3:I23) -> 18300 | J32: =SUM(J3:J23) -> 19130 | ... AO32: =SUM(AO3:AO23) -> 239510.38
AB33: =AB32*6 -> 1383948
B34: Total with Classic & Italian | C34: =SUM(C3:C31) -> 11590 | D34: =SUM(D3:D31) -> 15030 | E34: =SUM(E3:E31) -> 14920 | F34: =SUM(F3:F31) -> 14980 | G34: =SUM(G3:G31) -> 19145 | H34: =SUM(H3:H31) -> 18495 | I34: =SUM(I3:I31) -> 18300 | J34: =SUM(J3:J31) -> 19130 | ... AO34: =SUM(AO3:AO31) -> 252067.3
AB35: =AB34*6 -> 1400148
AB37: =1450000/6 -> 241666.67
K39: =68368*6 -> 410208
K41: =77000*6 -> 462000

Sheet IMS vs FRCST
B2: SKU Name | C2: 45658 | D2: 45689 | E2: 45717 | F2: 45748 | G2: 45778 | H2: 45809 | I2: 45839 | J2: 45870 | K2: 45901 | L2: 45931 | M2: 45962 | N2: 45992 | O2: Total 2025 | P2: 46023 | Q2: 46054 | R2: 46082 | S2: 46113 | T2: 46143 | U2: 46174 | V2: 46204 | W2: 46235 | X2: 46266 | Y2: 46296 | Z2: 46327 | AA2: 46357 | AB2: Total 2026 | AC2: 46388 | AD2: 46419 | AE2: 46447 | AF2: 46478 | AG2: 46508 | AH2: 46539 | AI2: 46569 | AJ2: 46600 | AK2: 46631 | AL2: 46661 | AM2: 46692 | AN2: 46722 | AO2: Total 2027
A3: 1kg | B3: =Forecast!B3 -> Al Fakher Grapes & Mint 1kg | C3: 203 | D3: 47 | E3: 419 | F3: 207 | G3: 144 | H3: 156 | I3: 495 | J3: 172 | K3: 244 | L3: 637 | M3: 101 | N3: 2 | O3: =SUM(C3:N3) -> 2827 | P3: 292 | Q3: 84 | R3: 65 | S3: =Forecast!S3 -> 250 | T3: =Forecast!T3 -> 300 | U3: =Forecast!U3 -> 300 | V3: =Forecast!V3 -> 300 | W3: =Forecast!W3 -> 300 | X3: =Forecast!X3 -> 300 | Y3: =Forecast!Y3 -> 250 | Z3: =Forecast!Z3 -> 250 | AA3: =Forecast!AA3 -> 250 | AB3: =SUM(P3:AA3) -> 2941 | AC3: =Forecast!AC3 -> 250 | AD3: =Forecast!AD3 -> 230 | AE3: =Forecast!AE3 -> 204 | AF3: =Forecast!AF3 -> 255 | AG3: =Forecast!AG3 -> 306 | AH3: =Forecast!AH3 -> 306 | AI3: =Forecast!AI3 -> 306 | AJ3: =Forecast!AJ3 -> 306 | ... AN3: =Forecast!AN3 -> 255 | AO3: =SUM(AC3:AN3) -> 3234 | AP3: =AB3/O3-1 -> 0.040325433
A4: 1kg | B4: =Forecast!B4 -> Al Fakher Grapes 1kg | C4: 685 | D4: 967 | E4: 1041 | F4: 6 | G4: 0 | H4: 185 | I4: 1226 | J4: 60 | K4: 656 | L4: 890 | M4: 716 | N4: 22 | O4: =SUM(C4:N4) -> 6454 | P4: 505 | Q4: 115 | R4: 128 | S4: =Forecast!S4 -> 500 | T4: =Forecast!T4 -> 500 | U4: =Forecast!U4 -> 500 | V4: =Forecast!V4 -> 500 | W4: =Forecast!W4 -> 500 | X4: =Forecast!X4 -> 500 | Y4: =Forecast!Y4 -> 500 | Z4: =Forecast!Z4 -> 400 | AA4: =Forecast!AA4 -> 430 | AB4: =SUM(P4:AA4) -> 5078 | AC4: =Forecast!AC4 -> 800 | AD4: =Forecast!AD4 -> 800 | AE4: =Forecast!AE4 -> 612 | AF4: =Forecast!AF4 -> 510 | AG4: =Forecast!AG4 -> 510 | AH4: =Forecast!AH4 -> 510 | AI4: =Forecast!AI4 -> 510 | AJ4: =Forecast!AJ4 -> 510 | ... AN4: =Forecast!AN4 -> 438.6 | AO4: =SUM(AC4:AN4) -> 6628.6 | AP4: =AB4/O4-1 -> -0.21320112
A5: 1kg | B5: =Forecast!B5 -> Al Fakher Lemon Mint 1kg | C5: 165 | D5: 9 | E5: 587 | F5: 313 | G5: 195 | H5: 242 | I5: 489 | J5: 343 | K5: 348 | L5: 553 | M5: 457 | N5: 85 | O5: =SUM(C5:N5) -> 3786 | P5: 377 | Q5: 138 | R5: 94 | S5: =Forecast!S5 -> 450 | T5: =Forecast!T5 -> 450 | U5: =Forecast!U5 -> 450 | V5: =Forecast!V5 -> 500 | W5: =Forecast!W5 -> 500 | X5: =Forecast!X5 -> 500 | Y5: =Forecast!Y5 -> 450 | Z5: =Forecast!Z5 -> 450 | AA5: =Forecast!AA5 -> 350 | AB5: =SUM(P5:AA5) -> 4709 | AC5: =Forecast!AC5 -> 400 | AD5: =Forecast!AD5 -> 400 | AE5: =Forecast!AE5 -> 408 | AF5: =Forecast!AF5 -> 459 | AG5: =Forecast!AG5 -> 459 | AH5: =Forecast!AH5 -> 459 | AI5: =Forecast!AI5 -> 510 | AJ5: =Forecast!AJ5 -> 510 | ... AN5: =Forecast!AN5 -> 357 | AO5: =SUM(AC5:AN5) -> 5390 | AP5: =AB5/O5-1 -> 0.24379292
A6: 1kg | B6: =Forecast!B6 -> Al Fakher Mint 1kg | C6: 702 | D6: 198 | E6: 920 | F6: 200 | G6: 344 | H6: 65 | I6: 515 | J6: 348 | K6: 406 | L6: 644 | M6: 609 | N6: 56 | O6: =SUM(C6:N6) -> 5007 | P6: 300 | Q6: 49 | R6: 86 | S6: =Forecast!S6 -> 450 | T6: =Forecast!T6 -> 450 | U6: =Forecast!U6 -> 450 | V6: =Forecast!V6 -> 450 | W6: =Forecast!W6 -> 450 | X6: =Forecast!X6 -> 450 | Y6: =Forecast!Y6 -> 450 | Z6: =Forecast!Z6 -> 450 | AA6: =Forecast!AA6 -> 250 | AB6: =SUM(P6:AA6) -> 4285 | AC6: =Forecast!AC6 -> 550 | AD6: =Forecast!AD6 -> 550 | AE6: =Forecast!AE6 -> 561 | AF6: =Forecast!AF6 -> 459 | AG6: =Forecast!AG6 -> 459 | AH6: =Forecast!AH6 -> 459 | AI6: =Forecast!AI6 -> 459 | AJ6: =Forecast!AJ6 -> 459 | ... AN6: =Forecast!AN6 -> 255 | AO6: =SUM(AC6:AN6) -> 5588 | AP6: =AB6/O6-1 -> -0.14419812
A7: 1kg | B7: =Forecast!B7 -> Al Fakher Two apple 1kg | C7: 0 | D7: 5157 | E7: 4029 | F7: 7101 | G7: 0 | H7: 870 | I7: 2311 | J7: 5000 | K7: 3353 | L7: 9975 | M7: 1155 | N7: 4888 | O7: =SUM(C7:N7) -> 43839 | P7: 2699 | Q7: 3455 | R7: 5574 | S7: =Forecast!S7 -> 5000 | T7: =Forecast!T7 -> 5000 | U7: =Forecast!U7 -> 5000 | V7: =Forecast!V7 -> 5500 | W7: =Forecast!W7 -> 5000 | X7: =Forecast!X7 -> 5000 | Y7: =Forecast!Y7 -> 4000 | Z7: =Forecast!Z7 -> 4000 | AA7: =Forecast!AA7 -> 3000 | AB7: =SUM(P7:AA7) -> 53228 | AC7: =Forecast!AC7 -> 4000 | AD7: =Forecast!AD7 -> 4000 | AE7: =Forecast!AE7 -> 3570 | AF7: =Forecast!AF7 -> 5100 | AG7: =Forecast!AG7 -> 5100 | AH7: =Forecast!AH7 -> 5100 | AI7: =Forecast!AI7 -> 5610 | AJ7: =Forecast!AJ7 -> 5100 | ... AN7: =Forecast!AN7 -> 3060 | AO7: =SUM(AC7:AN7) -> 53900 | AP7: =AB7/O7-1 -> 0.21417003
A8: 250g | B8: =Forecast!B8 -> Al Fakher Grapes & Mint 250g | C8: 17 | D8: 21 | E8: 170 | F8: 131 | G8: 119 | H8: 120 | I8: 186 | J8: 177 | K8: 121 | L8: 128 | M8: 45 | N8: 52 | O8: =SUM(C8:N8) -> 1287 | P8: 173 | Q8: 95 | R8: 113 | S8: =Forecast!S8 -> 150 | T8: =Forecast!T8 -> 150 | U8: =Forecast!U8 -> 150 | V8: =Forecast!V8 -> 125 | W8: =Forecast!W8 -> 125 | X8: =Forecast!X8 -> 125 | Y8: =Forecast!Y8 -> 125 | Z8: =Forecast!Z8 -> 125 | AA8: =Forecast!AA8 -> 100 | AB8: =SUM(P8:AA8) -> 1556 | AC8: =Forecast!AC8 -> 125 | AD8: =Forecast!AD8 -> 140 | AE8: =Forecast!AE8 -> 127.5 | AF8: =Forecast!AF8 -> 153 | AG8: =Forecast!AG8 -> 153 | AH8: =Forecast!AH8 -> 153 | AI8: =Forecast!AI8 -> 127.5 | AJ8: =Forecast!AJ8 -> 127.5 | ... AN8: =Forecast!AN8 -> 102 | AO8: =SUM(AC8:AN8) -> 1591 | AP8: =AB8/O8-1 -> 0.20901321
A9: 250g | B9: =Forecast!B9 -> Al Fakher Grapes 250g | C9: 0 | D9: 411 | E9: 381 | F9: 179 | G9: 0 | H9: 331 | I9: 58 | J9: 0 | K9: 463 | L9: 343 | M9: 170 | N9: 31 | O9: =SUM(C9:N9) -> 2367 | P9: 234 | Q9: 48 | R9: 69 | S9: =Forecast!S9 -> 250 | T9: =Forecast!T9 -> 250 | U9: =Forecast!U9 -> 250 | V9: =Forecast!V9 -> 200 | W9: =Forecast!W9 -> 200 | X9: =Forecast!X9 -> 200 | Y9: =Forecast!Y9 -> 200 | Z9: =Forecast!Z9 -> 200 | AA9: =Forecast!AA9 -> 150 | AB9: =SUM(P9:AA9) -> 2251 | AC9: =Forecast!AC9 -> 250 | AD9: =Forecast!AD9 -> 200 | AE9: =Forecast!AE9 -> 204 | AF9: =Forecast!AF9 -> 255 | AG9: =Forecast!AG9 -> 255 | AH9: =Forecast!AH9 -> 255 | AI9: =Forecast!AI9 -> 204 | AJ9: =Forecast!AJ9 -> 204 | ... AN9: =Forecast!AN9 -> 153 | AO9: =SUM(AC9:AN9) -> 2592 | AP9: =AB9/O9-1 -> -0.049007182
A10: 250g | B10: =Forecast!B10 -> Al Fakher Lemon Mint 250g | C10: 0 | D10: 2 | E10: 191 | F10: 233 | G10: 144 | H10: 150 | I10: 133 | J10: 270 | K10: 97 | L10: 308 | M10: 118 | N10: 50 | O10: =SUM(C10:N10) -> 1696 | P10: 245 | Q10: 119 | R10: 82 | S10: =Forecast!S10 -> 175 | T10: =Forecast!T10 -> 175 | U10: =Forecast!U10 -> 200 | V10: =Forecast!V10 -> 200 | W10: =Forecast!W10 -> 200 | X10: =Forecast!X10 -> 200 | Y10: =Forecast!Y10 -> 175 | Z10: =Forecast!Z10 -> 150 | AA10: =Forecast!AA10 -> 150 | AB10: =SUM(P10:AA10) -> 2071 | AC10: =Forecast!AC10 -> 175 | AD10: =Forecast!AD10 -> 175 | AE10: =Forecast!AE10 -> 178.5 | AF10: =Forecast!AF10 -> 178.5 | AG10: =Forecast!AG10 -> 178.5 | AH10: =Forecast!AH10 -> 204 | AI10: =Forecast!AI10 -> 204 | AJ10: =Forecast!AJ10 -> 204 | ... AN10: =Forecast!AN10 -> 153 | AO10: =SUM(AC10:AN10) -> 2186 | AP10: =AB10/O10-1 -> 0.22110849
A11: 250g | B11: =Forecast!B11 -> Al Fakher Two apple 250g | C11: 3023 | D11: 2253 | E11: 2242 | F11: 4299 | G11: 0 | H11: 2351 | I11: 998 | J11: 6457 | K11: 3376 | L11: 4915 | M11: 7421 | N11: 0 | O11: =SUM(C11:N11) -> 37335 | P11: 6920 | Q11: 3648 | R11: 4177 | S11: =Forecast!S11 -> 4500 | T11: =Forecast!T11 -> 4500 | U11: =Forecast!U11 -> 4500 | V11: =Forecast!V11 -> 5000 | W11: =Forecast!W11 -> 5000 | X11: =Forecast!X11 -> 3500 | Y11: =Forecast!Y11 -> 3500 | Z11: =Forecast!Z11 -> 3500 | AA11: =Forecast!AA11 -> 3000 | AB11: =SUM(P11:AA11) -> 51745 | AC11: =Forecast!AC11 -> 5500 | AD11: =Forecast!AD11 -> 5000 | AE11: =Forecast!AE11 -> 5100 | AF11: =Forecast!AF11 -> 4590 | AG11: =Forecast!AG11 -> 4590 | AH11: =Forecast!AH11 -> 4590 | AI11: =Forecast!AI11 -> 5100 | AJ11: =Forecast!AJ11 -> 5100 | ... AN11: =Forecast!AN11 -> 3060 | AO11: =SUM(AC11:AN11) -> 53340 | AP11: =AB11/O11-1 -> 0.38596491
A12: 250g | B12: =Forecast!B12 -> Al Fakher Two Apple Bahraini 250g | C12: 300 | D12: 0 | E12: 555 | F12: 79 | G12: 8 | H12: 264 | I12: 58 | J12: 60 | K12: 537 | L12: 94 | M12: 400 | N12: 50 | O12: =SUM(C12:N12) -> 2405 | P12: 229 | Q12: 26 | R12: 58 | S12: =Forecast!S12 -> 300 | T12: =Forecast!T12 -> 250 | U12: =Forecast!U12 -> 250 | V12: =Forecast!V12 -> 250 | W12: =Forecast!W12 -> 250 | X12: =Forecast!X12 -> 250 | Y12: =Forecast!Y12 -> 200 | Z12: =Forecast!Z12 -> 200 | AA12: =Forecast!AA12 -> 200 | AB12: =SUM(P12:AA12) -> 2463 | AC12: =Forecast!AC12 -> 200 | AD12: =Forecast!AD12 -> 200 | AE12: =Forecast!AE12 -> 204 | AF12: =Forecast!AF12 -> 306 | AG12: =Forecast!AG12 -> 255 | AH12: =Forecast!AH12 -> 255 | AI12: =Forecast!AI12 -> 255 | AJ12: =Forecast!AJ12 -> 255 | ... AN12: =Forecast!AN12 -> 204 | AO12: =SUM(AC12:AN12) -> 2797 | AP12: =AB12/O12-1 -> 0.024116424
A13: 50g | B13: =Forecast!B13 -> Al Fakher Blueberry Mint 50g | C13: 0 | D13: 1 | E13: 0 | F13: 0 | G13: 0 | H13: 25 | I13: 3 | J13: 5 | K13: 20 | L13: 21 | M13: 0 | N13: 0 | O13: =SUM(C13:N13) -> 75 | P13: 0 | Q13: 0 | R13: 0 | S13: =Forecast!S13 -> 0 | T13: =Forecast!T13 -> 0 | U13: =Forecast!U13 -> 0 | V13: =Forecast!V13 -> 0 | W13: =Forecast!W13 -> 0 | X13: =Forecast!X13 -> 0 | Y13: =Forecast!Y13 -> 0 | Z13: =Forecast!Z13 -> 0 | AA13: =Forecast!AA13 -> 0 | AB13: =SUM(P13:AA13) -> 0 | AC13: =Forecast!AC13 -> 0 | AD13: =Forecast!AD13 -> 0 | AE13: =Forecast!AE13 -> 0 | AF13: =Forecast!AF13 -> 0 | AG13: =Forecast!AG13 -> 0 | AH13: =Forecast!AH13 -> 0 | AI13: =Forecast!AI13 -> 0 | AJ13: =Forecast!AJ13 -> 0 | ... AN13: =Forecast!AN13 -> 0 | AO13: =SUM(AC13:AN13) -> 0
A14: 50g | B14: =Forecast!B14 -> Al Fakher Blueberry 50g | C14: 0 | D14: 0 | E14: 5 | F14: 86 | G14: 5 | H14: 14 | I14: 60 | J14: 4 | K14: 74 | L14: 89 | M14: 0 | N14: 0 | O14: =SUM(C14:N14) -> 337 | P14: 13 | Q14: 23 | R14: 42 | S14: =Forecast!S14 -> 30 | T14: =Forecast!T14 -> 60 | U14: =Forecast!U14 -> 60 | V14: =Forecast!V14 -> 60 | W14: =Forecast!W14 -> 60 | X14: =Forecast!X14 -> 60 | Y14: =Forecast!Y14 -> 60 | Z14: =Forecast!Z14 -> 60 | AA14: =Forecast!AA14 -> 30 | AB14: =SUM(P14:AA14) -> 558 | AC14: =Forecast!AC14 -> 150 | AD14: =Forecast!AD14 -> 75 | AE14: =Forecast!AE14 -> 30.6 | AF14: =Forecast!AF14 -> 30.6 | AG14: =Forecast!AG14 -> 61.2 | AH14: =Forecast!AH14 -> 61.2 | AI14: =Forecast!AI14 -> 61.2 | AJ14: =Forecast!AJ14 -> 61.2 | ... AN14: =Forecast!AN14 -> 30.6 | AO14: =SUM(AC14:AN14) -> 745.2 | AP14: =AB14/O14-1 -> 0.65578635
A15: 50g | B15: =Forecast!B15 -> Al Fakher Buble Gum 50g | C15: 0 | D15: 1 | E15: 0 | F15: 1 | G15: 0 | H15: 1 | I15: 0 | J15: 0 | K15: 1 | L15: 24 | M15: 3 | N15: 0 | O15: =SUM(C15:N15) -> 31 | P15: 2 | Q15: 5 | R15: 0 | S15: =Forecast!S15 -> 0 | T15: =Forecast!T15 -> 0 | U15: =Forecast!U15 -> 0 | V15: =Forecast!V15 -> 0 | W15: =Forecast!W15 -> 0 | X15: =Forecast!X15 -> 0 | Y15: =Forecast!Y15 -> 0 | Z15: =Forecast!Z15 -> 0 | AA15: =Forecast!AA15 -> 0 | AB15: =SUM(P15:AA15) -> 7 | AC15: =Forecast!AC15 -> 0 | AD15: =Forecast!AD15 -> 0 | AE15: =Forecast!AE15 -> 0 | AF15: =Forecast!AF15 -> 0 | AG15: =Forecast!AG15 -> 0 | AH15: =Forecast!AH15 -> 0 | AI15: =Forecast!AI15 -> 0 | AJ15: =Forecast!AJ15 -> 0 | ... AN15: =Forecast!AN15 -> 0 | AO15: =SUM(AC15:AN15) -> 0
A16: 50g | B16: =Forecast!B16 -> Al Fakher Grapes & Mint 50g | C16: 224 | D16: 19 | E16: 241 | F16: 156 | G16: 106 | H16: 192 | I16: 188 | J16: 213 | K16: 390 | L16: 389 | M16: 210 | N16: 46 | O16: =SUM(C16:N16) -> 2374 | P16: 223 | Q16: 83 | R16: 67 | S16: =Forecast!S16 -> 243 | T16: =Forecast!T16 -> 139 | U16: =Forecast!U16 -> 270 | V16: =Forecast!V16 -> 270 | W16: =Forecast!W16 -> 270 | X16: =Forecast!X16 -> 250 | Y16: =Forecast!Y16 -> 250 | Z16: =Forecast!Z16 -> 200 | AA16: =Forecast!AA16 -> 200 | AB16: =SUM(P16:AA16) -> 2465 | AC16: =Forecast!AC16 -> 230 | AD16: =Forecast!AD16 -> 230 | AE16: =Forecast!AE16 -> 234.6 | AF16: =Forecast!AF16 -> 247.86 | AG16: =Forecast!AG16 -> 141.78 | AH16: =Forecast!AH16 -> 275.4 | AI16: =Forecast!AI16 -> 275.4 | AJ16: =Forecast!AJ16 -> 275.4 | ... AN16: =Forecast!AN16 -> 204 | AO16: =SUM(AC16:AN16) -> 2828.44 | AP16: =AB16/O16-1 -> 0.038331929
A17: 50g | B17: =Forecast!B17 -> Al Fakher Grapes 50g | C17: 248 | D17: 0 | E17: 800 | F17: 187 | G17: 0 | H17: 354 | I17: 540 | J17: 313 | K17: 256 | L17: 457 | M17: 273 | N17: 58 | O17: =SUM(C17:N17) -> 3486 | P17: 343 | Q17: 90 | R17: 136 | S17: =Forecast!S17 -> 450 | T17: =Forecast!T17 -> 450 | U17: =Forecast!U17 -> 450 | V17: =Forecast!V17 -> 400 | W17: =Forecast!W17 -> 400 | X17: =Forecast!X17 -> 400 | Y17: =Forecast!Y17 -> 350 | Z17: =Forecast!Z17 -> 300 | AA17: =Forecast!AA17 -> 250 | AB17: =SUM(P17:AA17) -> 4019 | AC17: =Forecast!AC17 -> 400 | AD17: =Forecast!AD17 -> 400 | AE17: =Forecast!AE17 -> 367.2 | AF17: =Forecast!AF17 -> 459 | AG17: =Forecast!AG17 -> 459 | AH17: =Forecast!AH17 -> 459 | AI17: =Forecast!AI17 -> 408 | AJ17: =Forecast!AJ17 -> 408 | ... AN17: =Forecast!AN17 -> 255 | AO17: =SUM(AC17:AN17) -> 4686.2 | AP17: =AB17/O17-1 -> 0.1528973
A18: 50g | B18: =Forecast!B18 -> Al Fakher Gum Mint 50g | C18: 0 | D18: 0 | E18: 133 | F18: 97 | G18: 60 | H18: 54 | I18: 0 | J18: 0 | K18: 223 | L18: 0 | M18: 136 | N18: 4 | O18: =SUM(C18:N18) -> 707 | P18: 160 | Q18: 21 | R18: 21 | S18: =Forecast!S18 -> 75 | T18: =Forecast!T18 -> 100 | U18: =Forecast!U18 -> 100 | V18: =Forecast!V18 -> 100 | W18: =Forecast!W18 -> 100 | X18: =Forecast!X18 -> 75 | Y18: =Forecast!Y18 -> 75 | Z18: =Forecast!Z18 -> 75 | AA18: =Forecast!AA18 -> 75 | AB18: =SUM(P18:AA18) -> 977 | AC18: =Forecast!AC18 -> 200 | AD18: =Forecast!AD18 -> 150 | AE18: =Forecast!AE18 -> 25.5 | AF18: =Forecast!AF18 -> 76.5 | AG18: =Forecast!AG18 -> 102 | AH18: =Forecast!AH18 -> 102 | AI18: =Forecast!AI18 -> 102 | AJ18: =Forecast!AJ18 -> 102 | ... AN18: =Forecast!AN18 -> 76.5 | AO18: =SUM(AC18:AN18) -> 1166 | AP18: =AB18/O18-1 -> 0.38189533
A19: 50g | B19: =Forecast!B19 -> Al Fakher Gum 50g | C19: 20 | D19: 11 | E19: 1 | F19: 13 | G19: 6 | H19: 17 | I19: 33 | J19: 1 | K19: 28 | L19: 74 | M19: 44 | N19: 4 | O19: =SUM(C19:N19) -> 252 | P19: 50 | Q19: 2 | R19: 6 | S19: =Forecast!S19 -> 50 | T19: =Forecast!T19 -> 50 | U19: =Forecast!U19 -> 40 | V19: =Forecast!V19 -> 40 | W19: =Forecast!W19 -> 40 | X19: =Forecast!X19 -> 40 | Y19: =Forecast!Y19 -> 30 | Z19: =Forecast!Z19 -> 30 | AA19: =Forecast!AA19 -> 20 | AB19: =SUM(P19:AA19) -> 398 | AC19: =Forecast!AC19 -> 20 | AD19: =Forecast!AD19 -> 20 | AE19: =Forecast!AE19 -> 7.14 | AF19: =Forecast!AF19 -> 51 | AG19: =Forecast!AG19 -> 51 | AH19: =Forecast!AH19 -> 40.8 | AI19: =Forecast!AI19 -> 40.8 | AJ19: =Forecast!AJ19 -> 40.8 | ... AN19: =Forecast!AN19 -> 20.4 | AO19: =SUM(AC19:AN19) -> 393.94 | AP19: =AB19/O19-1 -> 0.57936508
A20: 50g | B20: =Forecast!B20 -> Al Fakher Lemon Mint 50g | C20: 390 | D20: 11 | E20: 143 | F20: 292 | G20: 213 | H20: 104 | I20: 422 | J20: 147 | K20: 214 | L20: 505 | M20: 246 | N20: 62 | O20: =SUM(C20:N20) -> 2749 | P20: 286 | Q20: 88 | R20: 178 | S20: =Forecast!S20 -> 300 | T20: =Forecast!T20 -> 400 | U20: =Forecast!U20 -> 400 | V20: =Forecast!V20 -> 350 | W20: =Forecast!W20 -> 350 | X20: =Forecast!X20 -> 350 | Y20: =Forecast!Y20 -> 250 | Z20: =Forecast!Z20 -> 250 | AA20: =Forecast!AA20 -> 250 | AB20: =SUM(P20:AA20) -> 3452 | AC20: =Forecast!AC20 -> 250 | AD20: =Forecast!AD20 -> 250 | AE20: =Forecast!AE20 -> 153 | AF20: =Forecast!AF20 -> 306 | AG20: =Forecast!AG20 -> 408 | AH20: =Forecast!AH20 -> 408 | AI20: =Forecast!AI20 -> 357 | AJ20: =Forecast!AJ20 -> 357 | ... AN20: =Forecast!AN20 -> 255 | AO20: =SUM(AC20:AN20) -> 3611 | AP20: =AB20/O20-1 -> 0.25572936
A21: 50g | B21: =Forecast!B21 -> Al Fakher Magic Love 50g | C21: 17 | D21: 1 | E21: 9 | F21: 28 | G21: 16 | H21: 72 | I21: 116 | J21: 96 | K21: 103 | L21: 223 | M21: 47 | N21: 2 | O21: =SUM(C21:N21) -> 730 | P21: 54 | Q21: 8 | R21: 43 | S21: =Forecast!S21 -> 50 | T21: =Forecast!T21 -> 40 | U21: =Forecast!U21 -> 80 | V21: =Forecast!V21 -> 80 | W21: =Forecast!W21 -> 80 | X21: =Forecast!X21 -> 75 | Y21: =Forecast!Y21 -> 75 | Z21: =Forecast!Z21 -> 50 | AA21: =Forecast!AA21 -> 50 | AB21: =SUM(P21:AA21) -> 685 | AC21: =Forecast!AC21 -> 30 | AD21: =Forecast!AD21 -> 30 | AE21: =Forecast!AE21 -> 71.4 | AF21: =Forecast!AF21 -> 51 | AG21: =Forecast!AG21 -> 40.8 | AH21: =Forecast!AH21 -> 81.6 | AI21: =Forecast!AI21 -> 81.6 | AJ21: =Forecast!AJ21 -> 81.6 | ... AN21: =Forecast!AN21 -> 51 | AO21: =SUM(AC21:AN21) -> 723 | AP21: =AB21/O21-1 -> -0.061643836
A22: 50g | B22: =Forecast!B22 -> Al Fakher Mint 50g | C22: 0 | D22: 0 | E22: 845 | F22: 401 | G22: 190 | H22: 199 | I22: 450 | J22: 235 | K22: 299 | L22: 498 | M22: 391 | N22: 26 | O22: =SUM(C22:N22) -> 3534 | P22: 339 | Q22: 94 | R22: 113 | S22: =Forecast!S22 -> 400 | T22: =Forecast!T22 -> 400 | U22: =Forecast!U22 -> 400 | V22: =Forecast!V22 -> 400 | W22: =Forecast!W22 -> 400 | X22: =Forecast!X22 -> 400 | Y22: =Forecast!Y22 -> 300 | Z22: =Forecast!Z22 -> 300 | AA22: =Forecast!AA22 -> 200 | AB22: =SUM(P22:AA22) -> 3746 | AC22: =Forecast!AC22 -> 400 | AD22: =Forecast!AD22 -> 300 | AE22: =Forecast!AE22 -> 306 | AF22: =Forecast!AF22 -> 408 | AG22: =Forecast!AG22 -> 408 | AH22: =Forecast!AH22 -> 408 | AI22: =Forecast!AI22 -> 408 | AJ22: =Forecast!AJ22 -> 408 | ... AN22: =Forecast!AN22 -> 204 | AO22: =SUM(AC22:AN22) -> 4270 | AP22: =AB22/O22-1 -> 0.059988681
A23: 50g | B23: =Forecast!B23 -> Al Fakher Two apple 50g | C23: 8790 | D23: 1109 | E23: 8523 | F23: 8187 | G23: 4 | H23: 5001 | I23: 6654 | J23: 3946 | K23: 9735 | L23: 3845 | M23: 10560 | N23: 6450 | O23: =SUM(C23:N23) -> 72804 | P23: 8307 | Q23: 4286 | R23: 6641 | S23: =Forecast!S23 -> 7500 | T23: =Forecast!T23 -> 6500 | U23: =Forecast!U23 -> 6500 | V23: =Forecast!V23 -> 7000 | W23: =Forecast!W23 -> 7000 | X23: =Forecast!X23 -> 6500 | Y23: =Forecast!Y23 -> 6500 | Z23: =Forecast!Z23 -> 6000 | AA23: =Forecast!AA23 -> 4500 | AB23: =SUM(P23:AA23) -> 77234 | AC23: =Forecast!AC23 -> 7500 | AD23: =Forecast!AD23 -> 8000 | AE23: =Forecast!AE23 -> 9180 | AF23: =Forecast!AF23 -> 7650 | AG23: =Forecast!AG23 -> 6630 | AH23: =Forecast!AH23 -> 6630 | AI23: =Forecast!AI23 -> 7140 | AJ23: =Forecast!AJ23 -> 7140 | ... AN23: =Forecast!AN23 -> 4590 | AO23: =SUM(AC23:AN23) -> 83840 | AP23: =AB23/O23-1 -> 0.060848305
A24: 50g | B24: =Forecast!B24 -> Lemonade Mint 50g | K24: 1432 | L24: 0 | M24: =Forecast!M24 -> 0 | N24: =Forecast!N24 -> 0 | O24: =SUM(C24:N24) -> 1432 | P24: =Forecast!P24 -> 0 | Q24: =Forecast!Q24 -> 0 | R24: =Forecast!R24 -> 0 | S24: =Forecast!S24 -> 0 | T24: =Forecast!T24 -> 0 | U24: =Forecast!U24 -> 0 | V24: =Forecast!V24 -> 0 | W24: =Forecast!W24 -> 0 | ... AA24: =Forecast!AA24 -> 0 | AB24: =SUM(P24:AA24) -> 0 | AC24: =Forecast!AC24 -> 0 | AD24: =Forecast!AD24 -> 0 | AE24: =Forecast!AE24 -> 0 | AF24: =Forecast!AF24 -> 0 | AG24: =Forecast!AG24 -> 0 | AH24: =Forecast!AH24 -> 0 | AI24: =Forecast!AI24 -> 0 | AJ24: =Forecast!AJ24 -> 0 | ... AN24: =Forecast!AN24 -> 0 | AO24: =SUM(AC24:AN24) -> 0
A25: 50g | B25: =Forecast!B25 -> Lemonade Pear 50g | K25: 1477 | L25: 0 | M25: =Forecast!M25 -> 0 | N25: =Forecast!N25 -> 0 | O25: =SUM(C25:N25) -> 1477 | P25: =Forecast!P25 -> 0 | Q25: =Forecast!Q25 -> 0 | R25: =Forecast!R25 -> 0 | S25: =Forecast!S25 -> 0 | T25: =Forecast!T25 -> 0 | U25: =Forecast!U25 -> 0 | V25: =Forecast!V25 -> 0 | W25: =Forecast!W25 -> 0 | ... AA25: =Forecast!AA25 -> 0 | AB25: =SUM(P25:AA25) -> 0 | AC25: =Forecast!AC25 -> 0 | AD25: =Forecast!AD25 -> 0 | AE25: =Forecast!AE25 -> 0 | AF25: =Forecast!AF25 -> 0 | AG25: =Forecast!AG25 -> 0 | AH25: =Forecast!AH25 -> 0 | AI25: =Forecast!AI25 -> 0 | AJ25: =Forecast!AJ25 -> 0 | ... AN25: =Forecast!AN25 -> 0 | AO25: =SUM(AC25:AN25) -> 0
A26: 50g | B26: Al Fakher Double Apple Classic 50g | O26: =SUM(C26:N26) -> 0 | P26: =Forecast!P26 -> 0 | Q26: =Forecast!Q26 -> 0 | R26: =Forecast!R26 -> 0 | S26: =Forecast!S26 -> 0 | T26: =Forecast!T26 -> 0 | U26: =Forecast!U26 -> 0 | V26: =Forecast!V26 -> 0 | W26: =Forecast!W26 -> 0 | ... AA26: =Forecast!AA26 -> 0 | AB26: =SUM(P26:AA26) -> 0 | AC26: =Forecast!AC26 -> 0 | AD26: =Forecast!AD26 -> 0 | AE26: =Forecast!AE26 -> 0 | AF26: =Forecast!AF26 -> 0 | AG26: =Forecast!AG26 -> 0 | AH26: =Forecast!AH26 -> 0 | AI26: =Forecast!AI26 -> 0 | AJ26: =Forecast!AJ26 -> 0 | ... AN26: =Forecast!AN26 -> 0 | AO26: =SUM(AC26:AN26) -> 0
A27: 250g | B27: Al Fakher Double Apple Classic 250g | O27: =SUM(C27:N27) -> 0 | P27: =Forecast!P27 -> 0 | Q27: =Forecast!Q27 -> 0 | R27: =Forecast!R27 -> 0 | S27: =Forecast!S27 -> 0 | T27: =Forecast!T27 -> 0 | U27: =Forecast!U27 -> 0 | V27: =Forecast!V27 -> 0 | W27: =Forecast!W27 -> 0 | ... AA27: =Forecast!AA27 -> 0 | AB27: =SUM(P27:AA27) -> 0 | AC27: =Forecast!AC27 -> 0 | AD27: =Forecast!AD27 -> 0 | AE27: =Forecast!AE27 -> 0 | AF27: =Forecast!AF27 -> 0 | AG27: =Forecast!AG27 -> 0 | AH27: =Forecast!AH27 -> 0 | AI27: =Forecast!AI27 -> 0 | AJ27: =Forecast!AJ27 -> 0 | ... AN27: =Forecast!AN27 -> 0 | AO27: =SUM(AC27:AN27) -> 0
A28: 1kg | B28: Al Fakher Double Apple Classic 1Kg | O28: =SUM(C28:N28) -> 0 | P28: =Forecast!P28 -> 0 | Q28: =Forecast!Q28 -> 0 | R28: =Forecast!R28 -> 0 | S28: =Forecast!S28 -> 0 | T28: =Forecast!T28 -> 0 | U28: =Forecast!U28 -> 0 | V28: =Forecast!V28 -> 0 | W28: =Forecast!W28 -> 0 | ... AA28: =Forecast!AA28 -> 300 | AB28: =SUM(P28:AA28) -> 900 | AC28: =Forecast!AC28 -> 300 | AD28: =Forecast!AD28 -> 300 | AE28: =Forecast!AE28 -> 300 | AF28: =Forecast!AF28 -> 300 | AG28: =Forecast!AG28 -> 300 | AH28: =Forecast!AH28 -> 300 | AI28: =Forecast!AI28 -> 300 | AJ28: =Forecast!AJ28 -> 300 | ... AN28: =Forecast!AN28 -> 300 | AO28: =SUM(AC28:AN28) -> 3600
A29: 50g | B29: Al Fakher Italian Lemon Mint 50g | O29: =SUM(C29:N29) -> 0 | P29: =Forecast!P29 -> 0 | Q29: =Forecast!Q29 -> 0 | R29: =Forecast!R29 -> 0 | S29: =Forecast!S29 -> 0 | T29: =Forecast!T29 -> 0 | U29: =Forecast!U29 -> 0 | V29: =Forecast!V29 -> 0 | W29: =Forecast!W29 -> 0 | ... AA29: =Forecast!AA29 -> 250 | AB29: =SUM(P29:AA29) -> 750 | AC29: =Forecast!AC29 -> 350 | AD29: =Forecast!AD29 -> 250 | AE29: =Forecast!AE29 -> 262.5 | AF29: =Forecast!AF29 -> 275.625 | AG29: =Forecast!AG29 -> 289.40625 | AH29: =Forecast!AH29 -> 303.87656 | AI29: =Forecast!AI29 -> 319.07039 | AJ29: =Forecast!AJ29 -> 335.02391 | ... AN29: =Forecast!AN29 -> 250 | AO29: =SUM(AC29:AN29) -> 3487.2772
A30: 250g | B30: Al Fakher Italian Lemon Mint 250g | O30: =SUM(C30:N30) -> 0 | P30: =Forecast!P30 -> 0 | Q30: =Forecast!Q30 -> 0 | R30: =Forecast!R30 -> 0 | S30: =Forecast!S30 -> 0 | T30: =Forecast!T30 -> 0 | U30: =Forecast!U30 -> 0 | V30: =Forecast!V30 -> 0 | W30: =Forecast!W30 -> 0 | ... AA30: =Forecast!AA30 -> 150 | AB30: =SUM(P30:AA30) -> 450 | AC30: =Forecast!AC30 -> 200 | AD30: =Forecast!AD30 -> 200 | AE30: =Forecast!AE30 -> 210 | AF30: =Forecast!AF30 -> 220.5 | AG30: =Forecast!AG30 -> 231.525 | AH30: =Forecast!AH30 -> 243.10125 | AI30: =Forecast!AI30 -> 255.25631 | AJ30: =Forecast!AJ30 -> 268.01913 | ... AN30: =Forecast!AN30 -> 200 | AO30: =SUM(AC30:AN30) -> 2709.8218
A31: 1kg | B31: Al Fakher Italian Lemon Mint 1Kg | O31: =SUM(C31:N31) -> 0 | P31: =Forecast!P31 -> 0 | Q31: =Forecast!Q31 -> 0 | R31: =Forecast!R31 -> 0 | S31: =Forecast!S31 -> 0 | T31: =Forecast!T31 -> 0 | U31: =Forecast!U31 -> 0 | V31: =Forecast!V31 -> 0 | W31: =Forecast!W31 -> 0 | ... AA31: =Forecast!AA31 -> 200 | AB31: =SUM(P31:AA31) -> 600 | AC31: =Forecast!AC31 -> 250 | AD31: =Forecast!AD31 -> 200 | AE31: =Forecast!AE31 -> 210 | AF31: =Forecast!AF31 -> 220.5 | AG31: =Forecast!AG31 -> 231.525 | AH31: =Forecast!AH31 -> 243.10125 | AI31: =Forecast!AI31 -> 255.25631 | AJ31: =Forecast!AJ31 -> 268.01913 | ... AN31: =Forecast!AN31 -> 200 | AO31: =SUM(AC31:AN31) -> 2759.8218
B32: Total without Classic & Italian | C32: =SUM(C3:C31) -> 14784 | D32: =SUM(D3:D31) -> 10218 | E32: =SUM(E3:E31) -> 21235 | F32: =SUM(F3:F31) -> 22196 | G32: =SUM(G3:G31) -> 1554 | H32: =SUM(H3:H31) -> 10767 | I32: =SUM(I3:I31) -> 14935 | J32: =SUM(J3:J31) -> 17847 | ... O32: =SUM(O3:O31) -> 196991 | P32: =SUM(P3:P23) -> 21751 | Q32: =SUM(Q3:Q23) -> 12477 | R32: =SUM(R3:R23) -> 17693 | S32: =SUM(S3:S23) -> 21123 | T32: =SUM(T3:T23) -> 20164 | U32: =SUM(U3:U23) -> 20350 | V32: =SUM(V3:V23) -> 21725 | W32: =SUM(W3:W23) -> 21225 | ... AO32: =SUM(AO3:AO23) -> 239510.38
B34: Total with Classic & Italian | C34: =SUM(C3:C31) -> 14784 | D34: =SUM(D3:D31) -> 10218 | E34: =SUM(E3:E31) -> 21235 | F34: =SUM(F3:F31) -> 22196 | G34: =SUM(G3:G31) -> 1554 | H34: =SUM(H3:H31) -> 10767 | I34: =SUM(I3:I31) -> 14935 | J34: =SUM(J3:J31) -> 17847 | ... AO34: =SUM(AO3:AO31) -> 252067.3
C35: =C32*6 -> 88704 | D35: =D32*6 -> 61308 | E35: =E32*6 -> 127410 | F35: =F32*6 -> 133176 | G35: =G32*6 -> 9324 | H35: =H32*6 -> 64602 | I35: =I32*6 -> 89610 | J35: =J32*6 -> 107082 | ... N35: =N32*6 -> 71328 | P35: =P32*6 -> 130506 | Q35: =Q32*6 -> 74862 | R35: =R32*6 -> 106158 | S35: =S32*6 -> 126738 | T35: =T32*6 -> 120984 | U35: =U32*6 -> 122100 | V35: =V32*6 -> 130350 | W35: =W32*6 -> 127350 | ... AA35: =AA32*6 -> 80730 | AC35: =AC32*6 -> 128580 | AD35: =AD32*6 -> 126900 | AE35: =AE32*6 -> 129266.64 | AF35: =AF32*6 -> 129272.76 | AG35: =AG32*6 -> 123403.68 | AH35: =AH32*6 -> 124542 | AI35: =AI32*6 -> 132957 | AJ35: =AJ32*6 -> 129897 | ... AN35: =AN32*6 -> 82344.6

Sheet IMS +ve Sens
A2: SKU Name | B2: 45658 | C2: 45689 | D2: 45717 | E2: 45748 | F2: 45778 | G2: 45809 | H2: 45839 | I2: 45870 | J2: 45901 | K2: 45931 | L2: 45962 | M2: 45992 | N2: Total 2025 | O2: 46023 | P2: 46054 | Q2: 46082 | R2: 46113 | S2: 46143 | T2: 46174 | U2: 46204 | V2: 46235 | W2: 46266 | X2: 46296 | Y2: 46327 | Z2: 46357 | AA2: Total 2026
A3: Al Fakher Grapes & Mint 1kg | O3: 250 | P3: 250 | Q3: 250 | R3: 280 | S3: 300 | T3: 300 | U3: 300 | V3: 300 | W3: 250 | X3: 250 | Y3: 250 | Z3: 250 | AA3: =SUM(O3:Z3) -> 3230
A4: Al Fakher Grapes 1kg | O4: 800 | P4: 800 | Q4: 800 | R4: 1000 | S4: 1000 | T4: 1000 | U4: 1000 | V4: 1000 | W4: 750 | X4: 700 | Y4: 700 | Z4: 700 | AA4: =SUM(O4:Z4) -> 10250
A5: Al Fakher Lemon Mint 1kg | O5: 500 | P5: 500 | Q5: 500 | R5: 500 | S5: 600 | T5: 600 | U5: 600 | V5: 500 | W5: 300 | X5: 300 | Y5: 300 | Z5: 300 | AA5: =SUM(O5:Z5) -> 5500
A6: Al Fakher Mint 1kg | O6: 550 | P6: 550 | Q6: 550 | R6: 600 | S6: 600 | T6: 600 | U6: 600 | V6: 600 | W6: 500 | X6: 500 | Y6: 500 | Z6: 500 | AA6: =SUM(O6:Z6) -> 6650
A7: Al Fakher Two apple 1kg | O7: 4000 | P7: 3500 | Q7: 3500 | R7: 4000 | S7: 4000 | T7: 4000 | U7: 4000 | V7: 4000 | W7: 4000 | X7: 2500 | Y7: 2500 | Z7: 2200 | AA7: =SUM(O7:Z7) -> 42200
A8: Al Fakher Grapes & Mint 250g | O8: 125 | P8: 125 | Q8: 125 | R8: 150 | S8: 150 | T8: 150 | U8: 200 | V8: 200 | W8: 150 | X8: 125 | Y8: 125 | Z8: 125 | AA8: =SUM(O8:Z8) -> 1750
A9: Al Fakher Grapes 250g | O9: 250 | P9: 250 | Q9: 250 | R9: 300 | S9: 350 | T9: 350 | U9: 300 | V9: 300 | W9: 250 | X9: 200 | Y9: 200 | Z9: 200 | AA9: =SUM(O9:Z9) -> 3200
A10: Al Fakher Lemon Mint 250g | O10: 175 | P10: 200 | Q10: 200 | R10: 200 | S10: 200 | T10: 200 | U10: 200 | V10: 175 | W10: 175 | X10: 150 | Y10: 150 | Z10: 150 | AA10: =SUM(O10:Z10) -> 2175
A11: Al Fakher Two apple 250g | O11: 4500 | P11: 4500 | Q11: 4500 | R11: 4500 | S11: 5000 | T11: 5000 | U11: 5000 | V11: 5000 | W11: 4500 | X11: 4500 | Y11: 4500 | Z11: 4500 | AA11: =SUM(O11:Z11) -> 56000
A12: Al Fakher Two Apple Bahraini 250g | O12: 300 | P12: 300 | Q12: 250 | R12: 300 | S12: 300 | T12: 300 | U12: 300 | V12: 300 | W12: 300 | X12: 300 | Y12: 250 | Z12: 250 | AA12: =SUM(O12:Z12) -> 3450
A13: Al Fakher Blueberry Mint 50g | O13: 0 | P13: 0 | Q13: 0 | R13: 0 | S13: 0 | T13: 0 | U13: 0 | V13: 0 | W13: 0 | X13: 0 | Y13: 0 | Z13: 0 | AA13: =SUM(O13:Z13) -> 0
A14: Al Fakher Blueberry 50g | O14: 60 | P14: 60 | Q14: 60 | R14: 60 | S14: 60 | T14: 60 | U14: 60 | V14: 60 | W14: 30 | X14: 30 | Y14: 30 | Z14: 30 | AA14: =SUM(O14:Z14) -> 600
... A23: Al Fakher Two apple 50g | O23: 8000 | P23: 7000 | Q23: 6000 | R23: 7000 | S23: 7500 | T23: 7500 | U23: 7500 | V23: 7500 | W23: 6000 | X23: 5500 | Y23: 5500 | Z23: 5000 | AA23: =SUM(O23:Z23) -> 80000
A24: =Forecast!B24 -> Lemonade Mint 50g
A25: =Forecast!B25 -> Lemonade Pear 50g
A26: =Forecast!B26 -> Al Fakher Double Apple Classic 50g | AA26: =SUM(O26:Z26) -> 0
A27: =Forecast!B27 -> Al Fakher Double Apple Classic 250g | AA27: =SUM(O27:Z27) -> 0
A28: =Forecast!B28 -> Al Fakher Double Apple Classic 1Kg | AA28: =SUM(O28:Z28) -> 0
A29: =Forecast!B29 -> Al Fakher Italian Lemon Mint 50g | AA29: =SUM(O29:Z29) -> 0
A30: =Forecast!B30 -> Al Fakher Italian Lemon Mint 250g | AA30: =SUM(O30:Z30) -> 0
A31: =Forecast!B31 -> Al Fakher Italian Lemon Mint 1Kg | AA31: =SUM(O31:Z31) -> 0
O32: =SUM(O3:O31) -> 21060 | P32: =SUM(P3:P31) -> 19435 | Q32: =SUM(Q3:Q31) -> 18435 | R32: =SUM(R3:R31) -> 20530 | S32: =SUM(S3:S31) -> 21850 | T32: =SUM(T3:T31) -> 21880 | U32: =SUM(U3:U31) -> 21850 | V32: =SUM(V3:V31) -> 21625 | ... Z32: =SUM(Z3:Z31) -> 15355 | AA32: =SUM(AA3:AA23) -> 233095
O33: 20600 | P33: 20430 | Q33: 19070 | R33: 18640 | S33: 18820 | T33: 18520 | U33: 18295 | V33: 17745 | W33: 16425 | X33: 12415 | Y33: 12340 | Z33: 11790
O34: =O32-O33 -> 460 | P34: =P32-P33 -> -995 | Q34: =Q32-Q33 -> -635 | R34: =R32-R33 -> 1890 | S34: =S32-S33 -> 3030 | T34: =T32-T33 -> 3360 | U34: =U32-U33 -> 3555 | V34: =V32-V33 -> 3880 | ... Z34: =Z32-Z33 -> 3565

Sheet IMS -ve Sens
A2: SKU Name | B2: 45658 | C2: 45689 | D2: 45717 | E2: 45748 | F2: 45778 | G2: 45809 | H2: 45839 | I2: 45870 | J2: 45901 | K2: 45931 | L2: 45962 | M2: 45992 | N2: Total 2025 | O2: 46023 | P2: 46054 | Q2: 46082 | R2: 46113 | S2: 46143 | T2: 46174 | U2: 46204 | V2: 46235 | W2: 46266 | X2: 46296 | Y2: 46327 | Z2: 46357 | AA2: Total 2026
A3: Al Fakher Grapes & Mint 1kg | O3: ='IMS +ve Sens'!O3-('IMS +ve Sens'!O3*12%) -> 220 | P3: ='IMS +ve Sens'!P3-('IMS +ve Sens'!P3*12%) -> 220 | Q3: ='IMS +ve Sens'!Q3-('IMS +ve Sens'!Q3*12%) -> 220 | R3: ='IMS +ve Sens'!R3-('IMS +ve Sens'!R3*12%) -> 246.4 | S3: ='IMS +ve Sens'!S3-('IMS +ve Sens'!S3*12%) -> 264 | T3: ='IMS +ve Sens'!T3-('IMS +ve Sens'!T3*12%) -> 264 | U3: ='IMS +ve Sens'!U3-('IMS +ve Sens'!U3*12%) -> 264 | V3: ='IMS +ve Sens'!V3-('IMS +ve Sens'!V3*12%) -> 264 | ... Z3: ='IMS +ve Sens'!Z3-('IMS +ve Sens'!Z3*12%) -> 220 | AA3: =SUM(O3:Z3) -> 2842.4
A4: Al Fakher Grapes 1kg | O4: ='IMS +ve Sens'!O4-('IMS +ve Sens'!O4*12%) -> 704 | P4: ='IMS +ve Sens'!P4-('IMS +ve Sens'!P4*12%) -> 704 | Q4: ='IMS +ve Sens'!Q4-('IMS +ve Sens'!Q4*12%) -> 704 | R4: ='IMS +ve Sens'!R4-('IMS +ve Sens'!R4*12%) -> 880 | S4: ='IMS +ve Sens'!S4-('IMS +ve Sens'!S4*12%) -> 880 | T4: ='IMS +ve Sens'!T4-('IMS +ve Sens'!T4*12%) -> 880 | U4: ='IMS +ve Sens'!U4-('IMS +ve Sens'!U4*12%) -> 880 | V4: ='IMS +ve Sens'!V4-('IMS +ve Sens'!V4*12%) -> 880 | ... Z4: ='IMS +ve Sens'!Z4-('IMS +ve Sens'!Z4*12%) -> 616 | AA4: =SUM(O4:Z4) -> 9020
A5: Al Fakher Lemon Mint 1kg | O5: ='IMS +ve Sens'!O5-('IMS +ve Sens'!O5*12%) -> 440 | P5: ='IMS +ve Sens'!P5-('IMS +ve Sens'!P5*12%) -> 440 | Q5: ='IMS +ve Sens'!Q5-('IMS +ve Sens'!Q5*12%) -> 440 | R5: ='IMS +ve Sens'!R5-('IMS +ve Sens'!R5*12%) -> 440 | S5: ='IMS +ve Sens'!S5-('IMS +ve Sens'!S5*12%) -> 528 | T5: ='IMS +ve Sens'!T5-('IMS +ve Sens'!T5*12%) -> 528 | U5: ='IMS +ve Sens'!U5-('IMS +ve Sens'!U5*12%) -> 528 | V5: ='IMS +ve Sens'!V5-('IMS +ve Sens'!V5*12%) -> 440 | ... Z5: ='IMS +ve Sens'!Z5-('IMS +ve Sens'!Z5*12%) -> 264 | AA5: =SUM(O5:Z5) -> 4840
A6: Al Fakher Mint 1kg | O6: ='IMS +ve Sens'!O6-('IMS +ve Sens'!O6*12%) -> 484 | P6: ='IMS +ve Sens'!P6-('IMS +ve Sens'!P6*12%) -> 484 | Q6: ='IMS +ve Sens'!Q6-('IMS +ve Sens'!Q6*12%) -> 484 | R6: ='IMS +ve Sens'!R6-('IMS +ve Sens'!R6*12%) -> 528 | S6: ='IMS +ve Sens'!S6-('IMS +ve Sens'!S6*12%) -> 528 | T6: ='IMS +ve Sens'!T6-('IMS +ve Sens'!T6*12%) -> 528 | U6: ='IMS +ve Sens'!U6-('IMS +ve Sens'!U6*12%) -> 528 | V6: ='IMS +ve Sens'!V6-('IMS +ve Sens'!V6*12%) -> 528 | ... Z6: ='IMS +ve Sens'!Z6-('IMS +ve Sens'!Z6*12%) -> 440 | AA6: =SUM(O6:Z6) -> 5852
A7: Al Fakher Two apple 1kg | O7: ='IMS +ve Sens'!O7-('IMS +ve Sens'!O7*12%) -> 3520 | P7: ='IMS +ve Sens'!P7-('IMS +ve Sens'!P7*12%) -> 3080 | Q7: ='IMS +ve Sens'!Q7-('IMS +ve Sens'!Q7*12%) -> 3080 | R7: ='IMS +ve Sens'!R7-('IMS +ve Sens'!R7*12%) -> 3520 | S7: ='IMS +ve Sens'!S7-('IMS +ve Sens'!S7*12%) -> 3520 | T7: ='IMS +ve Sens'!T7-('IMS +ve Sens'!T7*12%) -> 3520 | U7: ='IMS +ve Sens'!U7-('IMS +ve Sens'!U7*12%) -> 3520 | V7: ='IMS +ve Sens'!V7-('IMS +ve Sens'!V7*12%) -> 3520 | ... Z7: ='IMS +ve Sens'!Z7-('IMS +ve Sens'!Z7*12%) -> 1936 | AA7: =SUM(O7:Z7) -> 37136
A8: Al Fakher Grapes & Mint 250g | O8: ='IMS +ve Sens'!O8-('IMS +ve Sens'!O8*12%) -> 110 | P8: ='IMS +ve Sens'!P8-('IMS +ve Sens'!P8*12%) -> 110 | Q8: ='IMS +ve Sens'!Q8-('IMS +ve Sens'!Q8*12%) -> 110 | R8: ='IMS +ve Sens'!R8-('IMS +ve Sens'!R8*12%) -> 132 | S8: ='IMS +ve Sens'!S8-('IMS +ve Sens'!S8*12%) -> 132 | T8: ='IMS +ve Sens'!T8-('IMS +ve Sens'!T8*12%) -> 132 | U8: ='IMS +ve Sens'!U8-('IMS +ve Sens'!U8*12%) -> 176 | V8: ='IMS +ve Sens'!V8-('IMS +ve Sens'!V8*12%) -> 176 | ... Z8: ='IMS +ve Sens'!Z8-('IMS +ve Sens'!Z8*12%) -> 110 | AA8: =SUM(O8:Z8) -> 1540
A9: Al Fakher Grapes 250g | O9: ='IMS +ve Sens'!O9-('IMS +ve Sens'!O9*12%) -> 220 | P9: ='IMS +ve Sens'!P9-('IMS +ve Sens'!P9*12%) -> 220 | Q9: ='IMS +ve Sens'!Q9-('IMS +ve Sens'!Q9*12%) -> 220 | R9: ='IMS +ve Sens'!R9-('IMS +ve Sens'!R9*12%) -> 264 | S9: ='IMS +ve Sens'!S9-('IMS +ve Sens'!S9*12%) -> 308 | T9: ='IMS +ve Sens'!T9-('IMS +ve Sens'!T9*12%) -> 308 | U9: ='IMS +ve Sens'!U9-('IMS +ve Sens'!U9*12%) -> 264 | V9: ='IMS +ve Sens'!V9-('IMS +ve Sens'!V9*12%) -> 264 | ... Z9: ='IMS +ve Sens'!Z9-('IMS +ve Sens'!Z9*12%) -> 176 | AA9: =SUM(O9:Z9) -> 2816
A10: Al Fakher Lemon Mint 250g | O10: ='IMS +ve Sens'!O10-('IMS +ve Sens'!O10*12%) -> 154 | P10: ='IMS +ve Sens'!P10-('IMS +ve Sens'!P10*12%) -> 176 | Q10: ='IMS +ve Sens'!Q10-('IMS +ve Sens'!Q10*12%) -> 176 | R10: ='IMS +ve Sens'!R10-('IMS +ve Sens'!R10*12%) -> 176 | S10: ='IMS +ve Sens'!S10-('IMS +ve Sens'!S10*12%) -> 176 | T10: ='IMS +ve Sens'!T10-('IMS +ve Sens'!T10*12%) -> 176 | U10: ='IMS +ve Sens'!U10-('IMS +ve Sens'!U10*12%) -> 176 | V10: ='IMS +ve Sens'!V10-('IMS +ve Sens'!V10*12%) -> 154 | ... Z10: ='IMS +ve Sens'!Z10-('IMS +ve Sens'!Z10*12%) -> 132 | AA10: =SUM(O10:Z10) -> 1914
A11: Al Fakher Two apple 250g | O11: ='IMS +ve Sens'!O11-('IMS +ve Sens'!O11*12%) -> 3960 | P11: ='IMS +ve Sens'!P11-('IMS +ve Sens'!P11*12%) -> 3960 | Q11: ='IMS +ve Sens'!Q11-('IMS +ve Sens'!Q11*12%) -> 3960 | R11: ='IMS +ve Sens'!R11-('IMS +ve Sens'!R11*12%) -> 3960 | S11: ='IMS +ve Sens'!S11-('IMS +ve Sens'!S11*12%) -> 4400 | T11: ='IMS +ve Sens'!T11-('IMS +ve Sens'!T11*12%) -> 4400 | U11: ='IMS +ve Sens'!U11-('IMS +ve Sens'!U11*12%) -> 4400 | V11: ='IMS +ve Sens'!V11-('IMS +ve Sens'!V11*12%) -> 4400 | ... Z11: ='IMS +ve Sens'!Z11-('IMS +ve Sens'!Z11*12%) -> 3960 | AA11: =SUM(O11:Z11) -> 49280
A12: Al Fakher Two Apple Bahraini 250g | O12: ='IMS +ve Sens'!O12-('IMS +ve Sens'!O12*12%) -> 264 | P12: ='IMS +ve Sens'!P12-('IMS +ve Sens'!P12*12%) -> 264 | Q12: ='IMS +ve Sens'!Q12-('IMS +ve Sens'!Q12*12%) -> 220 | R12: ='IMS +ve Sens'!R12-('IMS +ve Sens'!R12*12%) -> 264 | S12: ='IMS +ve Sens'!S12-('IMS +ve Sens'!S12*12%) -> 264 | T12: ='IMS +ve Sens'!T12-('IMS +ve Sens'!T12*12%) -> 264 | U12: ='IMS +ve Sens'!U12-('IMS +ve Sens'!U12*12%) -> 264 | V12: ='IMS +ve Sens'!V12-('IMS +ve Sens'!V12*12%) -> 264 | ... Z12: ='IMS +ve Sens'!Z12-('IMS +ve Sens'!Z12*12%) -> 220 | AA12: =SUM(O12:Z12) -> 3036
A13: Al Fakher Blueberry Mint 50g | O13: ='IMS +ve Sens'!O13-('IMS +ve Sens'!O13*12%) -> 0 | P13: ='IMS +ve Sens'!P13-('IMS +ve Sens'!P13*12%) -> 0 | Q13: ='IMS +ve Sens'!Q13-('IMS +ve Sens'!Q13*12%) -> 0 | R13: ='IMS +ve Sens'!R13-('IMS +ve Sens'!R13*12%) -> 0 | S13: ='IMS +ve Sens'!S13-('IMS +ve Sens'!S13*12%) -> 0 | T13: ='IMS +ve Sens'!T13-('IMS +ve Sens'!T13*12%) -> 0 | U13: ='IMS +ve Sens'!U13-('IMS +ve Sens'!U13*12%) -> 0 | V13: ='IMS +ve Sens'!V13-('IMS +ve Sens'!V13*12%) -> 0 | ... Z13: ='IMS +ve Sens'!Z13-('IMS +ve Sens'!Z13*12%) -> 0 | AA13: =SUM(O13:Z13) -> 0
A14: Al Fakher Blueberry 50g | O14: ='IMS +ve Sens'!O14-('IMS +ve Sens'!O14*12%) -> 52.8 | P14: ='IMS +ve Sens'!P14-('IMS +ve Sens'!P14*12%) -> 52.8 | Q14: ='IMS +ve Sens'!Q14-('IMS +ve Sens'!Q14*12%) -> 52.8 | R14: ='IMS +ve Sens'!R14-('IMS +ve Sens'!R14*12%) -> 52.8 | S14: ='IMS +ve Sens'!S14-('IMS +ve Sens'!S14*12%) -> 52.8 | T14: ='IMS +ve Sens'!T14-('IMS +ve Sens'!T14*12%) -> 52.8 | U14: ='IMS +ve Sens'!U14-('IMS +ve Sens'!U14*12%) -> 52.8 | V14: ='IMS +ve Sens'!V14-('IMS +ve Sens'!V14*12%) -> 52.8 | ... Z14: ='IMS +ve Sens'!Z14-('IMS +ve Sens'!Z14*12%) -> 26.4 | AA14: =SUM(O14:Z14) -> 528
... A23: Al Fakher Two apple 50g | O23: ='IMS +ve Sens'!O23-('IMS +ve Sens'!O23*12%) -> 7040 | P23: ='IMS +ve Sens'!P23-('IMS +ve Sens'!P23*12%) -> 6160 | Q23: ='IMS +ve Sens'!Q23-('IMS +ve Sens'!Q23*12%) -> 5280 | R23: ='IMS +ve Sens'!R23-('IMS +ve Sens'!R23*12%) -> 6160 | S23: ='IMS +ve Sens'!S23-('IMS +ve Sens'!S23*12%) -> 6600 | T23: ='IMS +ve Sens'!T23-('IMS +ve Sens'!T23*12%) -> 6600 | U23: ='IMS +ve Sens'!U23-('IMS +ve Sens'!U23*12%) -> 6600 | V23: ='IMS +ve Sens'!V23-('IMS +ve Sens'!V23*12%) -> 6600 | ... Z23: ='IMS +ve Sens'!Z23-('IMS +ve Sens'!Z23*12%) -> 4400 | AA23: =SUM(O23:Z23) -> 70400
O24: ='IMS +ve Sens'!O32-('IMS +ve Sens'!O32*12%) -> 18532.8 | P24: ='IMS +ve Sens'!P32-('IMS +ve Sens'!P32*12%) -> 17102.8 | Q24: ='IMS +ve Sens'!Q32-('IMS +ve Sens'!Q32*12%) -> 16222.8 | R24: ='IMS +ve Sens'!R32-('IMS +ve Sens'!R32*12%) -> 18066.4 | S24: ='IMS +ve Sens'!S32-('IMS +ve Sens'!S32*12%) -> 19228 | T24: ='IMS +ve Sens'!T32-('IMS +ve Sens'!T32*12%) -> 19254.4 | U24: ='IMS +ve Sens'!U32-('IMS +ve Sens'!U32*12%) -> 19228 | V24: ='IMS +ve Sens'!V32-('IMS +ve Sens'!V32*12%) -> 19030 | ... Z24: ='IMS +ve Sens'!Z32-('IMS +ve Sens'!Z32*12%) -> 13512.4 | AA24: =SUM(O24:Z24) -> 205123.6

Sheet Shipment (Production)
B2: SKU Name | C2: 45658 | H2: 45689 | M2: 45717 | R2: 45748 | W2: 45778 | AB2: 45809 | AG2: 45839 | AL2: 45870 | AQ2: 45901 | AV2: 45931 | BA2: 45962 | BF2: 45992 | BK2: Total 2025 | BL2: 46023 | BQ2: 46054 | BV2: 46082 | CA2: 46113 | CF2: 46143 | CK2: 46174 | CP2: 46204 | CU2: 46235 | CZ2: 46266 | DE2: 46296 | DJ2: 46327 | DO2: 46357 | DT2: Total 2026 | DU2: 46388 | DZ2: 46419 | EE2: 46447 | EJ2: 46478 | EO2: 46508 | ET2: 46539 | EY2: 46569 | FD2: 46600 | FI2: 46631 | FN2: 46661 | FS2: 46692 | FX2: 46722 | GC2: Total 2026
C3: W1 | D3: W2 | E3: W3 | F3: W4 | G3: Total | H3: W1 | I3: W2 | J3: W3 | K3: W4 | L3: Total | M3: W1 | N3: W2 | O3: W3 | P3: W4 | Q3: Total | R3: W1 | S3: W2 | T3: W3 | U3: W4 | V3: Total | W3: W1 | X3: W2 | Y3: W3 | Z3: W4 | AA3: Total | AB3: W1 | AC3: W2 | AD3: W3 | AE3: W4 | AF3: Total | AG3: W1 | AH3: W2 | AI3: W3 | AJ3: W4 | AK3: Total | AL3: W1 | AM3: W2 | AN3: W3 | AO3: W4 | AP3: Total | AQ3: W1 | AR3: W2 | AS3: W3 | AT3: W4 | AU3: Total | AV3: W1 | AW3: W2 | AX3: W3 | AY3: W4 | AZ3: Total | BA3: W1 | BB3: W2 | BC3: W3 | BD3: W4 | BE3: Total | BF3: W1 | BG3: W2 | BH3: W3 | BI3: W4 | BJ3: Total | BL3: W1 | BM3: W2 | BN3: W3 | BO3: W4 | BP3: Total | BQ3: W1 | BR3: W2 | BS3: W3 | BT3: W4 | BU3: Total | BV3: W1 | BW3: W2 | BX3: W3 | BY3: W4 | BZ3: Total | CA3: W1 | CB3: W2 | CC3: W3 | CD3: W4 | CE3: Total | CF3: W1 | CG3: W2 | CH3: W3 | CI3: W4 | CJ3: Total | CK3: W1 | CL3: W2 | CM3: W3 | CN3: W4 | CO3: Total | CP3: W1 | CQ3: W2 | CR3: W3 | CS3: W4 | CT3: Total | CU3: W1 | CV3: W2 | CW3: W3 | CX3: W4 | CY3: Total | CZ3: W1 | DA3: W2 | DB3: W3 | DC3: W4 | DD3: Total | DE3: W1 | DF3: W2 | DG3: W3 | DH3: W4 | DI3: Total | DJ3: W1 | DK3: W2 | DL3: W3 | DM3: W4 | DN3: Total | DO3: W1 | DP3: W2 | DQ3: W3 | DR3: W4 | DS3: Total | DU3: W1 | DV3: W2 | DW3: W3 | DX3: W4 | DY3: Total | DZ3: W1 | EA3: W2 | EB3: W3 | EC3: W4 | ED3: Total | EE3: W1 | EF3: W2 | EG3: W3 | EH3: W4 | EI3: Total | EJ3: W1 | EK3: W2 | EL3: W3 | EM3: W4 | EN3: Total | EO3: W1 | EP3: W2 | EQ3: W3 | ER3: W4 | ES3: Total | ET3: W1 | EU3: W2 | EV3: W3 | EW3: W4 | EX3: Total | EY3: W1 | EZ3: W2 | FA3: W3 | FB3: W4 | FC3: Total | FD3: W1 | FE3: W2 | FF3: W3 | FG3: W4 | FH3: Total | FI3: W1 | FJ3: W2 | FK3: W3 | FL3: W4 | FM3: Total | FN3: W1 | FO3: W2 | FP3: W3 | FQ3: W4 | FR3: Total | FS3: W1 | FT3: W2 | FU3: W3 | FV3: W4 | FW3: Total | FX3: W1 | FY3: W2 | FZ3: W3 | GA3: W4 | GB3: Total
A4: 1kg | B4: Al Fakher Grapes & Mint 1kg | F4: 250 | G4: =SUM(C4:F4) -> 250 | L4: =SUM(H4:K4) -> 0 | P4: 770 | Q4: =SUM(M4:P4) -> 770 | V4: =SUM(R4:U4) -> 0 | AA4: =SUM(W4:Z4) -> 0 | AE4: 964 | AF4: =SUM(AB4:AE4) -> 964 | AK4: =SUM(AG4:AJ4) -> 0 | AO4: 261 | AP4: =SUM(AL4:AO4) -> 261 | AT4: 580 | AU4: =SUM(AQ4:AT4) -> 580 | AZ4: =SUM(AV4:AY4) -> 0 | BD4: 243 | BE4: =SUM(BA4:BD4) -> 243 | BI4: 497 | BJ4: =SUM(BF4:BI4) -> 497 | BK4: =G4+L4+Q4+V4+AA4+AF4+AK4+AP4+AU4+AZ4+BE4+BJ4 -> 3565 | BP4: =SUM(BL4:BO4) -> 0 | BT4: 200 | BU4: =SUM(BQ4:BT4) -> 200 | BY4: 380 | BZ4: =SUM(BV4:BY4) -> 380 | CE4: =SUM(CA4:CD4) -> 0 | CI4: 300 | CJ4: =SUM(CF4:CI4) -> 300 | CN4: 300 | CO4: =SUM(CK4:CN4) -> 300 | CS4: 200 | CT4: =SUM(CP4:CS4) -> 200 | CX4: 300 | CY4: =SUM(CU4:CX4) -> 300 | DC4: 300 | DD4: =SUM(CZ4:DC4) -> 300 | DH4: 250 | DI4: =SUM(DE4:DH4) -> 250 | DM4: 250 | DN4: =SUM(DJ4:DM4) -> 250 | DS4: =SUM(DO4:DR4) -> 0 | DT4: =BP4+BU4+BZ4+CE4+CJ4+CO4+CT4+CY4+DD4+DI4+DN4+DS4 -> 2480 | DU4: 250 | DY4: =SUM(DU4:DX4) -> 250 | DZ4: 230 | ED4: =SUM(DZ4:EC4) -> 230 | EE4: 244.8 | EI4: =SUM(EE4:EH4) -> 244.8 | EJ4: 285.6 | EN4: =SUM(EJ4:EM4) -> 285.6 | EO4: 306 | ES4: =SUM(EO4:ER4) -> 306 | ET4: 306 | EX4: =SUM(ET4:EW4) -> 306 | EY4: 306 | FC4: =SUM(EY4:FB4) -> 306 | FD4: 306 | FH4: =SUM(FD4:FG4) -> 306 | FI4: 255 | FM4: =SUM(FI4:FL4) -> 255 | FN4: 255 | FR4: =SUM(FN4:FQ4) -> 255 | FS4: 255 | FW4: =SUM(FS4:FV4) -> 255 | FX4: 255 | GB4: =SUM(FX4:GA4) -> 255 | GC4: =DU4+ED4+EI4+EN4+ES4+EX4+FC4+FH4+FM4+FR4+FW4+GB4 -> 3254.4
A5: 1kg | B5: Al Fakher Grapes 1kg | F5: 699 | G5: =SUM(C5:F5) -> 699 | K5: 1000 | L5: =SUM(H5:K5) -> 1000 | P5: 1000 | Q5: =SUM(M5:P5) -> 1000 | V5: =SUM(R5:U5) -> 0 | AA5: =SUM(W5:Z5) -> 0 | AE5: 518 | AF5: =SUM(AB5:AE5) -> 518 | AJ5: 953 | AK5: =SUM(AG5:AJ5) -> 953 | AO5: 600 | AP5: =SUM(AL5:AO5) -> 600 | AR5: 1000 | AT5: 680 | AU5: =SUM(AQ5:AT5) -> 1680 | AZ5: =SUM(AV5:AY5) -> 0 | BD5: 680 | BE5: =SUM(BA5:BD5) -> 680 | BI5: 2102 | BJ5: =SUM(BF5:BI5) -> 2102 | BK5: =G5+L5+Q5+V5+AA5+AF5+AK5+AP5+AU5+AZ5+BE5+BJ5 -> 9232 | BP5: =SUM(BL5:BO5) -> 0 | BU5: =SUM(BQ5:BT5) -> 0 | BY5: 800 | BZ5: =SUM(BV5:BY5) -> 800 | CD5: 1000 | CE5: =SUM(CA5:CD5) -> 1000 | CH5: 600 | CJ5: =SUM(CF5:CI5) -> 600 | CM5: 400 | CO5: =SUM(CK5:CN5) -> 400 | CT5: =SUM(CP5:CS5) -> 0 | CY5: =SUM(CU5:CX5) -> 0 | DD5: =SUM(CZ5:DC5) -> 0 | DI5: =SUM(DE5:DH5) -> 0 | DN5: =SUM(DJ5:DM5) -> 0 | DS5: =SUM(DO5:DR5) -> 0 | DT5: =BP5+BU5+BZ5+CE5+CJ5+CO5+CT5+CY5+DD5+DI5+DN5+DS5 -> 2800 | DU5: 800 | DY5: =SUM(DU5:DX5) -> 800 | DZ5: 800 | ED5: =SUM(DZ5:EC5) -> 800 | EE5: 816 | EI5: =SUM(EE5:EH5) -> 816 | EJ5: 918 | EN5: =SUM(EJ5:EM5) -> 918 | EO5: 918 | ES5: =SUM(EO5:ER5) -> 918 | ET5: 918 | EX5: =SUM(ET5:EW5) -> 918 | EY5: 918 | FC5: =SUM(EY5:FB5) -> 918 | FD5: 918 | FH5: =SUM(FD5:FG5) -> 918 | FI5: 714 | FM5: =SUM(FI5:FL5) -> 714 | FN5: 714 | FR5: =SUM(FN5:FQ5) -> 714 | FS5: 714 | FW5: =SUM(FS5:FV5) -> 714 | FX5: 714 | GB5: =SUM(FX5:GA5) -> 714 | GC5: =DU5+ED5+EI5+EN5+ES5+EX5+FC5+FH5+FM5+FR5+FW5+GB5 -> 9862
A6: 1kg | B6: Al Fakher Lemon Mint 1kg | F6: 74 | G6: =SUM(C6:F6) -> 74 | K6: 900 | L6: =SUM(H6:K6) -> 900 | P6: 670 | Q6: =SUM(M6:P6) -> 670 | V6: =SUM(R6:U6) -> 0 | AA6: =SUM(W6:Z6) -> 0 | AF6: =SUM(AB6:AE6) -> 0 | AJ6: 601 | AK6: =SUM(AG6:AJ6) -> 601 | AO6: 348 | AP6: =SUM(AL6:AO6) -> 348 | AT6: 600 | AU6: =SUM(AQ6:AT6) -> 600 | AW6: 410 | AZ6: =SUM(AV6:AY6) -> 410 | BD6: 410 | BE6: =SUM(BA6:BD6) -> 410 | BI6: 385 | BJ6: =SUM(BF6:BI6) -> 385 | BK6: =G6+L6+Q6+V6+AA6+AF6+AK6+AP6+AU6+AZ6+BE6+BJ6 -> 4398 | BO6: 200 | BP6: =SUM(BL6:BO6) -> 200 | BT6: 400 | BU6: =SUM(BQ6:BT6) -> 400 | BY6: 400 | BZ6: =SUM(BV6:BY6) -> 400 | CD6: 600 | CE6: =SUM(CA6:CD6) -> 600 | CI6: 600 | CJ6: =SUM(CF6:CI6) -> 600 | CN6: 766 | CO6: =SUM(CK6:CN6) -> 766 | CT6: =SUM(CP6:CS6) -> 0 | CW6: 400 | CY6: =SUM(CU6:CX6) -> 400 | DB6: 300 | DD6: =SUM(CZ6:DC6) -> 300 | DH6: 300 | DI6: =SUM(DE6:DH6) -> 300 | DM6: 500 | DN6: =SUM(DJ6:DM6) -> 500 | DS6: =SUM(DO6:DR6) -> 0 | DT6: =BP6+BU6+BZ6+CE6+CJ6+CO6+CT6+CY6+DD6+DI6+DN6+DS6 -> 4466 | DU6: 400 | DY6: =SUM(DU6:DX6) -> 400 | DZ6: 400 | ED6: =SUM(DZ6:EC6) -> 400 | EE6: 408 | EI6: =SUM(EE6:EH6) -> 408 | EJ6: 510 | EN6: =SUM(EJ6:EM6) -> 510 | EO6: 612 | ES6: =SUM(EO6:ER6) -> 612 | ET6: 612 | EX6: =SUM(ET6:EW6) -> 612 | EY6: 612 | FC6: =SUM(EY6:FB6) -> 612 | FD6: 510 | FH6: =SUM(FD6:FG6) -> 510 | FI6: 306 | FM6: =SUM(FI6:FL6) -> 306 | FN6: 306 | FR6: =SUM(FN6:FQ6) -> 306 | FS6: 306 | FW6: =SUM(FS6:FV6) -> 306 | FX6: 306 | GB6: =SUM(FX6:GA6) -> 306 | GC6: =DU6+ED6+EI6+EN6+ES6+EX6+FC6+FH6+FM6+FR6+FW6+GB6 -> 5288
A7: 1kg | B7: Al Fakher Mint 1kg | F7: 749 | G7: =SUM(C7:F7) -> 749 | K7: 680 | L7: =SUM(H7:K7) -> 680 | P7: 1000 | Q7: =SUM(M7:P7) -> 1000 | V7: =SUM(R7:U7) -> 0 | AA7: =SUM(W7:Z7) -> 0 | AF7: =SUM(AB7:AE7) -> 0 | AJ7: 1499 | AK7: =SUM(AG7:AJ7) -> 1499 | AP7: =SUM(AL7:AO7) -> 0 | AT7: 839 | AU7: =SUM(AQ7:AT7) -> 839 | AW7: 510 | AZ7: =SUM(AV7:AY7) -> 510 | BD7: 510 | BE7: =SUM(BA7:BD7) -> 510 | BI7: 739 | BJ7: =SUM(BF7:BI7) -> 739 | BK7: =G7+L7+Q7+V7+AA7+AF7+AK7+AP7+AU7+AZ7+BE7+BJ7 -> 6526 | BO7: 114 | BP7: =SUM(BL7:BO7) -> 114 | BT7: 550 | BU7: =SUM(BQ7:BT7) -> 550 | BY7: 400 | BZ7: =SUM(BV7:BY7) -> 400 | CD7: 650 | CE7: =SUM(CA7:CD7) -> 650 | CI7: 550 | CJ7: =SUM(CF7:CI7) -> 550 | CN7: 300 | CO7: =SUM(CK7:CN7) -> 300 | CT7: =SUM(CP7:CS7) -> 0 | CY7: =SUM(CU7:CX7) -> 0 | DD7: =SUM(CZ7:DC7) -> 0 | DH7: 350 | DI7: =SUM(DE7:DH7) -> 350 | DM7: 300 | DN7: =SUM(DJ7:DM7) -> 300 | DP7: 200 | DS7: =SUM(DO7:DR7) -> 200 | DT7: =BP7+BU7+BZ7+CE7+CJ7+CO7+CT7+CY7+DD7+DI7+DN7+DS7 -> 3414 | DU7: 550 | DY7: =SUM(DU7:DX7) -> 550 | DZ7: 550 | ED7: =SUM(DZ7:EC7) -> 550 | EE7: 561 | EI7: =SUM(EE7:EH7) -> 561 | EJ7: 561 | EN7: =SUM(EJ7:EM7) -> 561 | EO7: 561 | ES7: =SUM(EO7:ER7) -> 561 | ET7: 561 | EX7: =SUM(ET7:EW7) -> 561 | EY7: 561 | FC7: =SUM(EY7:FB7) -> 561 | FD7: 561 | FH7: =SUM(FD7:FG7) -> 561 | FI7: 510 | FM7: =SUM(FI7:FL7) -> 510 | FN7: 510 | FR7: =SUM(FN7:FQ7) -> 510 | FS7: 510 | FW7: =SUM(FS7:FV7) -> 510 | FX7: 510 | GB7: =SUM(FX7:GA7) -> 510 | GC7: =DU7+ED7+EI7+EN7+ES7+EX7+FC7+FH7+FM7+FR7+FW7+GB7 -> 6506
A8: 1kg | B8: Al Fakher Two apple 1kg | F8: 550 | G8: =SUM(C8:F8) -> 550 | K8: 6264 | L8: =SUM(H8:K8) -> 6264 | P8: 9654 | Q8: =SUM(M8:P8) -> 9654 | V8: =SUM(R8:U8) -> 0 | AA8: =SUM(W8:Z8) -> 0 | AE8: 3000 | AF8: =SUM(AB8:AE8) -> 3000 | AJ8: 5000 | AK8: =SUM(AG8:AJ8) -> 5000 | AN8: 1000 | AO8: 2500 | AP8: =SUM(AL8:AO8) -> 3500 | AT8: 5264 | AU8: =SUM(AQ8:AT8) -> 5264 | AV8: 4736 | AY8: 1202 | AZ8: =SUM(AV8:AY8) -> 5938 | BC8: 3800 | BD8: 1000 | BE8: =SUM(BA8:BD8) -> 4800 | BI8: 2583 | BJ8: =SUM(BF8:BI8) -> 2583 | BK8: =G8+L8+Q8+V8+AA8+AF8+AK8+AP8+AU8+AZ8+BE8+BJ8 -> 46553 | BN8: 2000 | BO8: 1500 | BP8: =SUM(BL8:BO8) -> 3500 | BS8: 4000 | BT8: 3182 | BU8: =SUM(BQ8:BT8) -> 7182 | BX8: 1818 | BY8: 1000 | BZ8: =SUM(BV8:BY8) -> 2818 | CC8: 5000 | CD8: 700 | CE8: =SUM(CA8:CD8) -> 5700 | CH8: 6500 | CJ8: =SUM(CF8:CI8) -> 6500 | CM8: 5000 | CO8: =SUM(CK8:CN8) -> 5000 | CR8: 5000 | CT8: =SUM(CP8:CS8) -> 5000 | CW8: 5000 | CY8: =SUM(CU8:CX8) -> 5000 | DB8: 5000 | DD8: =SUM(CZ8:DC8) -> 5000 | DG8: 4500 | DI8: =SUM(DE8:DH8) -> 4500 | DL8: 3500 | DN8: =SUM(DJ8:DM8) -> 3500 | DP8: 2500 | DS8: =SUM(DO8:DR8) -> 2500 | DT8: =BP8+BU8+BZ8+CE8+CJ8+CO8+CT8+CY8+DD8+DI8+DN8+DS8 -> 56200 | DU8: 4000 | DY8: =SUM(DU8:DX8) -> 4000 | DZ8: 4000 | ED8: =SUM(DZ8:EC8) -> 4000 | EE8: 3570 | EI8: =SUM(EE8:EH8) -> 3570 | EJ8: 4080 | EN8: =SUM(EJ8:EM8) -> 4080 | EO8: 4080 | ES8: =SUM(EO8:ER8) -> 4080 | ET8: 4080 | EX8: =SUM(ET8:EW8) -> 4080 | EY8: 4080 | FC8: =SUM(EY8:FB8) -> 4080 | FD8: 4080 | FH8: =SUM(FD8:FG8) -> 4080 | FI8: 3060 | FM8: =SUM(FI8:FL8) -> 3060 | FN8: 3060 | FR8: =SUM(FN8:FQ8) -> 3060 | FS8: 3060 | FW8: =SUM(FS8:FV8) -> 3060 | FX8: 3060 | GB8: =SUM(FX8:GA8) -> 3060 | GC8: =DU8+ED8+EI8+EN8+ES8+EX8+FC8+FH8+FM8+FR8+FW8+GB8 -> 44210
A9: 250g | B9: Al Fakher Grapes & Mint 250g | G9: =SUM(C9:F9) -> 0 | K9: 120 | L9: =SUM(H9:K9) -> 120 | P9: 500 | Q9: =SUM(M9:P9) -> 500 | V9: =SUM(R9:U9) -> 0 | AA9: =SUM(W9:Z9) -> 0 | AF9: =SUM(AB9:AE9) -> 0 | AJ9: 406 | AK9: =SUM(AG9:AJ9) -> 406 | AP9: =SUM(AL9:AO9) -> 0 | AU9: =SUM(AQ9:AT9) -> 0 | AY9: 173 | AZ9: =SUM(AV9:AY9) -> 173 | BD9: 225 | BE9: =SUM(BA9:BD9) -> 225 | BJ9: =SUM(BF9:BI9) -> 0 | BK9: =G9+L9+Q9+V9+AA9+AF9+AK9+AP9+AU9+AZ9+BE9+BJ9 -> 1424 | BO9: 288 | BP9: =SUM(BL9:BO9) -> 288 | BT9: 200 | BU9: =SUM(BQ9:BT9) -> 200 | BY9: 150 | BZ9: =SUM(BV9:BY9) -> 150 | CD9: 100 | CE9: =SUM(CA9:CD9) -> 100 | CI9: 175 | CJ9: =SUM(CF9:CI9) -> 175 | CN9: 250 | CO9: =SUM(CK9:CN9) -> 250 | CT9: =SUM(CP9:CS9) -> 0 | CY9: =SUM(CU9:CX9) -> 0 | DC9: 100 | DD9: =SUM(CZ9:DC9) -> 100 | DH9: 100 | DI9: =SUM(DE9:DH9) -> 100 | DM9: 125 | DN9: =SUM(DJ9:DM9) -> 125 | DS9: =SUM(DO9:DR9) -> 0 | DT9: =BP9+BU9+BZ9+CE9+CJ9+CO9+CT9+CY9+DD9+DI9+DN9+DS9 -> 1488 | DU9: 125 | DY9: =SUM(DU9:DX9) -> 125 | DZ9: 140 | ED9: =SUM(DZ9:EC9) -> 140 | EE9: 127.5 | EI9: =SUM(EE9:EH9) -> 127.5 | EJ9: 153 | EN9: =SUM(EJ9:EM9) -> 153 | EO9: 153 | ES9: =SUM(EO9:ER9) -> 153 | ET9: 153 | EX9: =SUM(ET9:EW9) -> 153 | EY9: 204 | FC9: =SUM(EY9:FB9) -> 204 | FD9: 204 | FH9: =SUM(FD9:FG9) -> 204 | FI9: 153 | FM9: =SUM(FI9:FL9) -> 153 | FN9: 127.5 | FR9: =SUM(FN9:FQ9) -> 127.5 | FS9: 127.5 | FW9: =SUM(FS9:FV9) -> 127.5 | FX9: 127.5 | GB9: =SUM(FX9:GA9) -> 127.5 | GC9: =DU9+ED9+EI9+EN9+ES9+EX9+FC9+FH9+FM9+FR9+FW9+GB9 -> 1795
A10: 250g | B10: Al Fakher Grapes 250g | G10: =SUM(C10:F10) -> 0 | K10: 501 | L10: =SUM(H10:K10) -> 501 | P10: 470 | Q10: =SUM(M10:P10) -> 470 | V10: =SUM(R10:U10) -> 0 | AA10: =SUM(W10:Z10) -> 0 | AE10: 389 | AF10: =SUM(AB10:AE10) -> 389 | AK10: =SUM(AG10:AJ10) -> 0 | AO10: 500 | AP10: =SUM(AL10:AO10) -> 500 | AT10: 208 | AU10: =SUM(AQ10:AT10) -> 208 | AY10: 271 | AZ10: =SUM(AV10:AY10) -> 271 | BD10: 290 | BE10: =SUM(BA10:BD10) -> 290 | BJ10: =SUM(BF10:BI10) -> 0 | BK10: =G10+L10+Q10+V10+AA10+AF10+AK10+AP10+AU10+AZ10+BE10+BJ10 -> 2629 | BO10: 388 | BP10: =SUM(BL10:BO10) -> 388 | BT10: 400 | BU10: =SUM(BQ10:BT10) -> 400 | BY10: 150 | BZ10: =SUM(BV10:BY10) -> 150 | CD10: 250 | CE10: =SUM(CA10:CD10) -> 250 | CI10: 200 | CJ10: =SUM(CF10:CI10) -> 200 | CN10: 200 | CO10: =SUM(CK10:CN10) -> 200 | CT10: =SUM(CP10:CS10) -> 0 | CY10: =SUM(CU10:CX10) -> 0 | DC10: 250 | DD10: =SUM(CZ10:DC10) -> 250 | DH10: 200 | DI10: =SUM(DE10:DH10) -> 200 | DN10: =SUM(DJ10:DM10) -> 0 | DP10: 200 | DS10: =SUM(DO10:DR10) -> 200 | DT10: =BP10+BU10+BZ10+CE10+CJ10+CO10+CT10+CY10+DD10+DI10+DN10+DS10 -> 2238 | DU10: 250 | DY10: =SUM(DU10:DX10) -> 250 | DZ10: 200 | ED10: =SUM(DZ10:EC10) -> 200 | EE10: 204 | EI10: =SUM(EE10:EH10) -> 204 | EJ10: 306 | EN10: =SUM(EJ10:EM10) -> 306 | EO10: 357 | ES10: =SUM(EO10:ER10) -> 357 | ET10: 357 | EX10: =SUM(ET10:EW10) -> 357 | EY10: 306 | FC10: =SUM(EY10:FB10) -> 306 | FD10: 306 | FH10: =SUM(FD10:FG10) -> 306 | FI10: 255 | FM10: =SUM(FI10:FL10) -> 255 | FN10: 204 | FR10: =SUM(FN10:FQ10) -> 204 | FS10: 204 | FW10: =SUM(FS10:FV10) -> 204 | FX10: 204 | GB10: =SUM(FX10:GA10) -> 204 | GC10: =DU10+ED10+EI10+EN10+ES10+EX10+FC10+FH10+FM10+FR10+FW10+GB10 -> 3153
A11: 250g | B11: Al Fakher Lemon Mint 250g | G11: =SUM(C11:F11) -> 0 | K11: 120 | L11: =SUM(H11:K11) -> 120 | P11: 600 | Q11: =SUM(M11:P11) -> 600 | V11: =SUM(R11:U11) -> 0 | AA11: =SUM(W11:Z11) -> 0 | AF11: =SUM(AB11:AE11) -> 0 | AJ11: 500 | AK11: =SUM(AG11:AJ11) -> 500 | AP11: =SUM(AL11:AO11) -> 0 | AT11: 203 | AU11: =SUM(AQ11:AT11) -> 203 | AY11: 223 | AZ11: =SUM(AV11:AY11) -> 223 | BD11: 200 | BE11: =SUM(BA11:BD11) -> 200 | BF11: 146 | BJ11: =SUM(BF11:BI11) -> 146 | BK11: =G11+L11+Q11+V11+AA11+AF11+AK11+AP11+AU11+AZ11+BE11+BJ11 -> 1992 | BO11: 432 | BP11: =SUM(BL11:BO11) -> 432 | BT11: 175 | BU11: =SUM(BQ11:BT11) -> 175 | BY11: 150 | BZ11: =SUM(BV11:BY11) -> 150 | CD11: 100 | CE11: =SUM(CA11:CD11) -> 100 | CI11: 250 | CJ11: =SUM(CF11:CI11) -> 250 | CN11: 100 | CO11: =SUM(CK11:CN11) -> 100 | CT11: =SUM(CP11:CS11) -> 0 | CX11: 220 | CY11: =SUM(CU11:CX11) -> 220 | DC11: 175 | DD11: =SUM(CZ11:DC11) -> 175 | DH11: 200 | DI11: =SUM(DE11:DH11) -> 200 | DM11: 200 | DN11: =SUM(DJ11:DM11) -> 200 | DO11: 100 | DS11: =SUM(DO11:DR11) -> 100 | DT11: =BP11+BU11+BZ11+CE11+CJ11+CO11+CT11+CY11+DD11+DI11+DN11+DS11 -> 2102 | DU11: 175 | DY11: =SUM(DU11:DX11) -> 175 | DZ11: 175 | ED11: =SUM(DZ11:EC11) -> 175 | EE11: 178.5 | EI11: =SUM(EE11:EH11) -> 178.5 | EJ11: 204 | EN11: =SUM(EJ11:EM11) -> 204 | EO11: 204 | ES11: =SUM(EO11:ER11) -> 204 | ET11: 204 | EX11: =SUM(ET11:EW11) -> 204 | EY11: 204 | FC11: =SUM(EY11:FB11) -> 204 | FD11: 178.5 | FH11: =SUM(FD11:FG11) -> 178.5 | FI11: 178.5 | FM11: =SUM(FI11:FL11) -> 178.5 | FN11: 153 | FR11: =SUM(FN11:FQ11) -> 153 | FS11: 153 | FW11: =SUM(FS11:FV11) -> 153 | FX11: 153 | GB11: =SUM(FX11:GA11) -> 153 | GC11: =DU11+ED11+EI11+EN11+ES11+EX11+FC11+FH11+FM11+FR11+FW11+GB11 -> 2160.5
A12: 250g | B12: Al Fakher Two apple 250g | F12: 3100 | G12: =SUM(C12:F12) -> 3100 | K12: 4042 | L12: =SUM(H12:K12) -> 4042 | P12: 4166 | Q12: =SUM(M12:P12) -> 4166 | U12: 509 | V12: =SUM(R12:U12) -> 509 | AA12: =SUM(W12:Z12) -> 0 | AE12: 3349 | AF12: =SUM(AB12:AE12) -> 3349 | AJ12: 4548 | AK12: =SUM(AG12:AJ12) -> 4548 | AL12: 2456 | AP12: =SUM(AL12:AO12) -> 2456 | AQ12: 1000 | AR12: 3504 | AU12: =SUM(AQ12:AT12) -> 4504 | AW12: 2000 | AX12: 2000 | AY12: 1761 | AZ12: =SUM(AV12:AY12) -> 5761 | BA12: 2169 | BB12: 2500 | BC12: 500 | BE12: =SUM(BA12:BD12) -> 5169 | BF12: 2167 | BJ12: =SUM(BF12:BI12) -> 2167 | BK12: =G12+L12+Q12+V12+AA12+AF12+AK12+AP12+AU12+AZ12+BE12+BJ12 -> 39771 | BL12: 2000 | BM12: 3000 | BN12: 1500 | BP12: =SUM(BL12:BO12) -> 6500 | BQ12: 3000 | BR12: 2500 | BU12: =SUM(BQ12:BT12) -> 5500 | BV12: 3000 | BW12: 3000 | BZ12: =SUM(BV12:BY12) -> 6000 | CA12: 2500 | CB12: 2500 | CE12: =SUM(CA12:CD12) -> 5000 | CF12: 2500 | CG12: 3000 | CJ12: =SUM(CF12:CI12) -> 5500 | CK12: 2500 | CL12: 2000 | CO12: =SUM(CK12:CN12) -> 4500 | CP12: 2000 | CQ12: 2500 | CT12: =SUM(CP12:CS12) -> 4500 | CU12: 2000 | CV12: 2000 | CY12: =SUM(CU12:CX12) -> 4000 | CZ12: 2000 | DA12: 2000 | DD12: =SUM(CZ12:DC12) -> 4000 | DE12: 2000 | DF12: 2000 | DI12: =SUM(DE12:DH12) -> 4000 | DJ12: 2000 | DK12: 2500 | DN12: =SUM(DJ12:DM12) -> 4500 | DO12: 2500 | DS12: =SUM(DO12:DR12) -> 2500 | DT12: =BP12+BU12+BZ12+CE12+CJ12+CO12+CT12+CY12+DD12+DI12+DN12+DS12 -> 56500 | DU12: 5500 | DY12: =SUM(DU12:DX12) -> 5500 | DZ12: 5000 | ED12: =SUM(DZ12:EC12) -> 5000 | EE12: 5100 | EI12: =SUM(EE12:EH12) -> 5100 | EJ12: 4590 | EN12: =SUM(EJ12:EM12) -> 4590 | EO12: 4590 | ES12: =SUM(EO12:ER12) -> 4590 | ET12: 4590 | EX12: =SUM(ET12:EW12) -> 4590 | EY12: 4590 | FC12: =SUM(EY12:FB12) -> 4590 | FD12: 4590 | FH12: =SUM(FD12:FG12) -> 4590 | FI12: 4590 | FM12: =SUM(FI12:FL12) -> 4590 | FN12: 3570 | FR12: =SUM(FN12:FQ12) -> 3570 | FS12: 3570 | FW12: =SUM(FS12:FV12) -> 3570 | FX12: 3570 | GB12: =SUM(FX12:GA12) -> 3570 | GC12: =DU12+ED12+EI12+EN12+ES12+EX12+FC12+FH12+FM12+FR12+FW12+GB12 -> 53850
A13: 250g | B13: Al Fakher Two Apple Bahraini 250g | F13: 300 | G13: =SUM(C13:F13) -> 300 | K13: 1001 | L13: =SUM(H13:K13) -> 1001 | Q13: =SUM(M13:P13) -> 0 | U13: 23 | V13: =SUM(R13:U13) -> 23 | AA13: =SUM(W13:Z13) -> 0 | AF13: =SUM(AB13:AE13) -> 0 | AK13: =SUM(AG13:AJ13) -> 0 | AO13: 631 | AP13: =SUM(AL13:AO13) -> 631 | AU13: =SUM(AQ13:AT13) -> 0 | AY13: 400 | AZ13: =SUM(AV13:AY13) -> 400 | BD13: 402 | BE13: =SUM(BA13:BD13) -> 402 | BJ13: =SUM(BF13:BI13) -> 0 | BK13: =G13+L13+Q13+V13+AA13+AF13+AK13+AP13+AU13+AZ13+BE13+BJ13 -> 2757 | BO13: 459 | BP13: =SUM(BL13:BO13) -> 459 | BT13: 288 | BU13: =SUM(BQ13:BT13) -> 288 | BY13: 400 | BZ13: =SUM(BV13:BY13) -> 400 | CE13: =SUM(CA13:CD13) -> 0 | CJ13: =SUM(CF13:CI13) -> 0 | CO13: =SUM(CK13:CN13) -> 0 | CP13: 200 | CT13: =SUM(CP13:CS13) -> 200 | CV13: 200 | CY13: =SUM(CU13:CX13) -> 200 | DC13: 250 | DD13: =SUM(CZ13:DC13) -> 250 | DH13: 250 | DI13: =SUM(DE13:DH13) -> 250 | DN13: =SUM(DJ13:DM13) -> 0 | DP13: 200 | DS13: =SUM(DO13:DR13) -> 200 | DT13: =BP13+BU13+BZ13+CE13+CJ13+CO13+CT13+CY13+DD13+DI13+DN13+DS13 -> 2247 | DU13: 200 | DY13: =SUM(DU13:DX13) -> 200 | DZ13: 200 | ED13: =SUM(DZ13:EC13) -> 200 | EE13: 204 | EI13: =SUM(EE13:EH13) -> 204 | EJ13: 306 | EN13: =SUM(EJ13:EM13) -> 306 | EO13: 306 | ES13: =SUM(EO13:ER13) -> 306 | ET13: 306 | EX13: =SUM(ET13:EW13) -> 306 | EY13: 306 | FC13: =SUM(EY13:FB13) -> 306 | FD13: 306 | FH13: =SUM(FD13:FG13) -> 306 | FI13: 306 | FM13: =SUM(FI13:FL13) -> 306 | FN13: 306 | FR13: =SUM(FN13:FQ13) -> 306 | FS13: 255 | FW13: =SUM(FS13:FV13) -> 255 | FX13: 255 | GB13: =SUM(FX13:GA13) -> 255 | GC13: =DU13+ED13+EI13+EN13+ES13+EX13+FC13+FH13+FM13+FR13+FW13+GB13 -> 3256
A14: 50g | B14: Al Fakher Blueberry Mint 50g | G14: =SUM(C14:F14) -> 0 | L14: =SUM(H14:K14) -> 0 | Q14: =SUM(M14:P14) -> 0 | V14: =SUM(R14:U14) -> 0 | AA14: =SUM(W14:Z14) -> 0 | AF14: =SUM(AB14:AE14) -> 0 | AK14: =SUM(AG14:AJ14) -> 0 | AP14: =SUM(AL14:AO14) -> 0 | AU14: =SUM(AQ14:AT14) -> 0 | AZ14: =SUM(AV14:AY14) -> 0 | BE14: =SUM(BA14:BD14) -> 0 | BJ14: =SUM(BF14:BI14) -> 0 | BK14: =G14+L14+Q14+V14+AA14+AF14+AK14+AP14+AU14+AZ14+BE14+BJ14 -> 0 | BP14: =SUM(BL14:BO14) -> 0 | BU14: =SUM(BQ14:BT14) -> 0 | BZ14: =SUM(BV14:BY14) -> 0 | CE14: =SUM(CA14:CD14) -> 0 | CJ14: =SUM(CF14:CI14) -> 0 | CO14: =SUM(CK14:CN14) -> 0 | CT14: =SUM(CP14:CS14) -> 0 | CY14: =SUM(CU14:CX14) -> 0 | DD14: =SUM(CZ14:DC14) -> 0 | DI14: =SUM(DE14:DH14) -> 0 | DN14: =SUM(DJ14:DM14) -> 0 | DS14: =SUM(DO14:DR14) -> 0 | DT14: =BP14+BU14+BZ14+CE14+CJ14+CO14+CT14+CY14+DD14+DI14+DN14+DS14 -> 0 | DU14: 0 | DY14: =SUM(DU14:DX14) -> 0 | DZ14: 0 | ED14: =SUM(DZ14:EC14) -> 0 | EE14: 0 | EI14: =SUM(EE14:EH14) -> 0 | EJ14: 0 | EN14: =SUM(EJ14:EM14) -> 0 | EO14: 0 | ES14: =SUM(EO14:ER14) -> 0 | ET14: 0 | EX14: =SUM(ET14:EW14) -> 0 | EY14: 0 | FC14: =SUM(EY14:FB14) -> 0 | FD14: 0 | FH14: =SUM(FD14:FG14) -> 0 | FI14: 0 | FM14: =SUM(FI14:FL14) -> 0 | FN14: 0 | FR14: =SUM(FN14:FQ14) -> 0 | FS14: 0 | FW14: =SUM(FS14:FV14) -> 0 | FX14: 0 | GB14: =SUM(FX14:GA14) -> 0 | GC14: =DU14+ED14+EI14+EN14+ES14+EX14+FC14+FH14+FM14+FR14+FW14+GB14 -> 0
A15: 50g | B15: Al Fakher Blueberry 50g | G15: =SUM(C15:F15) -> 0 | L15: =SUM(H15:K15) -> 0 | P15: 174 | Q15: =SUM(M15:P15) -> 174 | V15: =SUM(R15:U15) -> 0 | AA15: =SUM(W15:Z15) -> 0 | AF15: =SUM(AB15:AE15) -> 0 | AK15: =SUM(AG15:AJ15) -> 0 | AP15: =SUM(AL15:AO15) -> 0 | AR15: 163 | AU15: =SUM(AQ15:AT15) -> 163 | AZ15: =SUM(AV15:AY15) -> 0 | BE15: =SUM(BA15:BD15) -> 0 | BJ15: =SUM(BF15:BI15) -> 0 | BK15: =G15+L15+Q15+V15+AA15+AF15+AK15+AP15+AU15+AZ15+BE15+BJ15 -> 337 | BN15: 284 | BP15: =SUM(BL15:BO15) -> 284 | BU15: =SUM(BQ15:BT15) -> 0 | BW15: 100 | BZ15: =SUM(BW15:BY15) -> 100 | CB15: x` | CE15: =SUM(CA15:CD15) -> 0 | CJ15: =SUM(CF15:CI15) -> 0 | CO15: =SUM(CK15:CN15) -> 0 | CR15: 220 | CT15: =SUM(CP15:CS15) -> 220 | CY15: =SUM(CU15:CX15) -> 0 | DD15: =SUM(CZ15:DC15) -> 0 | DI15: =SUM(DE15:DH15) -> 0 | DL15: 0 | DN15: =SUM(DJ15:DM15) -> 0 | DS15: =SUM(DO15:DR15) -> 0 | DT15: =BP15+BU15+BZ15+CE15+CJ15+CO15+CT15+CY15+DD15+DI15+DN15+DS15 -> 604 | DU15: 150 | DY15: =SUM(DU15:DX15) -> 150 | DZ15: 75 | ED15: =SUM(DZ15:EC15) -> 75 | EE15: 51 | EI15: =SUM(EE15:EH15) -> 51 | EJ15: 61.2 | EN15: =SUM(EJ15:EM15) -> 61.2 | EO15: 61.2 | ES15: =SUM(EO15:ER15) -> 61.2 | ET15: 61.2 | EX15: =SUM(ET15:EW15) -> 61.2 | EY15: 61.2 | FC15: =SUM(EY15:FB15) -> 61.2 | FD15: 61.2 | FH15: =SUM(FD15:FG15) -> 61.2 | FI15: 30.6 | FM15: =SUM(FI15:FL15) -> 30.6 | FN15: 30.6 | FR15: =SUM(FN15:FQ15) -> 30.6 | FS15: 30.6 | FW15: =SUM(FS15:FV15) -> 30.6 | FX15: 30.6 | GB15: =SUM(FX15:GA15) -> 30.6 | GC15: =DU15+ED15+EI15+EN15+ES15+EX15+FC15+FH15+FM15+FR15+FW15+GB15 -> 704.4
A16: 50g | B16: Al Fakher Buble Gum 50g | G16: =SUM(C16:F16) -> 0 | L16: =SUM(H16:K16) -> 0 | Q16: =SUM(M16:P16) -> 0 | V16: =SUM(R16:U16) -> 0 | AA16: =SUM(W16:Z16) -> 0 | AF16: =SUM(AB16:AE16) -> 0 | AK16: =SUM(AG16:AJ16) -> 0 | AP16: =SUM(AL16:AO16) -> 0 | AU16: =SUM(AQ16:AT16) -> 0 | AZ16: =SUM(AV16:AY16) -> 0 | BE16: =SUM(BA16:BD16) -> 0 | BJ16: =SUM(BF16:BI16) -> 0 | BK16: =G16+L16+Q16+V16+AA16+AF16+AK16+AP16+AU16+AZ16+BE16+BJ16 -> 0 | BP16: =SUM(BL16:BO16) -> 0 | BU16: =SUM(BQ16:BT16) -> 0 | BZ16: =SUM(BV16:BY16) -> 0 | CE16: =SUM(CA16:CD16) -> 0 | CJ16: =SUM(CF16:CI16) -> 0 | CO16: =SUM(CK16:CN16) -> 0 | CT16: =SUM(CP16:CS16) -> 0 | CY16: =SUM(CU16:CX16) -> 0 | DD16: =SUM(CZ16:DC16) -> 0 | DI16: =SUM(DE16:DH16) -> 0 | DN16: =SUM(DJ16:DM16) -> 0 | DS16: =SUM(DO16:DR16) -> 0 | DT16: =BP16+BU16+BZ16+CE16+CJ16+CO16+CT16+CY16+DD16+DI16+DN16+DS16 -> 0 | DU16: 0 | DY16: =SUM(DU16:DX16) -> 0 | DZ16: 0 | ED16: =SUM(DZ16:EC16) -> 0 | EE16: 0 | EI16: =SUM(EE16:EH16) -> 0 | EJ16: 0 | EN16: =SUM(EJ16:EM16) -> 0 | EO16: 0 | ES16: =SUM(EO16:ER16) -> 0 | ET16: 0 | EX16: =SUM(ET16:EW16) -> 0 | EY16: 0 | FC16: =SUM(EY16:FB16) -> 0 | FD16: 0 | FH16: =SUM(FD16:FG16) -> 0 | FI16: 0 | FM16: =SUM(FI16:FL16) -> 0 | FN16: 0 | FR16: =SUM(FN16:FQ16) -> 0 | FS16: 0 | FW16: =SUM(FS16:FV16) -> 0 | FX16: 0 | GB16: =SUM(FX16:GA16) -> 0 | GC16: =DU16+ED16+EI16+EN16+ES16+EX16+FC16+FH16+FM16+FR16+FW16+GB16 -> 0
A17: 50g | B17: Al Fakher Grapes & Mint 50g | G17: =SUM(C17:F17) -> 0 | K17: 106 | L17: =SUM(H17:K17) -> 106 | P17: 678 | Q17: =SUM(M17:P17) -> 678 | V17: =SUM(R17:U17) -> 0 | AA17: =SUM(W17:Z17) -> 0 | AF17: =SUM(AB17:AE17) -> 0 | AJ17: 413 | AK17: =SUM(AG17:AJ17) -> 413 | AN17: 601 | AP17: =SUM(AL17:AO17) -> 601 | AR17: 334 | AU17: =SUM(AQ17:AT17) -> 334 | AX17: 191 | AZ17: =SUM(AV17:AY17) -> 191 | BC17: 293 | BE17: =SUM(BA17:BD17) -> 293 | BJ17: =SUM(BF17:BI17) -> 0 | BK17: =G17+L17+Q17+V17+AA17+AF17+AK17+AP17+AU17+AZ17+BE17+BJ17 -> 2616 | BL17: - | BP17: =SUM(BL17:BO17) -> 0 | BS17: 237 | BU17: =SUM(BQ17:BT17) -> 237 | BW17: 250 | BZ17: =SUM(BV17:BY17) -> 250 | CE17: =SUM(CA17:CD17) -> 0 | CH17: 300 | CJ17: =SUM(CF17:CI17) -> 300 | CM17: 300 | CO17: =SUM(CK17:CN17) -> 300 | CR17: 250 | CT17: =SUM(CP17:CS17) -> 250 | CW17: 300 | CY17: =SUM(CU17:CX17) -> 300 | DB17: 250 | DD17: =SUM(CZ17:DC17) -> 250 | DG17: 200 | DI17: =SUM(DE17:DH17) -> 200 | DL17: 150 | DN17: =SUM(DJ17:DM17) -> 150 | DP17: 150 | DS17: =SUM(DO17:DR17) -> 150 | DT17: =BP17+BU17+BZ17+CE17+CJ17+CO17+CT17+CY17+DD17+DI17+DN17+DS17 -> 2387 | DU17: 230 | DY17: =SUM(DU17:DX17) -> 230 | DZ17: 230 | ED17: =SUM(DZ17:EC17) -> 230 | EE17: 234.6 | EI17: =SUM(EE17:EH17) -> 234.6 | EJ17: 306 | EN17: =SUM(EJ17:EM17) -> 306 | EO17: 255 | ES17: =SUM(EO17:ER17) -> 255 | ET17: 255 | EX17: =SUM(ET17:EW17) -> 255 | EY17: 255 | FC17: =SUM(EY17:FB17) -> 255 | FD17: 255 | FH17: =SUM(FD17:FG17) -> 255 | FI17: 153 | FM17: =SUM(FI17:FL17) -> 153 | FN17: 153 | FR17: =SUM(FN17:FQ17) -> 153 | FS17: 153 | FW17: =SUM(FS17:FV17) -> 153 | FX17: 153 | GB17: =SUM(FX17:GA17) -> 153 | GC17: =DU17+ED17+EI17+EN17+ES17+EX17+FC17+FH17+FM17+FR17+FW17+GB17 -> 2632.6
A18: 50g | B18: Al Fakher Grapes 50g | F18: 248 | G18: =SUM(C18:F18) -> 248 | L18: =SUM(H18:K18) -> 0 | P18: 987 | Q18: =SUM(M18:P18) -> 987 | V18: =SUM(R18:U18) -> 0 | AA18: =SUM(W18:Z18) -> 0 | AE18: 354 | AF18: =SUM(AB18:AE18) -> 354 | AJ18: 1004 | AK18: =SUM(AG18:AJ18) -> 1004 | AP18: =SUM(AL18:AO18) -> 0 | AR18: 562 | AU18: =SUM(AQ18:AT18) -> 562 | AX18: 396 | AZ18: =SUM(AV18:AY18) -> 396 | BC18: 245 | BD18: 370 | BE18: =SUM(BA18:BD18) -> 615 | BJ18: =SUM(BF18:BI18) -> 0 | BK18: =G18+L18+Q18+V18+AA18+AF18+AK18+AP18+AU18+AZ18+BE18+BJ18 -> 4166 | BN18: 301 | BP18: =SUM(BL18:BO18) -> 301 | BS18: 635 | BU18: =SUM(BQ18:BT18) -> 635 | BW18: 400 | BZ18: =SUM(BV18:BY18) -> 400 | CC18: 300 | CE18: =SUM(CA18:CD18) -> 300 | CH18: 250 | CJ18: =SUM(CF18:CI18) -> 250 | CM18: 300 | CO18: =SUM(CK18:CN18) -> 300 | CR18: 300 | CT18: =SUM(CP18:CS18) -> 300 | CW18: 350 | CY18: =SUM(CU18:CX18) -> 350 | DB18: 350 | DD18: =SUM(CZ18:DC18) -> 350 | DG18: 350 | DI18: =SUM(DE18:DH18) -> 350 | DL18: 250 | DN18: =SUM(DJ18:DM18) -> 250 | DP18: 250 | DS18: =SUM(DO18:DR18) -> 250 | DT18: =BP18+BU18+BZ18+CE18+CJ18+CO18+CT18+CY18+DD18+DI18+DN18+DS18 -> 4036 | DU18: 400 | DY18: =SUM(DU18:DX18) -> 400 | DZ18: 400 | ED18: =SUM(DZ18:EC18) -> 400 | EE18: 408 | EI18: =SUM(EE18:EH18) -> 408 | EJ18: 408 | EN18: =SUM(EJ18:EM18) -> 408 | EO18: 510 | ES18: =SUM(EO18:ER18) -> 510 | ET18: 510 | EX18: =SUM(ET18:EW18) -> 510 | EY18: 510 | FC18: =SUM(EY18:FB18) -> 510 | FD18: 408 | FH18: =SUM(FD18:FG18) -> 408 | FI18: 408 | FM18: =SUM(FI18:FL18) -> 408 | FN18: 306 | FR18: =SUM(FN18:FQ18) -> 306 | FS18: 306 | FW18: =SUM(FS18:FV18) -> 306 | FX18: 306 | GB18: =SUM(FX18:GA18) -> 306 | GC18: =DU18+ED18+EI18+EN18+ES18+EX18+FC18+FH18+FM18+FR18+FW18+GB18 -> 4880
A19: 50g | B19: Al Fakher Gum Mint 50g | G19: =SUM(C19:F19) -> 0 | L19: =SUM(H19:K19) -> 0 | P19: 344 | Q19: =SUM(M19:P19) -> 344 | V19: =SUM(R19:U19) -> 0 | AA19: =SUM(W19:Z19) -> 0 | AF19: =SUM(AB19:AE19) -> 0 | AK19: =SUM(AG19:AJ19) -> 0 | AN19: 223 | AP19: =SUM(AL19:AO19) -> 223 | AU19: =SUM(AQ19:AT19) -> 0 | AZ19: =SUM(AV19:AY19) -> 0 | BA19: 152 | BD19: 111 | BE19: =SUM(BA19:BD19) -> 263 | BJ19: =SUM(BF19:BI19) -> 0 | BK19: =G19+L19+Q19+V19+AA19+AF19+AK19+AP19+AU19+AZ19+BE19+BJ19 -> 830 | BN19: 176 | BP19: =SUM(BL19:BO19) -> 176 | BU19: =SUM(BQ19:BT19) -> 0 | BX19: 170 | BZ19: =SUM(BV19:BY19) -> 170 | CE19: =SUM(CA19:CD19) -> 0 | CH19: 200 | CJ19: =SUM(CF19:CI19) -> 200 | CO19: =SUM(CK19:CN19) -> 0 | CR19: 200 | CT19: =SUM(CP19:CS19) -> 200 | CY19: =SUM(CU19:CX19) -> 0 | DB19: 200 | DD19: =SUM(CZ19:DC19) -> 200 | DI19: =SUM(DE19:DH19) -> 0 | DL19: 100 | DN19: =SUM(DJ19:DM19) -> 100 | DS19: =SUM(DO19:DR19) -> 0 | DT19: =BP19+BU19+BZ19+CE19+CJ19+CO19+CT19+CY19+DD19+DI19+DN19+DS19 -> 1046 | DU19: 200 | DY19: =SUM(DU19:DX19) -> 200 | DZ19: 150 | ED19: =SUM(DZ19:EC19) -> 150 | EE19: 102 | EI19: =SUM(EE19:EH19) -> 102 | EJ19: 102 | EN19: =SUM(EJ19:EM19) -> 102 | EO19: 102 | ES19: =SUM(EO19:ER19) -> 102 | ET19: 81.6 | EX19: =SUM(ET19:EW19) -> 81.6 | EY19: 102 | FC19: =SUM(EY19:FB19) -> 102 | FD19: 102 | FH19: =SUM(FD19:FG19) -> 102 | FI19: 71.4 | FM19: =SUM(FI19:FL19) -> 71.4 | FN19: 71.4 | FR19: =SUM(FN19:FQ19) -> 71.4 | FS19: 71.4 | FW19: =SUM(FS19:FV19) -> 71.4 | FX19: 71.4 | GB19: =SUM(FX19:GA19) -> 71.4 | GC19: =DU19+ED19+EI19+EN19+ES19+EX19+FC19+FH19+FM19+FR19+FW19+GB19 -> 1227.2
A20: 50g | B20: Al Fakher Gum 50g | G20: =SUM(C20:F20) -> 0 | L20: =SUM(H20:K20) -> 0 | P20: 193 | Q20: =SUM(M20:P20) -> 193 | V20: =SUM(R20:U20) -> 0 | AA20: =SUM(W20:Z20) -> 0 | AF20: =SUM(AB20:AE20) -> 0 | AK20: =SUM(AG20:AJ20) -> 0 | AP20: =SUM(AL20:AO20) -> 0 | AU20: =SUM(AQ20:AT20) -> 0 | AZ20: =SUM(AV20:AY20) -> 0 | BE20: =SUM(BA20:BD20) -> 0 | BJ20: =SUM(BF20:BI20) -> 0 | BK20: =G20+L20+Q20+V20+AA20+AF20+AK20+AP20+AU20+AZ20+BE20+BJ20 -> 193 | BL20: - | BP20: =SUM(BL20:BO20) -> 0 | BU20: =SUM(BQ20:BT20) -> 0 | BX20: 100 | BZ20: =SUM(BV20:BY20) -> 100 | CA20: - | CC20: 100 | CE20: =SUM(CA20:CD20) -> 100 | CJ20: =SUM(CF20:CI20) -> 0 | CO20: =SUM(CK20:CN20) -> 0 | CP20: 50 | CR20: 0 | CT20: =SUM(CP20:CS20) -> 50 | CW20: 75 | CY20: =SUM(CU20:CX20) -> 75 | DD20: =SUM(CZ20:DC20) -> 0 | DI20: =SUM(DE20:DH20) -> 0 | DK20: 50 | DN20: =SUM(DJ20:DM20) -> 50 | DS20: =SUM(DO20:DR20) -> 0 | DT20: =BP20+BU20+BZ20+CE20+CJ20+CO20+CT20+CY20+DD20+DI20+DN20+DS20 -> 375 | DU20: 20 | DY20: =SUM(DU20:DX20) -> 20 | DZ20: 20 | ED20: =SUM(DZ20:EC20) -> 20 | EE20: 40.8 | EI20: =SUM(EE20:EH20) -> 40.8 | EJ20: 40.8 | EN20: =SUM(EJ20:EM20) -> 40.8 | EO20: 40.8 | ES20: =SUM(EO20:ER20) -> 40.8 | ET20: 40.8 | EX20: =SUM(ET20:EW20) -> 40.8 | EY20: 40.8 | FC20: =SUM(EY20:FB20) -> 40.8 | FD20: 40.8 | FH20: =SUM(FD20:FG20) -> 40.8 | FI20: 40.8 | FM20: =SUM(FI20:FL20) -> 40.8 | FN20: 30.6 | FR20: =SUM(FN20:FQ20) -> 30.6 | FS20: 30.6 | FW20: =SUM(FS20:FV20) -> 30.6 | FX20: 30.6 | GB20: =SUM(FX20:GA20) -> 30.6 | GC20: =DU20+ED20+EI20+EN20+ES20+EX20+FC20+FH20+FM20+FR20+FW20+GB20 -> 417.4
A21: 50g | B21: Al Fakher Lemon Mint 50g | F21: 401 | G21: =SUM(C21:F21) -> 401 | L21: =SUM(H21:K21) -> 0 | P21: 752 | Q21: =SUM(M21:P21) -> 752 | V21: =SUM(R21:U21) -> 0 | AA21: =SUM(W21:Z21) -> 0 | AF21: =SUM(AB21:AE21) -> 0 | AJ21: 569 | AK21: =SUM(AG21:AJ21) -> 569 | AN21: 805 | AP21: =SUM(AL21:AO21) -> 805 | AU21: =SUM(AQ21:AT21) -> 0 | AZ21: =SUM(AV21:AY21) -> 0 | BA21: 396 | BC21: 249 | BE21: =SUM(BA21:BD21) -> 645 | BJ21: =SUM(BF21:BI21) -> 0 | BK21: =G21+L21+Q21+V21+AA21+AF21+AK21+AP21+AU21+AZ21+BE21+BJ21 -> 3172 | BL21: - | BP21: =SUM(BL21:BO21) -> 0 | BS21: 463 | BU21: =SUM(BQ21:BT21) -> 463 | BX21: 400 | BZ21: =SUM(BV21:BY21) -> 400 | CC21: 400 | CE21: =SUM(CA21:CD21) -> 400 | CH21: 350 | CJ21: =SUM(CF21:CI21) -> 350 | CM21: 350 | CO21: =SUM(CK21:CN21) -> 350 | CR21: 350 | CT21: =SUM(CP21:CS21) -> 350 | CW21: 250 | CY21: =SUM(CU21:CX21) -> 250 | DA21: 200 | DD21: =SUM(CZ21:DC21) -> 200 | DF21: 200 | DI21: =SUM(DE21:DH21) -> 200 | DL21: 200 | DN21: =SUM(DJ21:DM21) -> 200 | DS21: =SUM(DO21:DR21) -> 0 | DT21: =BP21+BU21+BZ21+CE21+CJ21+CO21+CT21+CY21+DD21+DI21+DN21+DS21 -> 3163 | DU21: 250 | DY21: =SUM(DU21:DX21) -> 250 | DZ21: 250 | ED21: =SUM(DZ21:EC21) -> 250 | EE21: 306 | EI21: =SUM(EE21:EH21) -> 306 | EJ21: 306 | EN21: =SUM(EJ21:EM21) -> 306 | EO21: 357 | ES21: =SUM(EO21:ER21) -> 357 | ET21: 408 | EX21: =SUM(ET21:EW21) -> 408 | EY21: 357 | FC21: =SUM(EY21:FB21) -> 357 | FD21: 357 | FH21: =SUM(FD21:FG21) -> 357 | FI21: 306 | FM21: =SUM(FI21:FL21) -> 306 | FN21: 306 | FR21: =SUM(FN21:FQ21) -> 306 | FS21: 306 | FW21: =SUM(FS21:FV21) -> 306 | FX21: 306 | GB21: =SUM(FX21:GA21) -> 306 | GC21: =DU21+ED21+EI21+EN21+ES21+EX21+FC21+FH21+FM21+FR21+FW21+GB21 -> 3815
A22: 50g | B22: Al Fakher Magic Love 50g | G22: =SUM(C22:F22) -> 0 | L22: =SUM(H22:K22) -> 0 | P22: 255 | Q22: =SUM(M22:P22) -> 255 | V22: =SUM(R22:U22) -> 0 | AA22: =SUM(W22:Z22) -> 0 | AF22: =SUM(AB22:AE22) -> 0 | AK22: =SUM(AG22:AJ22) -> 0 | AP22: =SUM(AL22:AO22) -> 0 | AU22: =SUM(AQ22:AT22) -> 0 | AZ22: =SUM(AV22:AY22) -> 0 | BE22: =SUM(BA22:BD22) -> 0 | BJ22: =SUM(BF22:BI22) -> 0 | BK22: =G22+L22+Q22+V22+AA22+AF22+AK22+AP22+AU22+AZ22+BE22+BJ22 -> 255 | BL22: - | BP22: =SUM(BL22:BO22) -> 0 | BU22: =SUM(BQ22:BT22) -> 0 | BZ22: =SUM(BV22:BY22) -> 0 | CE22: =SUM(CA22:CD22) -> 0 | CJ22: =SUM(CF22:CI22) -> 0 | CK22: 150 | CO22: =SUM(CK22:CN22) -> 150 | CP22: 200 | CT22: =SUM(CP22:CS22) -> 200 | CW22: 100 | CY22: =SUM(CU22:CX22) -> 100 | CZ22: - | DD22: =SUM(CZ22:DC22) -> 0 | DF22: 120 | DI22: =SUM(DE22:DH22) -> 120 | DN22: =SUM(DJ22:DM22) -> 0 | DP22: - | DS22: =SUM(DO22:DR22) -> 0 | DT22: =BP22+BU22+BZ22+CE22+CJ22+CO22+CT22+CY22+DD22+DI22+DN22+DS22 -> 570 | DU22: 30 | DY22: =SUM(DU22:DX22) -> 30 | DZ22: 30 | ED22: =SUM(DZ22:EC22) -> 30 | EE22: 204 | EI22: =SUM(EE22:EH22) -> 204 | EJ22: 51 | EN22: =SUM(EJ22:EM22) -> 51 | EO22: 51 | ES22: =SUM(EO22:ER22) -> 51 | ET22: 51 | EX22: =SUM(ET22:EW22) -> 51 | EY22: 51 | FC22: =SUM(EY22:FB22) -> 51 | FD22: 51 | FH22: =SUM(FD22:FG22) -> 51 | FI22: 51 | FM22: =SUM(FI22:FL22) -> 51 | FN22: 40.8 | FR22: =SUM(FN22:FQ22) -> 40.8 | FS22: 40.8 | FW22: =SUM(FS22:FV22) -> 40.8 | FX22: 40.8 | GB22: =SUM(FX22:GA22) -> 40.8 | GC22: =DU22+ED22+EI22+EN22+ES22+EX22+FC22+FH22+FM22+FR22+FW22+GB22 -> 692.4
A23: 50g | B23: Al Fakher Mint 50g | G23: =SUM(C23:F23) -> 0 | K23: 451 | L23: =SUM(H23:K23) -> 451 | P23: 1185 | Q23: =SUM(M23:P23) -> 1185 | V23: =SUM(R23:U23) -> 0 | AA23: =SUM(W23:Z23) -> 0 | AF23: =SUM(AB23:AE23) -> 0 | AJ23: 688 | AK23: =SUM(AG23:AJ23) -> 688 | AN23: 397 | AP23: =SUM(AL23:AO23) -> 397 | AR23: 602 | AU23: =SUM(AQ23:AT23) -> 602 | AZ23: =SUM(AV23:AY23) -> 0 | BA23: 406 | BC23: 296 | BD23: 245 | BE23: =SUM(BA23:BD23) -> 947 | BJ23: =SUM(BF23:BI23) -> 0 | BK23: =G23+L23+Q23+V23+AA23+AF23+AK23+AP23+AU23+AZ23+BE23+BJ23 -> 4270 | BL23: - | BP23: =SUM(BL23:BO23) -> 0 | BS23: 544 | BU23: =SUM(BQ23:BT23) -> 544 | BX23: 450 | BZ23: =SUM(BV23:BY23) -> 450 | CC23: 300 | CE23: =SUM(CA23:CD23) -> 300 | CH23: 500 | CJ23: =SUM(CF23:CI23) -> 500 | CM23: 400 | CO23: =SUM(CK23:CN23) -> 400 | CR23: 250 | CT23: =SUM(CP23:CS23) -> 250 | CW23: 250 | CY23: =SUM(CU23:CX23) -> 250 | DA23: 250 | DD23: =SUM(CZ23:DC23) -> 250 | DG23: 250 | DI23: =SUM(DE23:DH23) -> 250 | DL23: 250 | DN23: =SUM(DJ23:DM23) -> 250 | DP23: 250 | DS23: =SUM(DO23:DR23) -> 250 | DT23: =BP23+BU23+BZ23+CE23+CJ23+CO23+CT23+CY23+DD23+DI23+DN23+DS23 -> 3694 | DU23: 400 | DY23: =SUM(DU23:DX23) -> 400 | DZ23: 300 | ED23: =SUM(DZ23:EC23) -> 300 | EE23: 306 | EI23: =SUM(EE23:EH23) -> 306 | EJ23: 459 | EN23: =SUM(EJ23:EM23) -> 459 | EO23: 510 | ES23: =SUM(EO23:ER23) -> 510 | ET23: 510 | EX23: =SUM(ET23:EW23) -> 510 | EY23: 510 | FC23: =SUM(EY23:FB23) -> 510 | FD23: 510 | FH23: =SUM(FD23:FG23) -> 510 | FI23: 408 | FM23: =SUM(FI23:FL23) -> 408 | FN23: 357 | FR23: =SUM(FN23:FQ23) -> 357 | FS23: 255 | FW23: =SUM(FS23:FV23) -> 255 | FX23: 255 | GB23: =SUM(FX23:GA23) -> 255 | GC23: =DU23+ED23+EI23+EN23+ES23+EX23+FC23+FH23+FM23+FR23+FW23+GB23 -> 4780
A24: 50g | B24: Al Fakher Two apple 50g | F24: 10003 | G24: =SUM(C24:F24) -> 10003 | K24: 6416 | L24: =SUM(H24:K24) -> 6416 | P24: 10202 | Q24: =SUM(M24:P24) -> 10202 | V24: =SUM(R24:U24) -> 0 | Z24: 4358 | AA24: =SUM(W24:Z24) -> 4358 | AE24: 4073 | AF24: =SUM(AB24:AE24) -> 4073 | AJ24: 3274 | AK24: =SUM(AG24:AJ24) -> 3274 | AL24: 1000 | AM24: 5000 | AN24: 1002 | AP24: =SUM(AL24:AO24) -> 7002 | AQ24: 5600 | AR24: 2400 | AU24: =SUM(AQ24:AT24) -> 8000 | AW24: 5500 | AX24: 4010 | AZ24: =SUM(AV24:AY24) -> 9510 | BB24: 5445 | BC24: 4000 | BD24: 3586 | BE24: =SUM(BA24:BD24) -> 13031 | BJ24: =SUM(BF24:BI24) -> 0 | BK24: =G24+L24+Q24+V24+AA24+AF24+AK24+AP24+AU24+AZ24+BE24+BJ24 -> 75869 | BL24: 2500 | BM24: 4000 | BN24: 524 | BP24: =SUM(BL24:BO24) -> 7024 | BQ24: 4000 | BR24: 4001 | BU24: =SUM(BQ24:BT24) -> 8001 | BV24: 4000 | BW24: 4000 | BZ24: =SUM(BV24:BY24) -> 8000 | CA24: 4000 | CB24: 4000 | CE24: =SUM(CA24:CD24) -> 8000 | CF24: 4000 | CG24: 4000 | CJ24: =SUM(CF24:CI24) -> 8000 | CK24: 4000 | CL24: 4000 | CO24: =SUM(CK24:CN24) -> 8000 | CP24: 4000 | CQ24: 4000 | CT24: =SUM(CP24:CS24) -> 8000 | CU24: 4000 | CV24: 4000 | CY24: =SUM(CU24:CX24) -> 8000 | CZ24: 4000 | DA24: 5000 | DD24: =SUM(CZ24:DC24) -> 9000 | DE24: 4000 | DF24: 4000 | DI24: =SUM(DE24:DH24) -> 8000 | DJ24: 4000 | DK24: 4000 | DN24: =SUM(DJ24:DM24) -> 8000 | DO24: 4000 | DP24: 2000 | DS24: =SUM(DO24:DR24) -> 6000 | DT24: =BP24+BU24+BZ24+CE24+CJ24+CO24+CT24+CY24+DD24+DI24+DN24+DS24 -> 94025 | DU24: 7500 | DY24: =SUM(DU24:DX24) -> 7500 | DZ24: 8000 | ED24: =SUM(DZ24:EC24) -> 8000 | EE24: 7140 | EI24: =SUM(EE24:EH24) -> 7140 | EJ24: 7140 | EN24: =SUM(EJ24:EM24) -> 7140 | EO24: 7140 | ES24: =SUM(EO24:ER24) -> 7140 | ET24: 7140 | EX24: =SUM(ET24:EW24) -> 7140 | EY24: 7140 | FC24: =SUM(EY24:FB24) -> 7140 | FD24: 7140 | FH24: =SUM(FD24:FG24) -> 7140 | FI24: 7140 | FM24: =SUM(FI24:FL24) -> 7140 | FN24: 5610 | FR24: =SUM(FN24:FQ24) -> 5610 | FS24: 5610 | FW24: =SUM(FS24:FV24) -> 5610 | FX24: 5100 | GB24: =SUM(FX24:GA24) -> 5100 | GC24: =DU24+ED24+EI24+EN24+ES24+EX24+FC24+FH24+FM24+FR24+FW24+GB24 -> 81800
A25: 50g | B25: Lemonade Mint 50g | AZ25: =SUM(AV25:AY25) -> 0 | BE25: =SUM(BA25:BD25) -> 0 | BJ25: =SUM(BF25:BI25) -> 0 | BP25: =SUM(BL25:BO25) -> 0 | BU25: =SUM(BQ25:BT25) -> 0 | BZ25: =SUM(BV25:BY25) -> 0 | CE25: =SUM(CA25:CD25) -> 0 | CJ25: =SUM(CF25:CI25) -> 0 | CO25: =SUM(CK25:CN25) -> 0 | CT25: =SUM(CP25:CS25) -> 0 | CY25: =SUM(CU25:CX25) -> 0 | DD25: =SUM(CZ25:DC25) -> 0 | DI25: =SUM(DE25:DH25) -> 0 | DN25: =SUM(DJ25:DM25) -> 0 | DS25: =SUM(DO25:DR25) -> 0 | DY25: =SUM(DU25:DX25) -> 0 | ED25: =SUM(DZ25:EC25) -> 0 | EI25: =SUM(EE25:EH25) -> 0 | EN25: =SUM(EJ25:EM25) -> 0 | ES25: =SUM(EO25:ER25) -> 0 | EX25: =SUM(ET25:EW25) -> 0 | FC25: =SUM(EY25:FB25) -> 0 | FH25: =SUM(FD25:FG25) -> 0 | FM25: =SUM(FI25:FL25) -> 0 | FR25: =SUM(FN25:FQ25) -> 0 | FW25: =SUM(FS25:FV25) -> 0 | GB25: =SUM(FX25:GA25) -> 0 | GC25: =DU25+ED25+EI25+EN25+ES25+EX25+FC25+FH25+FM25+FR25+FW25+GB25 -> 0
A26: 50g | B26: Lemonade Pear 50g | AZ26: =SUM(AV26:AY26) -> 0 | BE26: =SUM(BA26:BD26) -> 0 | BJ26: =SUM(BF26:BI26) -> 0 | BP26: =SUM(BL26:BO26) -> 0 | BU26: =SUM(BQ26:BT26) -> 0 | BZ26: =SUM(BV26:BY26) -> 0 | CE26: =SUM(CA26:CD26) -> 0 | CJ26: =SUM(CF26:CI26) -> 0 | CO26: =SUM(CK26:CN26) -> 0 | CT26: =SUM(CP26:CS26) -> 0 | CY26: =SUM(CU26:CX26) -> 0 | DD26: =SUM(CZ26:DC26) -> 0 | DI26: =SUM(DE26:DH26) -> 0 | DN26: =SUM(DJ26:DM26) -> 0 | DS26: =SUM(DO26:DR26) -> 0 | DY26: =SUM(DU26:DX26) -> 0 | ED26: =SUM(DZ26:EC26) -> 0 | EI26: =SUM(EE26:EH26) -> 0 | EN26: =SUM(EJ26:EM26) -> 0 | ES26: =SUM(EO26:ER26) -> 0 | EX26: =SUM(ET26:EW26) -> 0 | FC26: =SUM(EY26:FB26) -> 0 | FH26: =SUM(FD26:FG26) -> 0 | FM26: =SUM(FI26:FL26) -> 0 | FR26: =SUM(FN26:FQ26) -> 0 | FW26: =SUM(FS26:FV26) -> 0 | GB26: =SUM(FX26:GA26) -> 0 | GC26: =DU26+ED26+EI26+EN26+ES26+EX26+FC26+FH26+FM26+FR26+FW26+GB26 -> 0
A27: 50g | B27: Al Fakher Double Apple Classic 50g | AZ27: =SUM(AV27:AY27) -> 0 | BE27: =SUM(BA27:BD27) -> 0 | BJ27: =SUM(BF27:BI27) -> 0 | BP27: =SUM(BL27:BO27) -> 0 | BU27: =SUM(BQ27:BT27) -> 0 | BZ27: =SUM(BV27:BY27) -> 0 | CE27: =SUM(CA27:CD27) -> 0 | CJ27: =SUM(CF27:CI27) -> 0 | CO27: =SUM(CK27:CN27) -> 0 | CT27: =SUM(CP27:CS27) -> 0 | CY27: =SUM(CU27:CX27) -> 0 | DD27: =SUM(CZ27:DC27) -> 0 | DI27: =SUM(DE27:DH27) -> 0 | DN27: =SUM(DJ27:DM27) -> 0 | DS27: =SUM(DO27:DR27) -> 0 | DY27: =SUM(DU27:DX27) -> 0 | ED27: =SUM(DZ27:EC27) -> 0 | EI27: =SUM(EE27:EH27) -> 0 | EN27: =SUM(EJ27:EM27) -> 0 | ES27: =SUM(EO27:ER27) -> 0 | EX27: =SUM(ET27:EW27) -> 0 | FC27: =SUM(EY27:FB27) -> 0 | FH27: =SUM(FD27:FG27) -> 0 | FM27: =SUM(FI27:FL27) -> 0 | FR27: =SUM(FN27:FQ27) -> 0 | FW27: =SUM(FS27:FV27) -> 0 | GB27: =SUM(FX27:GA27) -> 0 | GC27: =DU27+ED27+EI27+EN27+ES27+EX27+FC27+FH27+FM27+FR27+FW27+GB27 -> 0
A28: 250g | B28: Al Fakher Double Apple Classic 250g | AZ28: =SUM(AV28:AY28) -> 0 | BE28: =SUM(BA28:BD28) -> 0 | BJ28: =SUM(BF28:BI28) -> 0 | BP28: =SUM(BL28:BO28) -> 0 | BU28: =SUM(BQ28:BT28) -> 0 | BZ28: =SUM(BV28:BY28) -> 0 | CE28: =SUM(CA28:CD28) -> 0 | CJ28: =SUM(CF28:CI28) -> 0 | CO28: =SUM(CK28:CN28) -> 0 | CT28: =SUM(CP28:CS28) -> 0 | CY28: =SUM(CU28:CX28) -> 0 | DD28: =SUM(CZ28:DC28) -> 0 | DI28: =SUM(DE28:DH28) -> 0 | DN28: =SUM(DJ28:DM28) -> 0 | DS28: =SUM(DO28:DR28) -> 0 | DY28: =SUM(DU28:DX28) -> 0 | ED28: =SUM(DZ28:EC28) -> 0 | EI28: =SUM(EE28:EH28) -> 0 | EN28: =SUM(EJ28:EM28) -> 0 | ES28: =SUM(EO28:ER28) -> 0 | EX28: =SUM(ET28:EW28) -> 0 | FC28: =SUM(EY28:FB28) -> 0 | FH28: =SUM(FD28:FG28) -> 0 | FM28: =SUM(FI28:FL28) -> 0 | FR28: =SUM(FN28:FQ28) -> 0 | FW28: =SUM(FS28:FV28) -> 0 | GB28: =SUM(FX28:GA28) -> 0 | GC28: =DU28+ED28+EI28+EN28+ES28+EX28+FC28+FH28+FM28+FR28+FW28+GB28 -> 0
A29: 1kg | B29: Al Fakher Double Apple Classic 1Kg | AZ29: =SUM(AV29:AY29) -> 0 | BE29: =SUM(BA29:BD29) -> 0 | BJ29: =SUM(BF29:BI29) -> 0 | BP29: =SUM(BL29:BO29) -> 0 | BU29: =SUM(BQ29:BT29) -> 0 | BZ29: =SUM(BV29:BY29) -> 0 | CE29: =SUM(CA29:CD29) -> 0 | CJ29: =SUM(CF29:CI29) -> 0 | CO29: =SUM(CK29:CN29) -> 0 | CT29: =SUM(CP29:CS29) -> 0 | CY29: =SUM(CU29:CX29) -> 0 | DD29: =SUM(CZ29:DC29) -> 0 | DI29: =SUM(DE29:DH29) -> 0 | DN29: =SUM(DJ29:DM29) -> 0 | DS29: =SUM(DO29:DR29) -> 0 | DY29: =SUM(DU29:DX29) -> 0 | ED29: =SUM(DZ29:EC29) -> 0 | EI29: =SUM(EE29:EH29) -> 0 | EN29: =SUM(EJ29:EM29) -> 0 | ES29: =SUM(EO29:ER29) -> 0 | EX29: =SUM(ET29:EW29) -> 0 | FC29: =SUM(EY29:FB29) -> 0 | FH29: =SUM(FD29:FG29) -> 0 | FM29: =SUM(FI29:FL29) -> 0 | FR29: =SUM(FN29:FQ29) -> 0 | FW29: =SUM(FS29:FV29) -> 0 | GB29: =SUM(FX29:GA29) -> 0 | GC29: =DU29+ED29+EI29+EN29+ES29+EX29+FC29+FH29+FM29+FR29+FW29+GB29 -> 0
A30: 50g | B30: Al Fakher Italian Lemon Mint 50g | AZ30: =SUM(AV30:AY30) -> 0 | BE30: =SUM(BA30:BD30) -> 0 | BJ30: =SUM(BF30:BI30) -> 0 | BP30: =SUM(BL30:BO30) -> 0 | BU30: =SUM(BQ30:BT30) -> 0 | BZ30: =SUM(BV30:BY30) -> 0 | CE30: =SUM(CA30:CD30) -> 0 | CJ30: =SUM(CF30:CI30) -> 0 | CO30: =SUM(CK30:CN30) -> 0 | CT30: =SUM(CP30:CS30) -> 0 | CY30: =SUM(CU30:CX30) -> 0 | DD30: =SUM(CZ30:DC30) -> 0 | DI30: =SUM(DE30:DH30) -> 0 | DN30: =SUM(DJ30:DM30) -> 0 | DS30: =SUM(DO30:DR30) -> 0 | DY30: =SUM(DU30:DX30) -> 0 | ED30: =SUM(DZ30:EC30) -> 0 | EI30: =SUM(EE30:EH30) -> 0 | EN30: =SUM(EJ30:EM30) -> 0 | ES30: =SUM(EO30:ER30) -> 0 | EX30: =SUM(ET30:EW30) -> 0 | FC30: =SUM(EY30:FB30) -> 0 | FH30: =SUM(FD30:FG30) -> 0 | FM30: =SUM(FI30:FL30) -> 0 | FR30: =SUM(FN30:FQ30) -> 0 | FW30: =SUM(FS30:FV30) -> 0 | GB30: =SUM(FX30:GA30) -> 0 | GC30: =DU30+ED30+EI30+EN30+ES30+EX30+FC30+FH30+FM30+FR30+FW30+GB30 -> 0
A31: 250g | B31: Al Fakher Italian Lemon Mint 250g | AZ31: =SUM(AV31:AY31) -> 0 | BE31: =SUM(BA31:BD31) -> 0 | BJ31: =SUM(BF31:BI31) -> 0 | BP31: =SUM(BL31:BO31) -> 0 | BU31: =SUM(BQ31:BT31) -> 0 | BZ31: =SUM(BV31:BY31) -> 0 | CE31: =SUM(CA31:CD31) -> 0 | CJ31: =SUM(CF31:CI31) -> 0 | CO31: =SUM(CK31:CN31) -> 0 | CT31: =SUM(CP31:CS31) -> 0 | CY31: =SUM(CU31:CX31) -> 0 | DD31: =SUM(CZ31:DC31) -> 0 | DI31: =SUM(DE31:DH31) -> 0 | DN31: =SUM(DJ31:DM31) -> 0 | DS31: =SUM(DO31:DR31) -> 0 | DY31: =SUM(DU31:DX31) -> 0 | ED31: =SUM(DZ31:EC31) -> 0 | EI31: =SUM(EE31:EH31) -> 0 | EN31: =SUM(EJ31:EM31) -> 0 | ES31: =SUM(EO31:ER31) -> 0 | EX31: =SUM(ET31:EW31) -> 0 | FC31: =SUM(EY31:FB31) -> 0 | FH31: =SUM(FD31:FG31) -> 0 | FM31: =SUM(FI31:FL31) -> 0 | FR31: =SUM(FN31:FQ31) -> 0 | FW31: =SUM(FS31:FV31) -> 0 | GB31: =SUM(FX31:GA31) -> 0 | GC31: =DU31+ED31+EI31+EN31+ES31+EX31+FC31+FH31+FM31+FR31+FW31+GB31 -> 0
A32: 1kg | B32: Al Fakher Italian Lemon Mint 1Kg | AZ32: =SUM(AV32:AY32) -> 0 | BE32: =SUM(BA32:BD32) -> 0 | BJ32: =SUM(BF32:BI32) -> 0 | BP32: =SUM(BL32:BO32) -> 0 | BU32: =SUM(BQ32:BT32) -> 0 | CT32: =SUM(CP32:CS32) -> 0 | CY32: =SUM(CU32:CX32) -> 0 | DY32: =SUM(DU32:DX32) -> 0 | ED32: =SUM(DZ32:EC32) -> 0 | EI32: =SUM(EE32:EH32) -> 0 | ES32: =SUM(EO32:ER32) -> 0 | EX32: =SUM(ET32:EW32) -> 0 | FC32: =SUM(EY32:FB32) -> 0 | FH32: =SUM(FD32:FG32) -> 0 | FM32: =SUM(FI32:FL32) -> 0 | FR32: =SUM(FN32:FQ32) -> 0 | FW32: =SUM(FS32:FV32) -> 0 | GB32: =SUM(FX32:GA32) -> 0 | GC32: =DU32+ED32+EI32+EN32+ES32+EX32+FC32+FH32+FM32+FR32+FW32+GB32 -> 0
B33: Total | C33: =SUM(C4:C24) -> 0 | G33: =SUM(G4:G24) -> 16374 | H33: =SUM(H4:H24) -> 0 | L33: =SUM(L4:L24) -> 21601 | M33: =SUM(M4:M24) -> 0 | Q33: =SUM(Q4:Q24) -> 33600 | R33: =SUM(R4:R24) -> 0 | V33: =SUM(V4:V24) -> 532 | W33: =SUM(W4:W24) -> 0 | AA33: =SUM(AA4:AA24) -> 4358 | AB33: =SUM(AB4:AB24) -> 0 | AF33: =SUM(AF4:AF24) -> 12647 | AG33: =SUM(AG4:AG24) -> 0 | AK33: =SUM(AK4:AK24) -> 19455 | AL33: =SUM(AL4:AL24) -> 3456 | AM33: =SUM(AM4:AM24) -> 5000 | AN33: =SUM(AN4:AN24) -> 4028 | AO33: =SUM(AO4:AO24) -> 4840 | AP33: =SUM(AP4:AP24) -> 17324 | AQ33: =SUM(AQ4:AQ24) -> 6600 | AR33: =SUM(AR4:AR24) -> 8565 | ... AY33: =SUM(AY4:AY24) -> 4030 | AZ33: =SUM(AZ4:AZ32) -> 23783 | BA33: =SUM(BA4:BA32) -> 3123 | BB33: =SUM(BB4:BB32) -> 7945 | BC33: =SUM(BC4:BC32) -> 9383 | BD33: =SUM(BD4:BD32) -> 8272 | BE33: =SUM(BE4:BE32) -> 28723 | BF33: =SUM(BF4:BF32) -> 2313 | BG33: =SUM(BG4:BG32) -> 0 | ... GC33: =SUM(GC4:GC32) -> 234283.9
AU34: =AU33*6 -> 141234 | AZ34: =AZ33*6 -> 142698 | BE34: =BE33*6 -> 172338 | BJ34: =BJ33*6 -> 51714 | BK34: =BK33*6 -> 1263330 | BP34: =BP33*6 -> 117996 | BU34: =BU33*6 -> 148650 | BZ34: =BZ33*6 -> 129108 | CE34: =CE33*6 -> 135000 | CJ34: =CJ33*6 -> 145650 | CO34: =CO33*6 -> 127896 | CT34: =CT33*6 -> 118320 | CY34: =CY33*6 -> 116670 | DD34: =DD33*6 -> 123750 | DI34: =DI33*6 -> 115620 | DN34: =DN33*6 -> 110250 | DS34: =DS33*6 -> 74100 | DY34: =DY33*6 -> 128580 | ED34: =ED33*6 -> 126900 | EI34: =EI33*6 -> 121237.2 | EN34: =EN33*6 -> 124725.6 | ES34: =ES33*6 -> 126684 | EX34: =EX33*6 -> 126867.6 | FC34: =FC33*6 -> 126684 | FH34: =FH33*6 -> 125307 | FM34: =FM33*6 -> 113617.8 | FR34: =FR33*6 -> 96665.4 | FW34: =FW33*6 -> 95747.4 | GB34: =GB33*6 -> 92687.4 | GC34: =203000*6 -> 1218000
DS35: Shipment | DT35: =DT33*6 -> 1463010
DT36: =DT35/6 -> 243835
DS37: Target | DT37: 1455000
DT38: =DT37/6 -> 242500

Sheet Arrival to Regie
B2: SKU Name | C2: 45658 | H2: 45689 | M2: 45717 | R2: 45748 | W2: 45778 | AB2: 45809 | AG2: 45839 | AL2: 45870 | AQ2: 45901 | AV2: 45931 | BA2: 45962 | BF2: 45992 | BK2: Total 2025 | BL2: 46023 | BQ2: 46054 | BV2: 46082 | CA2: 46113 | CF2: 46143 | CK2: 46174 | CP2: 46204 | CU2: 46235 | CZ2: 46266 | DE2: 46296 | DJ2: 46327 | DO2: 46357 | DT2: Total 2026 | DU2: 46388 | DZ2: 46419 | EE2: 46447 | EJ2: 46478 | EO2: 46508 | ET2: 46539 | EY2: 46569 | FD2: 46600 | FI2: 46631 | FN2: 46661 | FS2: 46692 | FX2: 46722 | GC2: Total 2026
B3: SKU Name | C3: W1 | D3: W2 | E3: W3 | F3: W4 | G3: Total | H3: W1 | I3: W2 | J3: W3 | K3: W4 | L3: Total | M3: W1 | N3: W2 | O3: W3 | P3: W4 | Q3: Total | R3: W1 | S3: W2 | T3: W3 | U3: W4 | V3: Total | W3: W1 | X3: W2 | Y3: W3 | Z3: W4 | AA3: Total | AB3: W1 | AC3: W2 | AD3: W3 | AE3: W4 | AF3: Total | AG3: W1 | AH3: W2 | AI3: W3 | AJ3: W4 | AK3: Total | AL3: W1 | AM3: W2 | AN3: W3 | AO3: W4 | AP3: Total | AQ3: W1 | AR3: W2 | AS3: W3 | AT3: W4 | AU3: Total | AV3: W1 | AW3: W2 | AX3: W3 | AY3: W4 | AZ3: Total | BA3: W1 | BB3: W2 | BC3: W3 | BD3: W4 | BE3: Total | BF3: W1 | BG3: W2 | BH3: W3 | BI3: W4 | BJ3: Total | BL3: W1 | BM3: W2 | BN3: W3 | BO3: W4 | BP3: Total | BQ3: W1 | BR3: W2 | BS3: W3 | BT3: W4 | BU3: Total | BV3: W1 | BW3: W2 | BX3: W3 | BY3: W4 | BZ3: Total | CA3: W1 | CB3: W2 | CC3: W3 | CD3: W4 | CE3: Total | CF3: W1 | CG3: W2 | CH3: W3 | CI3: W4 | CJ3: Total | CK3: W1 | CL3: W2 | CM3: W3 | CN3: W4 | CO3: Total | CP3: W1 | CQ3: W2 | CR3: W3 | CS3: W4 | CT3: Total | CU3: W1 | CV3: W2 | CW3: W3 | CX3: W4 | CY3: Total | CZ3: W1 | DA3: W2 | DB3: W3 | DC3: W4 | DD3: Total | DE3: W1 | DF3: W2 | DG3: W3 | DH3: W4 | DI3: Total | DJ3: W1 | DK3: W2 | DL3: W3 | DM3: W4 | DN3: Total | DO3: W1 | DP3: W2 | DQ3: W3 | DR3: W4 | DS3: Total | DU3: W1 | DV3: W2 | DW3: W3 | DX3: W4 | DY3: Total | DZ3: W1 | EA3: W2 | EB3: W3 | EC3: W4 | ED3: Total | EE3: W1 | EF3: W2 | EG3: W3 | EH3: W4 | EI3: Total | EJ3: W1 | EK3: W2 | EL3: W3 | EM3: W4 | EN3: Total | EO3: W1 | EP3: W2 | EQ3: W3 | ER3: W4 | ES3: Total | ET3: W1 | EU3: W2 | EV3: W3 | EW3: W4 | EX3: Total | EY3: W1 | EZ3: W2 | FA3: W3 | FB3: W4 | FC3: Total | FD3: W1 | FE3: W2 | FF3: W3 | FG3: W4 | FH3: Total | FI3: W1 | FJ3: W2 | FK3: W3 | FL3: W4 | FM3: Total | FN3: W1 | FO3: W2 | FP3: W3 | FQ3: W4 | FR3: Total | FS3: W1 | FT3: W2 | FU3: W3 | FV3: W4 | FW3: Total | FX3: W1 | FY3: W2 | FZ3: W3 | GA3: W4 | GB3: Total
A4: 1kg | B4: Al Fakher Grapes & Mint 1kg | G4: 250 | H4: 0 | I4: 0 | J4: 0 | K4: 0 | L4: 0 | M4: 0 | N4: 0 | O4: 0 | P4: 0 | Q4: 770 | R4: 0 | S4: 0 | T4: 0 | U4: 0 | V4: 0 | W4: 0 | X4: 0 | Y4: 0 | Z4: 0 | AA4: 0 | AB4: 0 | AC4: 0 | AD4: 0 | AE4: 0 | AF4: 460 | AG4: 0 | AH4: 0 | AI4: 0 | AJ4: 0 | AK4: 504 | AP4: 0 | AT4: 261 | AU4: =SUM(AQ4:AT4) -> 261 | AY4: 580 | AZ4: =SUM(AV4:AY4) -> 580 | BD4: 0 | BE4: =SUM(BA4:BD4) -> 0 | BH4: 740 | BI4: ='Shipment (Production)'!BG4 -> 0 | BJ4: =SUM(BF4:BI4) -> 740 | BK4: =G4+L4+Q4+V4+AA4+AF4+AK4+AP4+AU4+AZ4+BE4+BJ4 -> 3565 | BN4: ='Shipment (Production)'!BL4 -> 0 | BO4: ='Shipment (Production)'!BM4 -> 0 | BP4: =SUM(BL4:BO4) -> 0 | BQ4: ='Shipment (Production)'!BN4 -> 0 | BR4: ='Shipment (Production)'!BO4 -> 0 | BS4: ='Shipment (Production)'!BQ4 -> 0 | BT4: ='Shipment (Production)'!BR4 -> 0 | BU4: =SUM(BQ4:BT4) -> 0 | BV4: ='Shipment (Production)'!BS4 -> 0 | BW4: ='Shipment (Production)'!BT4 -> 200 | BX4: ='Shipment (Production)'!BV4 -> 0 | BY4: ='Shipment (Production)'!BW4 -> 0 | BZ4: =SUM(BV4:BY4) -> 200 | CA4: ='Shipment (Production)'!BX4 -> 0 | CB4: ='Shipment (Production)'!BY4 -> 380 | CC4: ='Shipment (Production)'!CA4 -> 0 | CD4: ='Shipment (Production)'!CB4 -> 0 | CE4: =SUM(CA4:CD4) -> 380 | CF4: ='Shipment (Production)'!CC4 -> 0 | CG4: ='Shipment (Production)'!CD4 -> 0 | CH4: ='Shipment (Production)'!CF4 -> 0 | CI4: ='Shipment (Production)'!CG4 -> 0 | CJ4: =SUM(CF4:CI4) -> 0 | CK4: ='Shipment (Production)'!CH4 -> 0 | CL4: ='Shipment (Production)'!CI4 -> 300 | CM4: ='Shipment (Production)'!CK4 -> 0 | CN4: ='Shipment (Production)'!CL4 -> 0 | CO4: =SUM(CK4:CN4) -> 300 | CP4: ='Shipment (Production)'!CM4 -> 0 | CQ4: ='Shipment (Production)'!CN4 -> 300 | CR4: ='Shipment (Production)'!CP4 -> 0 | CS4: ='Shipment (Production)'!CQ4 -> 0 | CT4: =SUM(CP4:CS4) -> 300 | CU4: ='Shipment (Production)'!CR4 -> 0 | CV4: ='Shipment (Production)'!CS4 -> 200 | CW4: ='Shipment (Production)'!CU4 -> 0 | CX4: ='Shipment (Production)'!CV4 -> 0 | CY4: =SUM(CU4:CX4) -> 200 | CZ4: ='Shipment (Production)'!CW4 -> 0 | DA4: ='Shipment (Production)'!CX4 -> 300 | DB4: ='Shipment (Production)'!CZ4 -> 0 | DC4: ='Shipment (Production)'!DA4 -> 0 | DD4: =SUM(CZ4:DC4) -> 300 | DE4: ='Shipment (Production)'!DB4 -> 0 | DF4: ='Shipment (Production)'!DC4 -> 300 | DG4: ='Shipment (Production)'!DE4 -> 0 | DH4: ='Shipment (Production)'!DF4 -> 0 | DI4: =SUM(DE4:DH4) -> 300 | DJ4: ='Shipment (Production)'!DG4 -> 0 | DK4: ='Shipment (Production)'!DH4 -> 250 | DL4: ='Shipment (Production)'!DJ4 -> 0 | DM4: ='Shipment (Production)'!DK4 -> 0 | DN4: =SUM(DJ4:DM4) -> 250 | DO4: ='Shipment (Production)'!DL4 -> 0 | DP4: ='Shipment (Production)'!DM4 -> 250 | DQ4: ='Shipment (Production)'!DO4 -> 0 | DR4: ='Shipment (Production)'!DP4 -> 0 | DS4: =SUM(DO4:DR4) -> 250 | DT4: =BP4+BU4+BZ4+CE4+CJ4+CO4+CT4+CY4+DD4+DI4+DN4+DS4 -> 2480 | DU4: ='Shipment (Production)'!DQ4 -> 0 | DV4: ='Shipment (Production)'!DR4 -> 0 | DW4: ='Shipment (Production)'!DU4 -> 250 | DX4: ='Shipment (Production)'!DV4 -> 0 | DY4: =SUM(DU4:DX4) -> 250 | DZ4: ='Shipment (Production)'!DV4 -> 0 | EA4: ='Shipment (Production)'!DW4 -> 0 | EB4: ='Shipment (Production)'!DZ4 -> 230 | EC4: ='Shipment (Production)'!EA4 -> 0 | ED4: =SUM(DZ4:EC4) -> 230 | EE4: ='Shipment (Production)'!EA4 -> 0 | EF4: ='Shipment (Production)'!EB4 -> 0 | EG4: ='Shipment (Production)'!EE4 -> 244.8 | EH4: ='Shipment (Production)'!EF4 -> 0 | EI4: =SUM(EE4:EH4) -> 244.8 | EJ4: ='Shipment (Production)'!EF4 -> 0 | EK4: ='Shipment (Production)'!EG4 -> 0 | EL4: ='Shipment (Production)'!EJ4 -> 285.6 | EM4: ='Shipment (Production)'!EK4 -> 0 | EN4: =SUM(EJ4:EM4) -> 285.6 | EO4: ='Shipment (Production)'!EK4 -> 0 | EP4: ='Shipment (Production)'!EL4 -> 0 | EQ4: ='Shipment (Production)'!EO4 -> 306 | ER4: ='Shipment (Production)'!EP4 -> 0 | ES4: =SUM(EO4:ER4) -> 306 | ET4: ='Shipment (Production)'!EP4 -> 0 | EU4: ='Shipment (Production)'!EQ4 -> 0 | EV4: ='Shipment (Production)'!ET4 -> 306 | EW4: ='Shipment (Production)'!EU4 -> 0 | EX4: =SUM(ET4:EW4) -> 306 | EY4: ='Shipment (Production)'!EU4 -> 0 | EZ4: ='Shipment (Production)'!EV4 -> 0 | FA4: ='Shipment (Production)'!EY4 -> 306 | FB4: ='Shipment (Production)'!EZ4 -> 0 | FC4: =SUM(EY4:FB4) -> 306 | FD4: ='Shipment (Production)'!EZ4 -> 0 | FE4: ='Shipment (Production)'!FA4 -> 0 | FF4: ='Shipment (Production)'!FD4 -> 306 | FG4: ='Shipment (Production)'!FE4 -> 0 | FH4: =SUM(FD4:FG4) -> 306 | FI4: ='Shipment (Production)'!FE4 -> 0 | FJ4: ='Shipment (Production)'!FF4 -> 0 | FK4: ='Shipment (Production)'!FI4 -> 255 | FL4: ='Shipment (Production)'!FJ4 -> 0 | FM4: =SUM(FI4:FL4) -> 255 | FN4: ='Shipment (Production)'!FJ4 -> 0 | FO4: ='Shipment (Production)'!FK4 -> 0 | FP4: ='Shipment (Production)'!FN4 -> 255 | FQ4: ='Shipment (Production)'!FO4 -> 0 | FR4: =SUM(FN4:FQ4) -> 255 | FS4: ='Shipment (Production)'!FO4 -> 0 | FT4: ='Shipment (Production)'!FP4 -> 0 | FU4: ='Shipment (Production)'!FS4 -> 255 | FV4: ='Shipment (Production)'!FT4 -> 0 | FW4: =SUM(FS4:FV4) -> 255 | FX4: ='Shipment (Production)'!FT4 -> 0 | FY4: ='Shipment (Production)'!FU4 -> 0 | FZ4: ='Shipment (Production)'!FX4 -> 255 | GA4: ='Shipment (Production)'!FY4 -> 0 | GB4: =SUM(FX4:GA4) -> 255 | GC4: =ED4+EI4+EN4+ES4+EX4+FC4+FH4+FM4+FR4+FW4+GB4 -> 3004.4
A5: 1kg | B5: Al Fakher Grapes 1kg | G5: 699 | H5: 0 | I5: 0 | J5: 0 | K5: 0 | L5: 1000 | M5: 0 | N5: 0 | O5: 0 | P5: 0 | Q5: 1000 | R5: 0 | S5: 0 | T5: 0 | U5: 0 | V5: 0 | W5: 0 | X5: 0 | Y5: 0 | Z5: 0 | AA5: 0 | AB5: 0 | AC5: 0 | AD5: 0 | AE5: 0 | AF5: 518 | AG5: 0 | AH5: 0 | AI5: 0 | AJ5: 0 | AK5: 953 | AP5: 0 | AT5: 1600 | AU5: =SUM(AQ5:AT5) -> 1600 | AY5: 680 | AZ5: =SUM(AV5:AY5) -> 680 | BD5: 0 | BE5: =SUM(BA5:BD5) -> 0 | BH5: 2782 | BI5: ='Shipment (Production)'!BG5 -> 0 | BJ5: =SUM(BF5:BI5) -> 2782 | BK5: =G5+L5+Q5+V5+AA5+AF5+AK5+AP5+AU5+AZ5+BE5+BJ5 -> 9232 | BN5: ='Shipment (Production)'!BL5 -> 0 | BO5: ='Shipment (Production)'!BM5 -> 0 | BP5: =SUM(BL5:BO5) -> 0 | BQ5: ='Shipment (Production)'!BN5 -> 0 | BR5: ='Shipment (Production)'!BO5 -> 0 | BS5: ='Shipment (Production)'!BQ5 -> 0 | BT5: ='Shipment (Production)'!BR5 -> 0 | BU5: =SUM(BQ5:BT5) -> 0 | BV5: ='Shipment (Production)'!BS5 -> 0 | BW5: ='Shipment (Production)'!BT5 -> 0 | BX5: ='Shipment (Production)'!BV5 -> 0 | BY5: ='Shipment (Production)'!BW5 -> 0 | BZ5: =SUM(BV5:BY5) -> 0 | CA5: ='Shipment (Production)'!BX5 -> 0 | CB5: ='Shipment (Production)'!BY5 -> 800 | CC5: ='Shipment (Production)'!CA5 -> 0 | CD5: ='Shipment (Production)'!CB5 -> 0 | CE5: =SUM(CA5:CD5) -> 800 | CF5: ='Shipment (Production)'!CC5 -> 0 | CG5: ='Shipment (Production)'!CD5 -> 1000 | CH5: ='Shipment (Production)'!CF5 -> 0 | CI5: ='Shipment (Production)'!CG5 -> 0 | CJ5: =SUM(CF5:CI5) -> 1000 | CK5: ='Shipment (Production)'!CH5 -> 600 | CL5: ='Shipment (Production)'!CI5 -> 0 | CM5: ='Shipment (Production)'!CK5 -> 0 | CN5: ='Shipment (Production)'!CL5 -> 0 | CO5: =SUM(CK5:CN5) -> 600 | CP5: ='Shipment (Production)'!CM5 -> 400 | CQ5: ='Shipment (Production)'!CN5 -> 0 | CR5: ='Shipment (Production)'!CP5 -> 0 | CS5: ='Shipment (Production)'!CQ5 -> 0 | CT5: =SUM(CP5:CS5) -> 400 | CU5: ='Shipment (Production)'!CR5 -> 0 | CV5: ='Shipment (Production)'!CS5 -> 0 | CW5: ='Shipment (Production)'!CU5 -> 0 | CX5: ='Shipment (Production)'!CV5 -> 0 | CY5: =SUM(CU5:CX5) -> 0 | CZ5: ='Shipment (Production)'!CW5 -> 0 | DA5: ='Shipment (Production)'!CX5 -> 0 | DB5: ='Shipment (Production)'!CZ5 -> 0 | DC5: ='Shipment (Production)'!DA5 -> 0 | DD5: =SUM(CZ5:DC5) -> 0 | DE5: ='Shipment (Production)'!DB5 -> 0 | DF5: ='Shipment (Production)'!DC5 -> 0 | DG5: ='Shipment (Production)'!DE5 -> 0 | DH5: ='Shipment (Production)'!DF5 -> 0 | DI5: =SUM(DE5:DH5) -> 0 | DJ5: ='Shipment (Production)'!DG5 -> 0 | DK5: ='Shipment (Production)'!DH5 -> 0 | DL5: ='Shipment (Production)'!DJ5 -> 0 | DM5: ='Shipment (Production)'!DK5 -> 0 | DN5: =SUM(DJ5:DM5) -> 0 | DO5: ='Shipment (Production)'!DL5 -> 0 | DP5: ='Shipment (Production)'!DM5 -> 0 | DQ5: ='Shipment (Production)'!DO5 -> 0 | DR5: ='Shipment (Production)'!DP5 -> 0 | DS5: =SUM(DO5:DR5) -> 0 | DT5: =BP5+BU5+BZ5+CE5+CJ5+CO5+CT5+CY5+DD5+DI5+DN5+DS5 -> 2800 | DU5: ='Shipment (Production)'!DQ5 -> 0 | DV5: ='Shipment (Production)'!DR5 -> 0 | DW5: ='Shipment (Production)'!DU5 -> 800 | DX5: ='Shipment (Production)'!DV5 -> 0 | DY5: =SUM(DU5:DX5) -> 800 | DZ5: ='Shipment (Production)'!DV5 -> 0 | EA5: ='Shipment (Production)'!DW5 -> 0 | EB5: ='Shipment (Production)'!DZ5 -> 800 | EC5: ='Shipment (Production)'!EA5 -> 0 | ED5: =SUM(DZ5:EC5) -> 800 | EE5: ='Shipment (Production)'!EA5 -> 0 | EF5: ='Shipment (Production)'!EB5 -> 0 | EG5: ='Shipment (Production)'!EE5 -> 816 | EH5: ='Shipment (Production)'!EF5 -> 0 | EI5: =SUM(EE5:EH5) -> 816 | EJ5: ='Shipment (Production)'!EF5 -> 0 | EK5: ='Shipment (Production)'!EG5 -> 0 | EL5: ='Shipment (Production)'!EJ5 -> 918 | EM5: ='Shipment (Production)'!EK5 -> 0 | EN5: =SUM(EJ5:EM5) -> 918 | EO5: ='Shipment (Production)'!EK5 -> 0 | EP5: ='Shipment (Production)'!EL5 -> 0 | EQ5: ='Shipment (Production)'!EO5 -> 918 | ER5: ='Shipment (Production)'!EP5 -> 0 | ES5: =SUM(EO5:ER5) -> 918 | ET5: ='Shipment (Production)'!EP5 -> 0 | EU5: ='Shipment (Production)'!EQ5 -> 0 | EV5: ='Shipment (Production)'!ET5 -> 918 | EW5: ='Shipment (Production)'!EU5 -> 0 | EX5: =SUM(ET5:EW5) -> 918 | EY5: ='Shipment (Production)'!EU5 -> 0 | EZ5: ='Shipment (Production)'!EV5 -> 0 | FA5: ='Shipment (Production)'!EY5 -> 918 | FB5: ='Shipment (Production)'!EZ5 -> 0 | FC5: =SUM(EY5:FB5) -> 918 | FD5: ='Shipment (Production)'!EZ5 -> 0 | FE5: ='Shipment (Production)'!FA5 -> 0 | FF5: ='Shipment (Production)'!FD5 -> 918 | FG5: ='Shipment (Production)'!FE5 -> 0 | FH5: =SUM(FD5:FG5) -> 918 | FI5: ='Shipment (Production)'!FE5 -> 0 | FJ5: ='Shipment (Production)'!FF5 -> 0 | FK5: ='Shipment (Production)'!FI5 -> 714 | FL5: ='Shipment (Production)'!FJ5 -> 0 | FM5: =SUM(FI5:FL5) -> 714 | FN5: ='Shipment (Production)'!FJ5 -> 0 | FO5: ='Shipment (Production)'!FK5 -> 0 | FP5: ='Shipment (Production)'!FN5 -> 714 | FQ5: ='Shipment (Production)'!FO5 -> 0 | FR5: =SUM(FN5:FQ5) -> 714 | FS5: ='Shipment (Production)'!FO5 -> 0 | FT5: ='Shipment (Production)'!FP5 -> 0 | FU5: ='Shipment (Production)'!FS5 -> 714 | FV5: ='Shipment (Production)'!FT5 -> 0 | FW5: =SUM(FS5:FV5) -> 714 | FX5: ='Shipment (Production)'!FT5 -> 0 | FY5: ='Shipment (Production)'!FU5 -> 0 | FZ5: ='Shipment (Production)'!FX5 -> 714 | GA5: ='Shipment (Production)'!FY5 -> 0 | GB5: =SUM(FX5:GA5) -> 714 | GC5: =ED5+EI5+EN5+ES5+EX5+FC5+FH5+FM5+FR5+FW5+GB5+DY5 -> 9862
A6: 1kg | B6: Al Fakher Lemon Mint 1kg | G6: 74 | H6: 0 | I6: 0 | J6: 0 | K6: 0 | L6: 900 | M6: 0 | N6: 0 | O6: 0 | P6: 0 | Q6: 670 | R6: 0 | S6: 0 | T6: 0 | U6: 0 | V6: 0 | W6: 0 | X6: 0 | Y6: 0 | Z6: 0 | AA6: 0 | AB6: 0 | AC6: 0 | AD6: 0 | AE6: 0 | AF6: 0 | AG6: 0 | AH6: 0 | AI6: 0 | AJ6: 0 | AK6: 601 | AP6: 0 | AT6: 348 | AU6: =SUM(AQ6:AT6) -> 348 | AY6: 1010 | AZ6: =SUM(AV6:AY6) -> 1010 | BD6: 0 | BE6: =SUM(BA6:BD6) -> 0 | BH6: 795 | BI6: ='Shipment (Production)'!BG6 -> 0 | BJ6: =SUM(BF6:BI6) -> 795 | BK6: =G6+L6+Q6+V6+AA6+AF6+AK6+AP6+AU6+AZ6+BE6+BJ6 -> 4398 | BN6: ='Shipment (Production)'!BL6 -> 0 | BO6: ='Shipment (Production)'!BM6 -> 0 | BP6: =SUM(BL6:BO6) -> 0 | BQ6: ='Shipment (Production)'!BN6 -> 0 | BR6: ='Shipment (Production)'!BO6 -> 200 | BS6: ='Shipment (Production)'!BQ6 -> 0 | BT6: ='Shipment (Production)'!BR6 -> 0 | BU6: =SUM(BQ6:BT6) -> 200 | BV6: ='Shipment (Production)'!BS6 -> 0 | BW6: ='Shipment (Production)'!BT6 -> 400 | BX6: ='Shipment (Production)'!BV6 -> 0 | BY6: ='Shipment (Production)'!BW6 -> 0 | BZ6: =SUM(BV6:BY6) -> 400 | CA6: ='Shipment (Production)'!BX6 -> 0 | CB6: ='Shipment (Production)'!BY6 -> 400 | CC6: ='Shipment (Production)'!CA6 -> 0 | CD6: ='Shipment (Production)'!CB6 -> 0 | CE6: =SUM(CA6:CD6) -> 400 | CF6: ='Shipment (Production)'!CC6 -> 0 | CG6: ='Shipment (Production)'!CD6 -> 600 | CH6: ='Shipment (Production)'!CF6 -> 0 | CI6: ='Shipment (Production)'!CG6 -> 0 | CJ6: =SUM(CF6:CI6) -> 600 | CK6: ='Shipment (Production)'!CH6 -> 0 | CL6: ='Shipment (Production)'!CI6 -> 600 | CM6: ='Shipment (Production)'!CK6 -> 0 | CN6: ='Shipment (Production)'!CL6 -> 0 | CO6: =SUM(CK6:CN6) -> 600 | CP6: ='Shipment (Production)'!CM6 -> 0 | CQ6: ='Shipment (Production)'!CN6 -> 766 | CR6: ='Shipment (Production)'!CP6 -> 0 | CS6: ='Shipment (Production)'!CQ6 -> 0 | CT6: =SUM(CP6:CS6) -> 766 | CU6: ='Shipment (Production)'!CR6 -> 0 | CV6: ='Shipment (Production)'!CS6 -> 0 | CW6: ='Shipment (Production)'!CU6 -> 0 | CX6: ='Shipment (Production)'!CV6 -> 0 | CY6: =SUM(CU6:CX6) -> 0 | CZ6: ='Shipment (Production)'!CW6 -> 400 | DA6: ='Shipment (Production)'!CX6 -> 0 | DB6: ='Shipment (Production)'!CZ6 -> 0 | DC6: ='Shipment (Production)'!DA6 -> 0 | DD6: =SUM(CZ6:DC6) -> 400 | DE6: ='Shipment (Production)'!DB6 -> 300 | DF6: ='Shipment (Production)'!DC6 -> 0 | DG6: ='Shipment (Production)'!DE6 -> 0 | DH6: ='Shipment (Production)'!DF6 -> 0 | DI6: =SUM(DE6:DH6) -> 300 | DJ6: ='Shipment (Production)'!DG6 -> 0 | DK6: ='Shipment (Production)'!DH6 -> 300 | DL6: ='Shipment (Production)'!DJ6 -> 0 | DM6: ='Shipment (Production)'!DK6 -> 0 | DN6: =SUM(DJ6:DM6) -> 300 | DO6: ='Shipment (Production)'!DL6 -> 0 | DP6: ='Shipment (Production)'!DM6 -> 500 | DQ6: ='Shipment (Production)'!DO6 -> 0 | DR6: ='Shipment (Production)'!DP6 -> 0 | DS6: =SUM(DO6:DR6) -> 500 | DT6: =BP6+BU6+BZ6+CE6+CJ6+CO6+CT6+CY6+DD6+DI6+DN6+DS6 -> 4466 | DU6: ='Shipment (Production)'!DQ6 -> 0 | DV6: ='Shipment (Production)'!DR6 -> 0 | DW6: ='Shipment (Production)'!DU6 -> 400 | DX6: ='Shipment (Production)'!DV6 -> 0 | DY6: =SUM(DU6:DX6) -> 400 | DZ6: ='Shipment (Production)'!DV6 -> 0 | EA6: ='Shipment (Production)'!DW6 -> 0 | EB6: ='Shipment (Production)'!DZ6 -> 400 | EC6: ='Shipment (Production)'!EA6 -> 0 | ED6: =SUM(DZ6:EC6) -> 400 | EE6: ='Shipment (Production)'!EA6 -> 0 | EF6: ='Shipment (Production)'!EB6 -> 0 | EG6: ='Shipment (Production)'!EE6 -> 408 | EH6: ='Shipment (Production)'!EF6 -> 0 | EI6: =SUM(EE6:EH6) -> 408 | EJ6: ='Shipment (Production)'!EF6 -> 0 | EK6: ='Shipment (Production)'!EG6 -> 0 | EL6: ='Shipment (Production)'!EJ6 -> 510 | EM6: ='Shipment (Production)'!EK6 -> 0 | EN6: =SUM(EJ6:EM6) -> 510 | EO6: ='Shipment (Production)'!EK6 -> 0 | EP6: ='Shipment (Production)'!EL6 -> 0 | EQ6: ='Shipment (Production)'!EO6 -> 612 | ER6: ='Shipment (Production)'!EP6 -> 0 | ES6: =SUM(EO6:ER6) -> 612 | ET6: ='Shipment (Production)'!EP6 -> 0 | EU6: ='Shipment (Production)'!EQ6 -> 0 | EV6: ='Shipment (Production)'!ET6 -> 612 | EW6: ='Shipment (Production)'!EU6 -> 0 | EX6: =SUM(ET6:EW6) -> 612 | EY6: ='Shipment (Production)'!EU6 -> 0 | EZ6: ='Shipment (Production)'!EV6 -> 0 | FA6: ='Shipment (Production)'!EY6 -> 612 | FB6: ='Shipment (Production)'!EZ6 -> 0 | FC6: =SUM(EY6:FB6) -> 612 | FD6: ='Shipment (Production)'!EZ6 -> 0 | FE6: ='Shipment (Production)'!FA6 -> 0 | FF6: ='Shipment (Production)'!FD6 -> 510 | FG6: ='Shipment (Production)'!FE6 -> 0 | FH6: =SUM(FD6:FG6) -> 510 | FI6: ='Shipment (Production)'!FE6 -> 0 | FJ6: ='Shipment (Production)'!FF6 -> 0 | FK6: ='Shipment (Production)'!FI6 -> 306 | FL6: ='Shipment (Production)'!FJ6 -> 0 | FM6: =SUM(FI6:FL6) -> 306 | FN6: ='Shipment (Production)'!FJ6 -> 0 | FO6: ='Shipment (Production)'!FK6 -> 0 | FP6: ='Shipment (Production)'!FN6 -> 306 | FQ6: ='Shipment (Production)'!FO6 -> 0 | FR6: =SUM(FN6:FQ6) -> 306 | FS6: ='Shipment (Production)'!FO6 -> 0 | FT6: ='Shipment (Production)'!FP6 -> 0 | FU6: ='Shipment (Production)'!FS6 -> 306 | FV6: ='Shipment (Production)'!FT6 -> 0 | FW6: =SUM(FS6:FV6) -> 306 | FX6: ='Shipment (Production)'!FT6 -> 0 | FY6: ='Shipment (Production)'!FU6 -> 0 | FZ6: ='Shipment (Production)'!FX6 -> 306 | GA6: ='Shipment (Production)'!FY6 -> 0 | GB6: =SUM(FX6:GA6) -> 306 | GC6: =ED6+EI6+EN6+ES6+EX6+FC6+FH6+FM6+FR6+FW6+GB6+DY6 -> 5288
A7: 1kg | B7: Al Fakher Mint 1kg | G7: 749 | H7: 0 | I7: 0 | J7: 0 | K7: 0 | L7: 680 | M7: 0 | N7: 0 | O7: 0 | P7: 0 | Q7: 1000 | R7: 0 | S7: 0 | T7: 0 | U7: 0 | V7: 0 | W7: 0 | X7: 0 | Y7: 0 | Z7: 0 | AA7: 0 | AB7: 0 | AC7: 0 | AD7: 0 | AE7: 0 | AF7: 0 | AG7: 0 | AH7: 0 | AI7: 0 | AJ7: 0 | AK7: 1499 | AP7: 0 | AT7: 0 | AU7: =SUM(AQ7:AT7) -> 0 | AY7: 1349 | AZ7: =SUM(AV7:AY7) -> 1349 | BD7: 0 | BE7: =SUM(BA7:BD7) -> 0 | BH7: 1249 | BI7: ='Shipment (Production)'!BG7 -> 0 | BJ7: =SUM(BF7:BI7) -> 1249 | BK7: =G7+L7+Q7+V7+AA7+AF7+AK7+AP7+AU7+AZ7+BE7+BJ7 -> 6526 | BN7: ='Shipment (Production)'!BL7 -> 0 | BO7: ='Shipment (Production)'!BM7 -> 0 | BP7: =SUM(BL7:BO7) -> 0 | BQ7: ='Shipment (Production)'!BN7 -> 0 | BR7: ='Shipment (Production)'!BO7 -> 114 | BS7: ='Shipment (Production)'!BQ7 -> 0 | BT7: ='Shipment (Production)'!BR7 -> 0 | BU7: =SUM(BQ7:BT7) -> 114 | BV7: ='Shipment (Production)'!BS7 -> 0 | BW7: ='Shipment (Production)'!BT7 -> 550 | BX7: ='Shipment (Production)'!BV7 -> 0 | BY7: ='Shipment (Production)'!BW7 -> 0 | BZ7: =SUM(BV7:BY7) -> 550 | CA7: ='Shipment (Production)'!BX7 -> 0 | CB7: ='Shipment (Production)'!BY7 -> 400 | CC7: ='Shipment (Production)'!CA7 -> 0 | CD7: ='Shipment (Production)'!CB7 -> 0 | CE7: =SUM(CA7:CD7) -> 400 | CF7: ='Shipment (Production)'!CC7 -> 0 | CG7: ='Shipment (Production)'!CD7 -> 650 | CH7: ='Shipment (Production)'!CF7 -> 0 | CI7: ='Shipment (Production)'!CG7 -> 0 | CJ7: =SUM(CF7:CI7) -> 650 | CK7: ='Shipment (Production)'!CH7 -> 0 | CL7: ='Shipment (Production)'!CI7 -> 550 | CM7: ='Shipment (Production)'!CK7 -> 0 | CN7: ='Shipment (Production)'!CL7 -> 0 | CO7: =SUM(CK7:CN7) -> 550 | CP7: ='Shipment (Production)'!CM7 -> 0 | CQ7: ='Shipment (Production)'!CN7 -> 300 | CR7: ='Shipment (Production)'!CP7 -> 0 | CS7: ='Shipment (Production)'!CQ7 -> 0 | CT7: =SUM(CP7:CS7) -> 300 | CU7: ='Shipment (Production)'!CR7 -> 0 | CV7: ='Shipment (Production)'!CS7 -> 0 | CW7: ='Shipment (Production)'!CU7 -> 0 | CX7: ='Shipment (Production)'!CV7 -> 0 | CY7: =SUM(CU7:CX7) -> 0 | CZ7: ='Shipment (Production)'!CW7 -> 0 | DA7: ='Shipment (Production)'!CX7 -> 0 | DB7: ='Shipment (Production)'!CZ7 -> 0 | DC7: ='Shipment (Production)'!DA7 -> 0 | DD7: =SUM(CZ7:DC7) -> 0 | DE7: ='Shipment (Production)'!DB7 -> 0 | DF7: ='Shipment (Production)'!DC7 -> 0 | DG7: ='Shipment (Production)'!DE7 -> 0 | DH7: ='Shipment (Production)'!DF7 -> 0 | DI7: =SUM(DE7:DH7) -> 0 | DJ7: ='Shipment (Production)'!DG7 -> 0 | DK7: ='Shipment (Production)'!DH7 -> 350 | DL7: ='Shipment (Production)'!DJ7 -> 0 | DM7: ='Shipment (Production)'!DK7 -> 0 | DN7: =SUM(DJ7:DM7) -> 350 | DO7: ='Shipment (Production)'!DL7 -> 0 | DP7: ='Shipment (Production)'!DM7 -> 300 | DQ7: ='Shipment (Production)'!DO7 -> 0 | DR7: ='Shipment (Production)'!DP7 -> 200 | DS7: =SUM(DO7:DR7) -> 500 | DT7: =BP7+BU7+BZ7+CE7+CJ7+CO7+CT7+CY7+DD7+DI7+DN7+DS7 -> 3414 | DU7: ='Shipment (Production)'!DQ7 -> 0 | DV7: ='Shipment (Production)'!DR7 -> 0 | DW7: ='Shipment (Production)'!DU7 -> 550 | DX7: ='Shipment (Production)'!DV7 -> 0 | DY7: =SUM(DU7:DX7) -> 550 | DZ7: ='Shipment (Production)'!DV7 -> 0 | EA7: ='Shipment (Production)'!DW7 -> 0 | EB7: ='Shipment (Production)'!DZ7 -> 550 | EC7: ='Shipment (Production)'!EA7 -> 0 | ED7: =SUM(DZ7:EC7) -> 550 | EE7: ='Shipment (Production)'!EA7 -> 0 | EF7: ='Shipment (Production)'!EB7 -> 0 | EG7: ='Shipment (Production)'!EE7 -> 561 | EH7: ='Shipment (Production)'!EF7 -> 0 | EI7: =SUM(EE7:EH7) -> 561 | EJ7: ='Shipment (Production)'!EF7 -> 0 | EK7: ='Shipment (Production)'!EG7 -> 0 | EL7: ='Shipment (Production)'!EJ7 -> 561 | EM7: ='Shipment (Production)'!EK7 -> 0 | EN7: =SUM(EJ7:EM7) -> 561 | EO7: ='Shipment (Production)'!EK7 -> 0 | EP7: ='Shipment (Production)'!EL7 -> 0 | EQ7: ='Shipment (Production)'!EO7 -> 561 | ER7: ='Shipment (Production)'!EP7 -> 0 | ES7: =SUM(EO7:ER7) -> 561 | ET7: ='Shipment (Production)'!EP7 -> 0 | EU7: ='Shipment (Production)'!EQ7 -> 0 | EV7: ='Shipment (Production)'!ET7 -> 561 | EW7: ='Shipment (Production)'!EU7 -> 0 | EX7: =SUM(ET7:EW7) -> 561 | EY7: ='Shipment (Production)'!EU7 -> 0 | EZ7: ='Shipment (Production)'!EV7 -> 0 | FA7: ='Shipment (Production)'!EY7 -> 561 | FB7: ='Shipment (Production)'!EZ7 -> 0 | FC7: =SUM(EY7:FB7) -> 561 | FD7: ='Shipment (Production)'!EZ7 -> 0 | FE7: ='Shipment (Production)'!FA7 -> 0 | FF7: ='Shipment (Production)'!FD7 -> 561 | FG7: ='Shipment (Production)'!FE7 -> 0 | FH7: =SUM(FD7:FG7) -> 561 | FI7: ='Shipment (Production)'!FE7 -> 0 | FJ7: ='Shipment (Production)'!FF7 -> 0 | FK7: ='Shipment (Production)'!FI7 -> 510 | FL7: ='Shipment (Production)'!FJ7 -> 0 | FM7: =SUM(FI7:FL7) -> 510 | FN7: ='Shipment (Production)'!FJ7 -> 0 | FO7: ='Shipment (Production)'!FK7 -> 0 | FP7: ='Shipment (Production)'!FN7 -> 510 | FQ7: ='Shipment (Production)'!FO7 -> 0 | FR7: =SUM(FN7:FQ7) -> 510 | FS7: ='Shipment (Production)'!FO7 -> 0 | FT7: ='Shipment (Production)'!FP7 -> 0 | FU7: ='Shipment (Production)'!FS7 -> 510 | FV7: ='Shipment (Production)'!FT7 -> 0 | FW7: =SUM(FS7:FV7) -> 510 | FX7: ='Shipment (Production)'!FT7 -> 0 | FY7: ='Shipment (Production)'!FU7 -> 0 | FZ7: ='Shipment (Production)'!FX7 -> 510 | GA7: ='Shipment (Production)'!FY7 -> 0 | GB7: =SUM(FX7:GA7) -> 510 | GC7: =ED7+EI7+EN7+ES7+EX7+FC7+FH7+FM7+FR7+FW7+GB7+DY7 -> 6506
A8: 1kg | B8: Al Fakher Two apple 1kg | G8: 550 | H8: 0 | I8: 0 | J8: 0 | K8: 0 | L8: 6264 | M8: 0 | N8: 0 | O8: 0 | P8: 0 | Q8: 4654 | R8: 0 | S8: 0 | T8: 0 | U8: 0 | V8: 5000 | W8: 0 | X8: 0 | Y8: 0 | Z8: 0 | AA8: 0 | AB8: 0 | AC8: 0 | AD8: 0 | AE8: 0 | AF8: 3000 | AG8: 0 | AH8: 0 | AI8: 0 | AJ8: 0 | AK8: 2000 | AP8: 4904 | AT8: 1596 | AU8: =SUM(AQ8:AT8) -> 1596 | AY8: 10000 | AZ8: =SUM(AV8:AY8) -> 10000 | BD8: 6002 | BE8: =SUM(BA8:BD8) -> 6002 | BH8: 2583 | BI8: ='Shipment (Production)'!BG8 -> 0 | BJ8: =SUM(BF8:BI8) -> 2583 | BK8: =G8+L8+Q8+V8+AA8+AF8+AK8+AP8+AU8+AZ8+BE8+BJ8 -> 46553 | BN8: ='Shipment (Production)'!BL8 -> 0 | BO8: 3500 | BP8: =SUM(BL8:BO8) -> 3500 | BS8: ='Shipment (Production)'!BQ8 -> 0 | BT8: ='Shipment (Production)'!BR8 -> 0 | BU8: =SUM(BQ8:BT8) -> 0 | BV8: ='Shipment (Production)'!BS8 -> 4000 | BW8: ='Shipment (Production)'!BT8 -> 3182 | BX8: ='Shipment (Production)'!BV8 -> 0 | BY8: ='Shipment (Production)'!BW8 -> 0 | BZ8: =SUM(BV8:BY8) -> 7182 | CA8: ='Shipment (Production)'!BX8 -> 1818 | CB8: ='Shipment (Production)'!BY8 -> 1000 | CC8: ='Shipment (Production)'!CA8 -> 0 | CD8: ='Shipment (Production)'!CB8 -> 0 | CE8: =SUM(CA8:CD8) -> 2818 | CF8: ='Shipment (Production)'!CC8 -> 5000 | CG8: ='Shipment (Production)'!CD8 -> 700 | CH8: ='Shipment (Production)'!CF8 -> 0 | CI8: ='Shipment (Production)'!CG8 -> 0 | CJ8: =SUM(CF8:CI8) -> 5700 | CK8: ='Shipment (Production)'!CH8 -> 6500 | CL8: ='Shipment (Production)'!CI8 -> 0 | CM8: ='Shipment (Production)'!CK8 -> 0 | CN8: ='Shipment (Production)'!CL8 -> 0 | CO8: =SUM(CK8:CN8) -> 6500 | CP8: ='Shipment (Production)'!CM8 -> 5000 | CQ8: ='Shipment (Production)'!CN8 -> 0 | CR8: ='Shipment (Production)'!CP8 -> 0 | CS8: ='Shipment (Production)'!CQ8 -> 0 | CT8: =SUM(CP8:CS8) -> 5000 | CU8: ='Shipment (Production)'!CR8 -> 5000 | CV8: ='Shipment (Production)'!CS8 -> 0 | CW8: ='Shipment (Production)'!CU8 -> 0 | CX8: ='Shipment (Production)'!CV8 -> 0 | CY8: =SUM(CU8:CX8) -> 5000 | CZ8: ='Shipment (Production)'!CW8 -> 5000 | DA8: ='Shipment (Production)'!CX8 -> 0 | DB8: ='Shipment (Production)'!CZ8 -> 0 | DC8: ='Shipment (Production)'!DA8 -> 0 | DD8: =SUM(CZ8:DC8) -> 5000 | DE8: ='Shipment (Production)'!DB8 -> 5000 | DF8: ='Shipment (Production)'!DC8 -> 0 | DG8: ='Shipment (Production)'!DE8 -> 0 | DH8: ='Shipment (Production)'!DF8 -> 0 | DI8: =SUM(DE8:DH8) -> 5000 | DJ8: ='Shipment (Production)'!DG8 -> 4500 | DK8: ='Shipment (Production)'!DH8 -> 0 | DL8: ='Shipment (Production)'!DJ8 -> 0 | DM8: ='Shipment (Production)'!DK8 -> 0 | DN8: =SUM(DJ8:DM8) -> 4500 | DO8: ='Shipment (Production)'!DL8 -> 3500 | DP8: ='Shipment (Production)'!DM8 -> 0 | DQ8: ='Shipment (Production)'!DO8 -> 0 | DR8: ='Shipment (Production)'!DP8 -> 2500 | DS8: =SUM(DO8:DR8) -> 6000 | DT8: =BP8+BU8+BZ8+CE8+CJ8+CO8+CT8+CY8+DD8+DI8+DN8+DS8 -> 56200 | DU8: ='Shipment (Production)'!DQ8 -> 0 | DV8: ='Shipment (Production)'!DR8 -> 0 | DW8: ='Shipment (Production)'!DU8 -> 4000 | DX8: ='Shipment (Production)'!DV8 -> 0 | DY8: =SUM(DU8:DX8) -> 4000 | DZ8: ='Shipment (Production)'!DV8 -> 0 | EA8: ='Shipment (Production)'!DW8 -> 0 | EB8: ='Shipment (Production)'!DZ8 -> 4000 | EC8: ='Shipment (Production)'!EA8 -> 0 | ED8: =SUM(DZ8:EC8) -> 4000 | EE8: ='Shipment (Production)'!EA8 -> 0 | EF8: ='Shipment (Production)'!EB8 -> 0 | EG8: ='Shipment (Production)'!EE8 -> 3570 | EH8: ='Shipment (Production)'!EF8 -> 0 | EI8: =SUM(EE8:EH8) -> 3570 | EJ8: ='Shipment (Production)'!EF8 -> 0 | EK8: ='Shipment (Production)'!EG8 -> 0 | EL8: ='Shipment (Production)'!EJ8 -> 4080 | EM8: ='Shipment (Production)'!EK8 -> 0 | EN8: =SUM(EJ8:EM8) -> 4080 | EO8: ='Shipment (Production)'!EK8 -> 0 | EP8: ='Shipment (Production)'!EL8 -> 0 | EQ8: ='Shipment (Production)'!EO8 -> 4080 | ER8: ='Shipment (Production)'!EP8 -> 0 | ES8: =SUM(EO8:ER8) -> 4080 | ET8: ='Shipment (Production)'!EP8 -> 0 | EU8: ='Shipment (Production)'!EQ8 -> 0 | EV8: ='Shipment (Production)'!ET8 -> 4080 | EW8: ='Shipment (Production)'!EU8 -> 0 | EX8: =SUM(ET8:EW8) -> 4080 | EY8: ='Shipment (Production)'!EU8 -> 0 | EZ8: ='Shipment (Production)'!EV8 -> 0 | FA8: ='Shipment (Production)'!EY8 -> 4080 | FB8: ='Shipment (Production)'!EZ8 -> 0 | FC8: =SUM(EY8:FB8) -> 4080 | FD8: ='Shipment (Production)'!EZ8 -> 0 | FE8: ='Shipment (Production)'!FA8 -> 0 | FF8: ='Shipment (Production)'!FD8 -> 4080 | FG8: ='Shipment (Production)'!FE8 -> 0 | FH8: =SUM(FD8:FG8) -> 4080 | FI8: ='Shipment (Production)'!FE8 -> 0 | FJ8: ='Shipment (Production)'!FF8 -> 0 | FK8: ='Shipment (Production)'!FI8 -> 3060 | FL8: ='Shipment (Production)'!FJ8 -> 0 | FM8: =SUM(FI8:FL8) -> 3060 | FN8: ='Shipment (Production)'!FJ8 -> 0 | FO8: ='Shipment (Production)'!FK8 -> 0 | FP8: ='Shipment (Production)'!FN8 -> 3060 | FQ8: ='Shipment (Production)'!FO8 -> 0 | FR8: =SUM(FN8:FQ8) -> 3060 | FS8: ='Shipment (Production)'!FO8 -> 0 | FT8: ='Shipment (Production)'!FP8 -> 0 | FU8: ='Shipment (Production)'!FS8 -> 3060 | FV8: ='Shipment (Production)'!FT8 -> 0 | FW8: =SUM(FS8:FV8) -> 3060 | FX8: ='Shipment (Production)'!FT8 -> 0 | FY8: ='Shipment (Production)'!FU8 -> 0 | FZ8: ='Shipment (Production)'!FX8 -> 3060 | GA8: ='Shipment (Production)'!FY8 -> 0 | GB8: =SUM(FX8:GA8) -> 3060 | GC8: =ED8+EI8+EN8+ES8+EX8+FC8+FH8+FM8+FR8+FW8+GB8+DY8 -> 44210
A9: 250g | B9: Al Fakher Grapes & Mint 250g | G9: 0 | H9: 0 | I9: 0 | J9: 0 | K9: 0 | L9: 0 | M9: 0 | N9: 0 | O9: 0 | P9: 0 | Q9: 500 | R9: 0 | S9: 0 | T9: 0 | U9: 0 | V9: 0 | W9: 0 | X9: 0 | Y9: 0 | Z9: 0 | AA9: 0 | AB9: 0 | AC9: 0 | AD9: 0 | AE9: 0 | AF9: 0 | AG9: 0 | AH9: 0 | AI9: 0 | AJ9: 0 | AK9: 406 | AP9: 0 | AT9: 0 | AU9: =SUM(AQ9:AT9) -> 0 | AY9: 173 | AZ9: =SUM(AV9:AY9) -> 173 | BD9: 0 | BE9: =SUM(BA9:BD9) -> 0 | BH9: 225 | BI9: ='Shipment (Production)'!BG9 -> 0 | BJ9: =SUM(BF9:BI9) -> 225 | BK9: =G9+L9+Q9+V9+AA9+AF9+AK9+AP9+AU9+AZ9+BE9+BJ9 -> 1304 | BN9: ='Shipment (Production)'!BL9 -> 0 | BO9: ='Shipment (Production)'!BM9 -> 0 | BP9: =SUM(BL9:BO9) -> 0 | BQ9: ='Shipment (Production)'!BN9 -> 0 | BR9: ='Shipment (Production)'!BO9 -> 288 | BS9: ='Shipment (Production)'!BQ9 -> 0 | BT9: ='Shipment (Production)'!BR9 -> 0 | BU9: =SUM(BQ9:BT9) -> 288 | BV9: ='Shipment (Production)'!BS9 -> 0 | BW9: ='Shipment (Production)'!BT9 -> 200 | BX9: ='Shipment (Production)'!BV9 -> 0 | BY9: ='Shipment (Production)'!BW9 -> 0 | BZ9: =SUM(BV9:BY9) -> 200 | CA9: ='Shipment (Production)'!BX9 -> 0 | CB9: ='Shipment (Production)'!BY9 -> 150 | CC9: ='Shipment (Production)'!CA9 -> 0 | CD9: ='Shipment (Production)'!CB9 -> 0 | CE9: =SUM(CA9:CD9) -> 150 | CF9: ='Shipment (Production)'!CC9 -> 0 | CG9: ='Shipment (Production)'!CD9 -> 100 | CH9: ='Shipment (Production)'!CF9 -> 0 | CI9: ='Shipment (Production)'!CG9 -> 0 | CJ9: =SUM(CF9:CI9) -> 100 | CK9: ='Shipment (Production)'!CH9 -> 0 | CL9: ='Shipment (Production)'!CI9 -> 175 | CM9: ='Shipment (Production)'!CK9 -> 0 | CN9: ='Shipment (Production)'!CL9 -> 0 | CO9: =SUM(CK9:CN9) -> 175 | CP9: ='Shipment (Production)'!CM9 -> 0 | CQ9: ='Shipment (Production)'!CN9 -> 250 | CR9: ='Shipment (Production)'!CP9 -> 0 | CS9: ='Shipment (Production)'!CQ9 -> 0 | CT9: =SUM(CP9:CS9) -> 250 | CU9: ='Shipment (Production)'!CR9 -> 0 | CV9: ='Shipment (Production)'!CS9 -> 0 | CW9: ='Shipment (Production)'!CU9 -> 0 | CX9: ='Shipment (Production)'!CV9 -> 0 | CY9: =SUM(CU9:CX9) -> 0 | CZ9: ='Shipment (Production)'!CW9 -> 0 | DA9: ='Shipment (Production)'!CX9 -> 0 | DB9: ='Shipment (Production)'!CZ9 -> 0 | DC9: ='Shipment (Production)'!DA9 -> 0 | DD9: =SUM(CZ9:DC9) -> 0 | DE9: ='Shipment (Production)'!DB9 -> 0 | DF9: ='Shipment (Production)'!DC9 -> 100 | DG9: ='Shipment (Production)'!DE9 -> 0 | DH9: ='Shipment (Production)'!DF9 -> 0 | DI9: =SUM(DE9:DH9) -> 100 | DJ9: ='Shipment (Production)'!DG9 -> 0 | DK9: ='Shipment (Production)'!DH9 -> 100 | DL9: ='Shipment (Production)'!DJ9 -> 0 | DM9: ='Shipment (Production)'!DK9 -> 0 | DN9: =SUM(DJ9:DM9) -> 100 | DO9: ='Shipment (Production)'!DL9 -> 0 | DP9: ='Shipment (Production)'!DM9 -> 125 | DQ9: ='Shipment (Production)'!DO9 -> 0 | DR9: ='Shipment (Production)'!DP9 -> 0 | DS9: =SUM(DO9:DR9) -> 125 | DT9: =BP9+BU9+BZ9+CE9+CJ9+CO9+CT9+CY9+DD9+DI9+DN9+DS9 -> 1488 | DU9: ='Shipment (Production)'!DQ9 -> 0 | DV9: ='Shipment (Production)'!DR9 -> 0 | DW9: ='Shipment (Production)'!DU9 -> 125 | DX9: ='Shipment (Production)'!DV9 -> 0 | DY9: =SUM(DU9:DX9) -> 125 | DZ9: ='Shipment (Production)'!DV9 -> 0 | EA9: ='Shipment (Production)'!DW9 -> 0 | EB9: ='Shipment (Production)'!DZ9 -> 140 | EC9: ='Shipment (Production)'!EA9 -> 0 | ED9: =SUM(DZ9:EC9) -> 140 | EE9: ='Shipment (Production)'!EA9 -> 0 | EF9: ='Shipment (Production)'!EB9 -> 0 | EG9: ='Shipment (Production)'!EE9 -> 127.5 | EH9: ='Shipment (Production)'!EF9 -> 0 | EI9: =SUM(EE9:EH9) -> 127.5 | EJ9: ='Shipment (Production)'!EF9 -> 0 | EK9: ='Shipment (Production)'!EG9 -> 0 | EL9: ='Shipment (Production)'!EJ9 -> 153 | EM9: ='Shipment (Production)'!EK9 -> 0 | EN9: =SUM(EJ9:EM9) -> 153 | EO9: ='Shipment (Production)'!EK9 -> 0 | EP9: ='Shipment (Production)'!EL9 -> 0 | EQ9: ='Shipment (Production)'!EO9 -> 153 | ER9: ='Shipment (Production)'!EP9 -> 0 | ES9: =SUM(EO9:ER9) -> 153 | ET9: ='Shipment (Production)'!EP9 -> 0 | EU9: ='Shipment (Production)'!EQ9 -> 0 | EV9: ='Shipment (Production)'!ET9 -> 153 | EW9: ='Shipment (Production)'!EU9 -> 0 | EX9: =SUM(ET9:EW9) -> 153 | EY9: ='Shipment (Production)'!EU9 -> 0 | EZ9: ='Shipment (Production)'!EV9 -> 0 | FA9: ='Shipment (Production)'!EY9 -> 204 | FB9: ='Shipment (Production)'!EZ9 -> 0 | FC9: =SUM(EY9:FB9) -> 204 | FD9: ='Shipment (Production)'!EZ9 -> 0 | FE9: ='Shipment (Production)'!FA9 -> 0 | FF9: ='Shipment (Production)'!FD9 -> 204 | FG9: ='Shipment (Production)'!FE9 -> 0 | FH9: =SUM(FD9:FG9) -> 204 | FI9: ='Shipment (Production)'!FE9 -> 0 | FJ9: ='Shipment (Production)'!FF9 -> 0 | FK9: ='Shipment (Production)'!FI9 -> 153 | FL9: ='Shipment (Production)'!FJ9 -> 0 | FM9: =SUM(FI9:FL9) -> 153 | FN9: ='Shipment (Production)'!FJ9 -> 0 | FO9: ='Shipment (Production)'!FK9 -> 0 | FP9: ='Shipment (Production)'!FN9 -> 127.5 | FQ9: ='Shipment (Production)'!FO9 -> 0 | FR9: =SUM(FN9:FQ9) -> 127.5 | FS9: ='Shipment (Production)'!FO9 -> 0 | FT9: ='Shipment (Production)'!FP9 -> 0 | FU9: ='Shipment (Production)'!FS9 -> 127.5 | FV9: ='Shipment (Production)'!FT9 -> 0 | FW9: =SUM(FS9:FV9) -> 127.5 | FX9: ='Shipment (Production)'!FT9 -> 0 | FY9: ='Shipment (Production)'!FU9 -> 0 | FZ9: ='Shipment (Production)'!FX9 -> 127.5 | GA9: ='Shipment (Production)'!FY9 -> 0 | GB9: =SUM(FX9:GA9) -> 127.5 | GC9: =ED9+EI9+EN9+ES9+EX9+FC9+FH9+FM9+FR9+FW9+GB9+DY9 -> 1795
A10: 250g | B10: Al Fakher Grapes 250g | G10: 0 | H10: 0 | I10: 0 | J10: 0 | K10: 0 | L10: 501 | M10: 0 | N10: 0 | O10: 0 | P10: 0 | Q10: 470 | R10: 0 | S10: 0 | T10: 0 | U10: 0 | V10: 0 | W10: 0 | X10: 0 | Y10: 0 | Z10: 0 | AA10: 0 | AB10: 0 | AC10: 0 | AD10: 0 | AE10: 0 | AF10: 389 | AG10: 0 | AH10: 0 | AI10: 0 | AJ10: 0 | AK10: 0 | AP10: 0 | AT10: 500 | AU10: =SUM(AQ10:AT10) -> 500 | AY10: 479 | AZ10: =SUM(AV10:AY10) -> 479 | BD10: 0 | BE10: =SUM(BA10:BD10) -> 0 | BH10: 290 | BI10: ='Shipment (Production)'!BG10 -> 0 | BJ10: =SUM(BF10:BI10) -> 290 | BK10: =G10+L10+Q10+V10+AA10+AF10+AK10+AP10+AU10+AZ10+BE10+BJ10 -> 2629 | BN10: ='Shipment (Production)'!BL10 -> 0 | BO10: ='Shipment (Production)'!BM10 -> 0 | BP10: =SUM(BL10:BO10) -> 0 | BQ10: ='Shipment (Production)'!BN10 -> 0 | BR10: ='Shipment (Production)'!BO10 -> 388 | BS10: ='Shipment (Production)'!BQ10 -> 0 | BT10: ='Shipment (Production)'!BR10 -> 0 | BU10: =SUM(BQ10:BT10) -> 388 | BV10: ='Shipment (Production)'!BS10 -> 0 | BW10: ='Shipment (Production)'!BT10 -> 400 | BX10: ='Shipment (Production)'!BV10 -> 0 | BY10: ='Shipment (Production)'!BW10 -> 0 | BZ10: =SUM(BV10:BY10) -> 400 | CA10: ='Shipment (Production)'!BX10 -> 0 | CB10: ='Shipment (Production)'!BY10 -> 150 | CC10: ='Shipment (Production)'!CA10 -> 0 | CD10: ='Shipment (Production)'!CB10 -> 0 | CE10: =SUM(CA10:CD10) -> 150 | CF10: ='Shipment (Production)'!CC10 -> 0 | CG10: ='Shipment (Production)'!CD10 -> 250 | CH10: ='Shipment (Production)'!CF10 -> 0 | CI10: ='Shipment (Production)'!CG10 -> 0 | CJ10: =SUM(CF10:CI10) -> 250 | CK10: ='Shipment (Production)'!CH10 -> 0 | CL10: ='Shipment (Production)'!CI10 -> 200 | CM10: ='Shipment (Production)'!CK10 -> 0 | CN10: ='Shipment (Production)'!CL10 -> 0 | CO10: =SUM(CK10:CN10) -> 200 | CP10: ='Shipment (Production)'!CM10 -> 0 | CQ10: ='Shipment (Production)'!CN10 -> 200 | CR10: ='Shipment (Production)'!CP10 -> 0 | CS10: ='Shipment (Production)'!CQ10 -> 0 | CT10: =SUM(CP10:CS10) -> 200 | CU10: ='Shipment (Production)'!CR10 -> 0 | CV10: ='Shipment (Production)'!CS10 -> 0 | CW10: ='Shipment (Production)'!CU10 -> 0 | CX10: ='Shipment (Production)'!CV10 -> 0 | CY10: =SUM(CU10:CX10) -> 0 | CZ10: ='Shipment (Production)'!CW10 -> 0 | DA10: ='Shipment (Production)'!CX10 -> 0 | DB10: ='Shipment (Production)'!CZ10 -> 0 | DC10: ='Shipment (Production)'!DA10 -> 0 | DD10: =SUM(CZ10:DC10) -> 0 | DE10: ='Shipment (Production)'!DB10 -> 0 | DF10: ='Shipment (Production)'!DC10 -> 250 | DG10: ='Shipment (Production)'!DE10 -> 0 | DH10: ='Shipment (Production)'!DF10 -> 0 | DI10: =SUM(DE10:DH10) -> 250 | DJ10: ='Shipment (Production)'!DG10 -> 0 | DK10: ='Shipment (Production)'!DH10 -> 200 | DL10: ='Shipment (Production)'!DJ10 -> 0 | DM10: ='Shipment (Production)'!DK10 -> 0 | DN10: =SUM(DJ10:DM10) -> 200 | DO10: ='Shipment (Production)'!DL10 -> 0 | DP10: ='Shipment (Production)'!DM10 -> 0 | DQ10: ='Shipment (Production)'!DO10 -> 0 | DR10: ='Shipment (Production)'!DP10 -> 200 | DS10: =SUM(DO10:DR10) -> 200 | DT10: =BP10+BU10+BZ10+CE10+CJ10+CO10+CT10+CY10+DD10+DI10+DN10+DS10 -> 2238 | DU10: ='Shipment (Production)'!DQ10 -> 0 | DV10: ='Shipment (Production)'!DR10 -> 0 | DW10: ='Shipment (Production)'!DU10 -> 250 | DX10: ='Shipment (Production)'!DV10 -> 0 | DY10: =SUM(DU10:DX10) -> 250 | DZ10: ='Shipment (Production)'!DV10 -> 0 | EA10: ='Shipment (Production)'!DW10 -> 0 | EB10: ='Shipment (Production)'!DZ10 -> 200 | EC10: ='Shipment (Production)'!EA10 -> 0 | ED10: =SUM(DZ10:EC10) -> 200 | EE10: ='Shipment (Production)'!EA10 -> 0 | EF10: ='Shipment (Production)'!EB10 -> 0 | EG10: ='Shipment (Production)'!EE10 -> 204 | EH10: ='Shipment (Production)'!EF10 -> 0 | EI10: =SUM(EE10:EH10) -> 204 | EJ10: ='Shipment (Production)'!EF10 -> 0 | EK10: ='Shipment (Production)'!EG10 -> 0 | EL10: ='Shipment (Production)'!EJ10 -> 306 | EM10: ='Shipment (Production)'!EK10 -> 0 | EN10: =SUM(EJ10:EM10) -> 306 | EO10: ='Shipment (Production)'!EK10 -> 0 | EP10: ='Shipment (Production)'!EL10 -> 0 | EQ10: ='Shipment (Production)'!EO10 -> 357 | ER10: ='Shipment (Production)'!EP10 -> 0 | ES10: =SUM(EO10:ER10) -> 357 | ET10: ='Shipment (Production)'!EP10 -> 0 | EU10: ='Shipment (Production)'!EQ10 -> 0 | EV10: ='Shipment (Production)'!ET10 -> 357 | EW10: ='Shipment (Production)'!EU10 -> 0 | EX10: =SUM(ET10:EW10) -> 357 | EY10: ='Shipment (Production)'!EU10 -> 0 | EZ10: ='Shipment (Production)'!EV10 -> 0 | FA10: ='Shipment (Production)'!EY10 -> 306 | FB10: ='Shipment (Production)'!EZ10 -> 0 | FC10: =SUM(EY10:FB10) -> 306 | FD10: ='Shipment (Production)'!EZ10 -> 0 | FE10: ='Shipment (Production)'!FA10 -> 0 | FF10: ='Shipment (Production)'!FD10 -> 306 | FG10: ='Shipment (Production)'!FE10 -> 0 | FH10: =SUM(FD10:FG10) -> 306 | FI10: ='Shipment (Production)'!FE10 -> 0 | FJ10: ='Shipment (Production)'!FF10 -> 0 | FK10: ='Shipment (Production)'!FI10 -> 255 | FL10: ='Shipment (Production)'!FJ10 -> 0 | FM10: =SUM(FI10:FL10) -> 255 | FN10: ='Shipment (Production)'!FJ10 -> 0 | FO10: ='Shipment (Production)'!FK10 -> 0 | FP10: ='Shipment (Production)'!FN10 -> 204 | FQ10: ='Shipment (Production)'!FO10 -> 0 | FR10: =SUM(FN10:FQ10) -> 204 | FS10: ='Shipment (Production)'!FO10 -> 0 | FT10: ='Shipment (Production)'!FP10 -> 0 | FU10: ='Shipment (Production)'!FS10 -> 204 | FV10: ='Shipment (Production)'!FT10 -> 0 | FW10: =SUM(FS10:FV10) -> 204 | FX10: ='Shipment (Production)'!FT10 -> 0 | FY10: ='Shipment (Production)'!FU10 -> 0 | FZ10: ='Shipment (Production)'!FX10 -> 204 | GA10: ='Shipment (Production)'!FY10 -> 0 | GB10: =SUM(FX10:GA10) -> 204 | GC10: =ED10+EI10+EN10+ES10+EX10+FC10+FH10+FM10+FR10+FW10+GB10+DY10 -> 3153
A11: 250g | B11: Al Fakher Lemon Mint 250g | G11: 0 | H11: 0 | I11: 0 | J11: 0 | L11: 120 | M11: 0 | N11: 0 | O11: 0 | P11: 0 | Q11: 600 | R11: 0 | S11: 0 | T11: 0 | U11: 0 | V11: 0 | W11: 0 | X11: 0 | Y11: 0 | Z11: 0 | AA11: 0 | AB11: 0 | AC11: 0 | AD11: 0 | AE11: 0 | AF11: 0 | AG11: 0 | AH11: 0 | AI11: 0 | AJ11: 0 | AK11: 500 | AP11: 0 | AT11: 0 | AU11: =SUM(AQ11:AT11) -> 0 | AY11: 426 | AZ11: =SUM(AV11:AY11) -> 426 | BE11: =SUM(BA11:BD11) -> 0 | BH11: 346 | BI11: ='Shipment (Production)'!BG11 -> 0 | BJ11: =SUM(BF11:BI11) -> 346 | BK11: =G11+L11+Q11+V11+AA11+AF11+AK11+AP11+AU11+AZ11+BE11+BJ11 -> 1992 | BN11: ='Shipment (Production)'!BL11 -> 0 | BO11: ='Shipment (Production)'!BM11 -> 0 | BP11: =SUM(BL11:BO11) -> 0 | BQ11: ='Shipment (Production)'!BN11 -> 0 | BR11: ='Shipment (Production)'!BO11 -> 432 | BS11: ='Shipment (Production)'!BQ11 -> 0 | BT11: ='Shipment (Production)'!BR11 -> 0 | BU11: =SUM(BQ11:BT11) -> 432 | BV11: ='Shipment (Production)'!BS11 -> 0 | BW11: ='Shipment (Production)'!BT11 -> 175 | BX11: ='Shipment (Production)'!BV11 -> 0 | BY11: ='Shipment (Production)'!BW11 -> 0 | BZ11: =SUM(BV11:BY11) -> 175 | CA11: ='Shipment (Production)'!BX11 -> 0 | CB11: ='Shipment (Production)'!BY11 -> 150 | CC11: ='Shipment (Production)'!CA11 -> 0 | CD11: ='Shipment (Production)'!CB11 -> 0 | CE11: =SUM(CA11:CD11) -> 150 | CF11: ='Shipment (Production)'!CC11 -> 0 | CG11: ='Shipment (Production)'!CD11 -> 100 | CH11: ='Shipment (Production)'!CF11 -> 0 | CI11: ='Shipment (Production)'!CG11 -> 0 | CJ11: =SUM(CF11:CI11) -> 100 | CK11: ='Shipment (Production)'!CH11 -> 0 | CL11: ='Shipment (Production)'!CI11 -> 250 | CM11: ='Shipment (Production)'!CK11 -> 0 | CN11: ='Shipment (Production)'!CL11 -> 0 | CO11: =SUM(CK11:CN11) -> 250 | CP11: ='Shipment (Production)'!CM11 -> 0 | CQ11: ='Shipment (Production)'!CN11 -> 100 | CR11: ='Shipment (Production)'!CP11 -> 0 | CS11: ='Shipment (Production)'!CQ11 -> 0 | CT11: =SUM(CP11:CS11) -> 100 | CU11: ='Shipment (Production)'!CR11 -> 0 | CV11: ='Shipment (Production)'!CS11 -> 0 | CW11: ='Shipment (Production)'!CU11 -> 0 | CX11: ='Shipment (Production)'!CV11 -> 0 | CY11: =SUM(CU11:CX11) -> 0 | CZ11: ='Shipment (Production)'!CW11 -> 0 | DA11: ='Shipment (Production)'!CX11 -> 220 | DB11: ='Shipment (Production)'!CZ11 -> 0 | DC11: ='Shipment (Production)'!DA11 -> 0 | DD11: =SUM(CZ11:DC11) -> 220 | DE11: ='Shipment (Production)'!DB11 -> 0 | DF11: ='Shipment (Production)'!DC11 -> 175 | DG11: ='Shipment (Production)'!DE11 -> 0 | DH11: ='Shipment (Production)'!DF11 -> 0 | DI11: =SUM(DE11:DH11) -> 175 | DJ11: ='Shipment (Production)'!DG11 -> 0 | DK11: ='Shipment (Production)'!DH11 -> 200 | DL11: ='Shipment (Production)'!DJ11 -> 0 | DM11: ='Shipment (Production)'!DK11 -> 0 | DN11: =SUM(DJ11:DM11) -> 200 | DO11: ='Shipment (Production)'!DL11 -> 0 | DP11: ='Shipment (Production)'!DM11 -> 200 | DQ11: ='Shipment (Production)'!DO11 -> 100 | DR11: ='Shipment (Production)'!DP11 -> 0 | DS11: =SUM(DO11:DR11) -> 300 | DT11: =BP11+BU11+BZ11+CE11+CJ11+CO11+CT11+CY11+DD11+DI11+DN11+DS11 -> 2102 | DU11: ='Shipment (Production)'!DQ11 -> 0 | DV11: ='Shipment (Production)'!DR11 -> 0 | DW11: ='Shipment (Production)'!DU11 -> 175 | DX11: ='Shipment (Production)'!DV11 -> 0 | DY11: =SUM(DU11:DX11) -> 175 | DZ11: ='Shipment (Production)'!DV11 -> 0 | EA11: ='Shipment (Production)'!DW11 -> 0 | EB11: ='Shipment (Production)'!DZ11 -> 175 | EC11: ='Shipment (Production)'!EA11 -> 0 | ED11: =SUM(DZ11:EC11) -> 175 | EE11: ='Shipment (Production)'!EA11 -> 0 | EF11: ='Shipment (Production)'!EB11 -> 0 | EG11: ='Shipment (Production)'!EE11 -> 178.5 | EH11: ='Shipment (Production)'!EF11 -> 0 | EI11: =SUM(EE11:EH11) -> 178.5 | EJ11: ='Shipment (Production)'!EF11 -> 0 | EK11: ='Shipment (Production)'!EG11 -> 0 | EL11: ='Shipment (Production)'!EJ11 -> 204 | EM11: ='Shipment (Production)'!EK11 -> 0 | EN11: =SUM(EJ11:EM11) -> 204 | EO11: ='Shipment (Production)'!EK11 -> 0 | EP11: ='Shipment (Production)'!EL11 -> 0 | EQ11: ='Shipment (Production)'!EO11 -> 204 | ER11: ='Shipment (Production)'!EP11 -> 0 | ES11: =SUM(EO11:ER11) -> 204 | ET11: ='Shipment (Production)'!EP11 -> 0 | EU11: ='Shipment (Production)'!EQ11 -> 0 | EV11: ='Shipment (Production)'!ET11 -> 204 | EW11: ='Shipment (Production)'!EU11 -> 0 | EX11: =SUM(ET11:EW11) -> 204 | EY11: ='Shipment (Production)'!EU11 -> 0 | EZ11: ='Shipment (Production)'!EV11 -> 0 | FA11: ='Shipment (Production)'!EY11 -> 204 | FB11: ='Shipment (Production)'!EZ11 -> 0 | FC11: =SUM(EY11:FB11) -> 204 | FD11: ='Shipment (Production)'!EZ11 -> 0 | FE11: ='Shipment (Production)'!FA11 -> 0 | FF11: ='Shipment (Production)'!FD11 -> 178.5 | FG11: ='Shipment (Production)'!FE11 -> 0 | FH11: =SUM(FD11:FG11) -> 178.5 | FI11: ='Shipment (Production)'!FE11 -> 0 | FJ11: ='Shipment (Production)'!FF11 -> 0 | FK11: ='Shipment (Production)'!FI11 -> 178.5 | FL11: ='Shipment (Production)'!FJ11 -> 0 | FM11: =SUM(FI11:FL11) -> 178.5 | FN11: ='Shipment (Production)'!FJ11 -> 0 | FO11: ='Shipment (Production)'!FK11 -> 0 | FP11: ='Shipment (Production)'!FN11 -> 153 | FQ11: ='Shipment (Production)'!FO11 -> 0 | FR11: =SUM(FN11:FQ11) -> 153 | FS11: ='Shipment (Production)'!FO11 -> 0 | FT11: ='Shipment (Production)'!FP11 -> 0 | FU11: ='Shipment (Production)'!FS11 -> 153 | FV11: ='Shipment (Production)'!FT11 -> 0 | FW11: =SUM(FS11:FV11) -> 153 | FX11: ='Shipment (Production)'!FT11 -> 0 | FY11: ='Shipment (Production)'!FU11 -> 0 | FZ11: ='Shipment (Production)'!FX11 -> 153 | GA11: ='Shipment (Production)'!FY11 -> 0 | GB11: =SUM(FX11:GA11) -> 153 | GC11: =ED11+EI11+EN11+ES11+EX11+FC11+FH11+FM11+FR11+FW11+GB11+DY11 -> 2160.5
A12: 250g | B12: Al Fakher Two apple 250g | G12: 3100 | H12: 0 | I12: 0 | J12: 0 | K12: 0 | L12: 3102 | M12: 0 | N12: 0 | O12: 0 | P12: 0 | Q12: 2340 | R12: 0 | S12: 0 | T12: 0 | U12: 0 | V12: 3275 | W12: 0 | X12: 0 | Y12: 0 | Z12: 0 | AA12: 0 | AB12: 0 | AC12: 0 | AD12: 0 | AE12: 0 | AF12: 3349 | AG12: 0 | AH12: 0 | AI12: 0 | AJ12: 0 | AK12: 2624 | AP12: 3940 | AT12: 4944 | AU12: =SUM(AQ12:AT12) -> 4944 | AY12: 5500 | AZ12: =SUM(AV12:AY12) -> 5500 | BD12: 5430 | BE12: =SUM(BA12:BD12) -> 5430 | BH12: 2167 | BI12: ='Shipment (Production)'!BG12 -> 0 | BJ12: =SUM(BF12:BI12) -> 2167 | BK12: =G12+L12+Q12+V12+AA12+AF12+AK12+AP12+AU12+AZ12+BE12+BJ12 -> 39771 | BL12: ='Shipment (Production)'!BI12 -> 0 | BM12: 2000 | BN12: 3000 | BO12: 1500 | BP12: =SUM(BL12:BO12) -> 6500 | BR12: ='Shipment (Production)'!BO12 -> 0 | BS12: ='Shipment (Production)'!BQ12 -> 3000 | BT12: ='Shipment (Production)'!BR12 -> 2500 | BU12: =SUM(BQ12:BT12) -> 5500 | BV12: ='Shipment (Production)'!BS12 -> 0 | BW12: ='Shipment (Production)'!BT12 -> 0 | BX12: ='Shipment (Production)'!BV12 -> 3000 | BY12: ='Shipment (Production)'!BW12 -> 3000 | BZ12: =SUM(BV12:BY12) -> 6000 | CA12: ='Shipment (Production)'!BX12 -> 0 | CB12: ='Shipment (Production)'!BY12 -> 0 | CC12: ='Shipment (Production)'!CA12 -> 2500 | CD12: ='Shipment (Production)'!CB12 -> 2500 | CE12: =SUM(CA12:CD12) -> 5000 | CF12: ='Shipment (Production)'!CC12 -> 0 | CG12: ='Shipment (Production)'!CD12 -> 0 | CH12: ='Shipment (Production)'!CF12 -> 2500 | CI12: ='Shipment (Production)'!CG12 -> 3000 | CJ12: =SUM(CF12:CI12) -> 5500 | CK12: ='Shipment (Production)'!CH12 -> 0 | CL12: ='Shipment (Production)'!CI12 -> 0 | CM12: ='Shipment (Production)'!CK12 -> 2500 | CN12: ='Shipment (Production)'!CL12 -> 2000 | CO12: =SUM(CK12:CN12) -> 4500 | CP12: ='Shipment (Production)'!CM12 -> 0 | CQ12: ='Shipment (Production)'!CN12 -> 0 | CR12: ='Shipment (Production)'!CP12 -> 2000 | CS12: ='Shipment (Production)'!CQ12 -> 2500 | CT12: =SUM(CP12:CS12) -> 4500 | CU12: ='Shipment (Production)'!CR12 -> 0 | CV12: ='Shipment (Production)'!CS12 -> 0 | CW12: ='Shipment (Production)'!CU12 -> 2000 | CX12: ='Shipment (Production)'!CV12 -> 2000 | CY12: =SUM(CU12:CX12) -> 4000 | CZ12: ='Shipment (Production)'!CW12 -> 0 | DA12: ='Shipment (Production)'!CX12 -> 0 | DB12: ='Shipment (Production)'!CZ12 -> 2000 | DC12: ='Shipment (Production)'!DA12 -> 2000 | DD12: =SUM(CZ12:DC12) -> 4000 | DE12: ='Shipment (Production)'!DB12 -> 0 | DF12: ='Shipment (Production)'!DC12 -> 0 | DG12: ='Shipment (Production)'!DE12 -> 2000 | DH12: ='Shipment (Production)'!DF12 -> 2000 | DI12: =SUM(DE12:DH12) -> 4000 | DJ12: ='Shipment (Production)'!DG12 -> 0 | DK12: ='Shipment (Production)'!DH12 -> 0 | DL12: ='Shipment (Production)'!DJ12 -> 2000 | DM12: ='Shipment (Production)'!DK12 -> 2500 | DN12: =SUM(DJ12:DM12) -> 4500 | DO12: ='Shipment (Production)'!DL12 -> 0 | DP12: ='Shipment (Production)'!DM12 -> 0 | DQ12: ='Shipment (Production)'!DO12 -> 2500 | DR12: ='Shipment (Production)'!DP12 -> 0 | DS12: =SUM(DO12:DR12) -> 2500 | DT12: =BP12+BU12+BZ12+CE12+CJ12+CO12+CT12+CY12+DD12+DI12+DN12+DS12 -> 56500 | DU12: ='Shipment (Production)'!DQ12 -> 0 | DV12: ='Shipment (Production)'!DR12 -> 0 | DW12: ='Shipment (Production)'!DU12 -> 5500 | DX12: ='Shipment (Production)'!DV12 -> 0 | DY12: =SUM(DU12:DX12) -> 5500 | DZ12: ='Shipment (Production)'!DV12 -> 0 | EA12: ='Shipment (Production)'!DW12 -> 0 | EB12: ='Shipment (Production)'!DZ12 -> 5000 | EC12: ='Shipment (Production)'!EA12 -> 0 | ED12: =SUM(DZ12:EC12) -> 5000 | EE12: ='Shipment (Production)'!EA12 -> 0 | EF12: ='Shipment (Production)'!EB12 -> 0 | EG12: ='Shipment (Production)'!EE12 -> 5100 | EH12: ='Shipment (Production)'!EF12 -> 0 | EI12: =SUM(EE12:EH12) -> 5100 | EJ12: ='Shipment (Production)'!EF12 -> 0 | EK12: ='Shipment (Production)'!EG12 -> 0 | EL12: ='Shipment (Production)'!EJ12 -> 4590 | EM12: ='Shipment (Production)'!EK12 -> 0 | EN12: =SUM(EJ12:EM12) -> 4590 | EO12: ='Shipment (Production)'!EK12 -> 0 | EP12: ='Shipment (Production)'!EL12 -> 0 | EQ12: ='Shipment (Production)'!EO12 -> 4590 | ER12: ='Shipment (Production)'!EP12 -> 0 | ES12: =SUM(EO12:ER12) -> 4590 | ET12: ='Shipment (Production)'!EP12 -> 0 | EU12: ='Shipment (Production)'!EQ12 -> 0 | EV12: ='Shipment (Production)'!ET12 -> 4590 | EW12: ='Shipment (Production)'!EU12 -> 0 | EX12: =SUM(ET12:EW12) -> 4590 | EY12: ='Shipment (Production)'!EU12 -> 0 | EZ12: ='Shipment (Production)'!EV12 -> 0 | FA12: ='Shipment (Production)'!EY12 -> 4590 | FB12: ='Shipment (Production)'!EZ12 -> 0 | FC12: =SUM(EY12:FB12) -> 4590 | FD12: ='Shipment (Production)'!EZ12 -> 0 | FE12: ='Shipment (Production)'!FA12 -> 0 | FF12: ='Shipment (Production)'!FD12 -> 4590 | FG12: ='Shipment (Production)'!FE12 -> 0 | FH12: =SUM(FD12:FG12) -> 4590 | FI12: ='Shipment (Production)'!FE12 -> 0 | FJ12: ='Shipment (Production)'!FF12 -> 0 | FK12: ='Shipment (Production)'!FI12 -> 4590 | FL12: ='Shipment (Production)'!FJ12 -> 0 | FM12: =SUM(FI12:FL12) -> 4590 | FN12: ='Shipment (Production)'!FJ12 -> 0 | FO12: ='Shipment (Production)'!FK12 -> 0 | FP12: ='Shipment (Production)'!FN12 -> 3570 | FQ12: ='Shipment (Production)'!FO12 -> 0 | FR12: =SUM(FN12:FQ12) -> 3570 | FS12: ='Shipment (Production)'!FO12 -> 0 | FT12: ='Shipment (Production)'!FP12 -> 0 | FU12: ='Shipment (Production)'!FS12 -> 3570 | FV12: ='Shipment (Production)'!FT12 -> 0 | FW12: =SUM(FS12:FV12) -> 3570 | FX12: ='Shipment (Production)'!FT12 -> 0 | FY12: ='Shipment (Production)'!FU12 -> 0 | FZ12: ='Shipment (Production)'!FX12 -> 3570 | GA12: ='Shipment (Production)'!FY12 -> 0 | GB12: =SUM(FX12:GA12) -> 3570 | GC12: =ED12+EI12+EN12+ES12+EX12+FC12+FH12+FM12+FR12+FW12+GB12+DY12 -> 53850
A13: 250g | B13: Al Fakher Two Apple Bahraini 250g | G13: 300 | H13: 0 | I13: 0 | J13: 0 | K13: 0 | L13: 1264 | M13: 0 | N13: 0 | O13: 0 | P13: 0 | Q13: 0 | R13: 0 | S13: 0 | T13: 0 | U13: 0 | V13: 23 | W13: 0 | X13: 0 | Y13: 0 | Z13: 0 | AA13: 0 | AB13: 0 | AC13: 0 | AD13: 0 | AE13: 0 | AF13: 0 | AG13: 0 | AH13: 0 | AI13: 0 | AJ13: 0 | AK13: 0 | AP13: 0 | AT13: 631 | AU13: =SUM(AQ13:AT13) -> 631 | AY13: 400 | AZ13: =SUM(AV13:AY13) -> 400 | BD13: 0 | BE13: =SUM(BA13:BD13) -> 0 | BH13: 402 | BI13: ='Shipment (Production)'!BG13 -> 0 | BJ13: =SUM(BF13:BI13) -> 402 | BK13: =G13+L13+Q13+V13+AA13+AF13+AK13+AP13+AU13+AZ13+BE13+BJ13 -> 3020 | BL13: ='Shipment (Production)'!BI13 -> 0 | BN13: ='Shipment (Production)'!BL13 -> 0 | BO13: ='Shipment (Production)'!BM13 -> 0 | BP13: =SUM(BL13:BO13) -> 0 | BQ13: ='Shipment (Production)'!BN13 -> 0 | BR13: ='Shipment (Production)'!BO13 -> 459 | BS13: ='Shipment (Production)'!BQ13 -> 0 | BT13: ='Shipment (Production)'!BR13 -> 0 | BU13: =SUM(BQ13:BT13) -> 459 | BV13: ='Shipment (Production)'!BS13 -> 0 | BW13: ='Shipment (Production)'!BT13 -> 288 | BX13: ='Shipment (Production)'!BV13 -> 0 | BY13: ='Shipment (Production)'!BW13 -> 0 | BZ13: =SUM(BV13:BY13) -> 288 | CA13: ='Shipment (Production)'!BX13 -> 0 | CB13: ='Shipment (Production)'!BY13 -> 400 | CC13: ='Shipment (Production)'!CA13 -> 0 | CD13: ='Shipment (Production)'!CB13 -> 0 | CE13: =SUM(CA13:CD13) -> 400 | CF13: ='Shipment (Production)'!CC13 -> 0 | CG13: ='Shipment (Production)'!CD13 -> 0 | CH13: ='Shipment (Production)'!CF13 -> 0 | CI13: ='Shipment (Production)'!CG13 -> 0 | CJ13: =SUM(CF13:CI13) -> 0 | CK13: ='Shipment (Production)'!CH13 -> 0 | CL13: ='Shipment (Production)'!CI13 -> 0 | CM13: ='Shipment (Production)'!CK13 -> 0 | CN13: ='Shipment (Production)'!CL13 -> 0 | CO13: =SUM(CK13:CN13) -> 0 | CP13: ='Shipment (Production)'!CM13 -> 0 | CQ13: ='Shipment (Production)'!CN13 -> 0 | CR13: ='Shipment (Production)'!CP13 -> 200 | CS13: ='Shipment (Production)'!CQ13 -> 0 | CT13: =SUM(CP13:CS13) -> 200 | CU13: ='Shipment (Production)'!CR13 -> 0 | CV13: ='Shipment (Production)'!CS13 -> 0 | CW13: ='Shipment (Production)'!CU13 -> 0 | CX13: ='Shipment (Production)'!CV13 -> 200 | CY13: =SUM(CU13:CX13) -> 200 | CZ13: ='Shipment (Production)'!CW13 -> 0 | DA13: ='Shipment (Production)'!CX13 -> 0 | DB13: ='Shipment (Production)'!CZ13 -> 0 | DC13: ='Shipment (Production)'!DA13 -> 0 | DD13: =SUM(CZ13:DC13) -> 0 | DE13: ='Shipment (Production)'!DB13 -> 0 | DF13: ='Shipment (Production)'!DC13 -> 250 | DG13: ='Shipment (Production)'!DE13 -> 0 | DH13: ='Shipment (Production)'!DF13 -> 0 | DI13: =SUM(DE13:DH13) -> 250 | DJ13: ='Shipment (Production)'!DG13 -> 0 | DK13: ='Shipment (Production)'!DH13 -> 250 | DL13: ='Shipment (Production)'!DJ13 -> 0 | DM13: ='Shipment (Production)'!DK13 -> 0 | DN13: =SUM(DJ13:DM13) -> 250 | DO13: ='Shipment (Production)'!DL13 -> 0 | DP13: ='Shipment (Production)'!DM13 -> 0 | DQ13: ='Shipment (Production)'!DO13 -> 0 | DR13: ='Shipment (Production)'!DP13 -> 200 | DS13: =SUM(DO13:DR13) -> 200 | DT13: =BP13+BU13+BZ13+CE13+CJ13+CO13+CT13+CY13+DD13+DI13+DN13+DS13 -> 2247 | DU13: ='Shipment (Production)'!DQ13 -> 0 | DV13: ='Shipment (Production)'!DR13 -> 0 | DW13: ='Shipment (Production)'!DU13 -> 200 | DX13: ='Shipment (Production)'!DV13 -> 0 | DY13: =SUM(DU13:DX13) -> 200 | DZ13: ='Shipment (Production)'!DV13 -> 0 | EA13: ='Shipment (Production)'!DW13 -> 0 | EB13: ='Shipment (Production)'!DZ13 -> 200 | EC13: ='Shipment (Production)'!EA13 -> 0 | ED13: =SUM(DZ13:EC13) -> 200 | EE13: ='Shipment (Production)'!EA13 -> 0 | EF13: ='Shipment (Production)'!EB13 -> 0 | EG13: ='Shipment (Production)'!EE13 -> 204 | EH13: ='Shipment (Production)'!EF13 -> 0 | EI13: =SUM(EE13:EH13) -> 204 | EJ13: ='Shipment (Production)'!EF13 -> 0 | EK13: ='Shipment (Production)'!EG13 -> 0 | EL13: ='Shipment (Production)'!EJ13 -> 306 | EM13: ='Shipment (Production)'!EK13 -> 0 | EN13: =SUM(EJ13:EM13) -> 306 | EO13: ='Shipment (Production)'!EK13 -> 0 | EP13: ='Shipment (Production)'!EL13 -> 0 | EQ13: ='Shipment (Production)'!EO13 -> 306 | ER13: ='Shipment (Production)'!EP13 -> 0 | ES13: =SUM(EO13:ER13) -> 306 | ET13: ='Shipment (Production)'!EP13 -> 0 | EU13: ='Shipment (Production)'!EQ13 -> 0 | EV13: ='Shipment (Production)'!ET13 -> 306 | EW13: ='Shipment (Production)'!EU13 -> 0 | EX13: =SUM(ET13:EW13) -> 306 | EY13: ='Shipment (Production)'!EU13 -> 0 | EZ13: ='Shipment (Production)'!EV13 -> 0 | FA13: ='Shipment (Production)'!EY13 -> 306 | FB13: ='Shipment (Production)'!EZ13 -> 0 | FC13: =SUM(EY13:FB13) -> 306 | FD13: ='Shipment (Production)'!EZ13 -> 0 | FE13: ='Shipment (Production)'!FA13 -> 0 | FF13: ='Shipment (Production)'!FD13 -> 306 | FG13: ='Shipment (Production)'!FE13 -> 0 | FH13: =SUM(FD13:FG13) -> 306 | FI13: ='Shipment (Production)'!FE13 -> 0 | FJ13: ='Shipment (Production)'!FF13 -> 0 | FK13: ='Shipment (Production)'!FI13 -> 306 | FL13: ='Shipment (Production)'!FJ13 -> 0 | FM13: =SUM(FI13:FL13) -> 306 | FN13: ='Shipment (Production)'!FJ13 -> 0 | FO13: ='Shipment (Production)'!FK13 -> 0 | FP13: ='Shipment (Production)'!FN13 -> 306 | FQ13: ='Shipment (Production)'!FO13 -> 0 | FR13: =SUM(FN13:FQ13) -> 306 | FS13: ='Shipment (Production)'!FO13 -> 0 | FT13: ='Shipment (Production)'!FP13 -> 0 | FU13: ='Shipment (Production)'!FS13 -> 255 | FV13: ='Shipment (Production)'!FT13 -> 0 | FW13: =SUM(FS13:FV13) -> 255 | FX13: ='Shipment (Production)'!FT13 -> 0 | FY13: ='Shipment (Production)'!FU13 -> 0 | FZ13: ='Shipment (Production)'!FX13 -> 255 | GA13: ='Shipment (Production)'!FY13 -> 0 | GB13: =SUM(FX13:GA13) -> 255 | GC13: =ED13+EI13+EN13+ES13+EX13+FC13+FH13+FM13+FR13+FW13+GB13+DY13 -> 3256
A14: 50g | B14: Al Fakher Blueberry Mint 50g | G14: 0 | H14: 0 | I14: 0 | J14: 0 | K14: 0 | L14: 0 | M14: 0 | N14: 0 | O14: 0 | P14: 0 | Q14: 0 | R14: 0 | S14: 0 | T14: 0 | U14: 0 | V14: 0 | W14: 0 | X14: 0 | Y14: 0 | Z14: 0 | AA14: 0 | AB14: 0 | AC14: 0 | AD14: 0 | AE14: 0 | AF14: 0 | AG14: 0 | AH14: 0 | AI14: 0 | AJ14: 0 | AK14: 0 | AP14: 0 | AT14: 0 | AU14: =SUM(AQ14:AT14) -> 0 | AV14: ='Shipment (Production)'!AS14 -> 0 | AW14: ='Shipment (Production)'!AT14 -> 0 | AX14: ='Shipment (Production)'!AV14 -> 0 | AY14: 0 | AZ14: =SUM(AV14:AY14) -> 0 | BD14: 0 | BE14: =SUM(BA14:BD14) -> 0 | BH14: 0 | BI14: ='Shipment (Production)'!BG14 -> 0 | BJ14: =SUM(BF14:BI14) -> 0 | BK14: =G14+L14+Q14+V14+AA14+AF14+AK14+AP14+AU14+AZ14+BE14+BJ14 -> 0 | BL14: ='Shipment (Production)'!BI14 -> 0 | BN14: ='Shipment (Production)'!BL14 | BO14: ='Shipment (Production)'!BM14 -> 0 | BP14: =SUM(BL14:BO14) -> 0 | BQ14: ='Shipment (Production)'!BN14 -> 0 | BR14: ='Shipment (Production)'!BO14 -> 0 | BS14: ='Shipment (Production)'!BQ14 | BT14: ='Shipment (Production)'!BR14 -> 0 | BU14: =SUM(BQ14:BT14) -> 0 | BV14: ='Shipment (Production)'!BS14 -> 0 | BW14: ='Shipment (Production)'!BT14 -> 0 | BX14: ='Shipment (Production)'!BV14 | BY14: ='Shipment (Production)'!BW14 -> 0 | BZ14: =SUM(BV14:BY14) -> 0 | CA14: ='Shipment (Production)'!BX14 -> 0 | CB14: ='Shipment (Production)'!BY14 -> 0 | CC14: ='Shipment (Production)'!CA14 -> 0 | CD14: ='Shipment (Production)'!CB14 -> 0 | CE14: =SUM(CA14:CD14) -> 0 | CF14: ='Shipment (Production)'!CC14 -> 0 | CG14: ='Shipment (Production)'!CD14 -> 0 | CH14: ='Shipment (Production)'!CF14 | CI14: ='Shipment (Production)'!CG14 -> 0 | CJ14: =SUM(CF14:CI14) -> 0 | CK14: ='Shipment (Production)'!CH14 -> 0 | CL14: ='Shipment (Production)'!CI14 -> 0 | CM14: ='Shipment (Production)'!CK14 | CN14: ='Shipment (Production)'!CL14 -> 0 | CO14: =SUM(CK14:CN14) -> 0 | CP14: ='Shipment (Production)'!CM14 -> 0 | CQ14: ='Shipment (Production)'!CN14 -> 0 | CR14: ='Shipment (Production)'!CP14 | CS14: ='Shipment (Production)'!CQ14 -> 0 | CT14: =SUM(CP14:CS14) -> 0 | CU14: ='Shipment (Production)'!CR14 -> 0 | CV14: ='Shipment (Production)'!CS14 -> 0 | CW14: ='Shipment (Production)'!CU14 | CX14: ='Shipment (Production)'!CV14 -> 0 | CY14: =SUM(CU14:CX14) -> 0 | CZ14: ='Shipment (Production)'!CW14 -> 0 | DA14: ='Shipment (Production)'!CX14 -> 0 | DB14: ='Shipment (Production)'!CZ14 | DC14: ='Shipment (Production)'!DA14 -> 0 | DD14: =SUM(CZ14:DC14) -> 0 | DE14: ='Shipment (Production)'!DB14 -> 0 | DF14: ='Shipment (Production)'!DC14 -> 0 | DG14: ='Shipment (Production)'!DE14 | DH14: ='Shipment (Production)'!DF14 -> 0 | DI14: =SUM(DE14:DH14) -> 0 | DJ14: ='Shipment (Production)'!DG14 -> 0 | DK14: ='Shipment (Production)'!DH14 -> 0 | DL14: ='Shipment (Production)'!DJ14 | DM14: ='Shipment (Production)'!DK14 -> 0 | DN14: =SUM(DJ14:DM14) -> 0 | DO14: ='Shipment (Production)'!DL14 -> 0 | DP14: ='Shipment (Production)'!DM14 -> 0 | DQ14: ='Shipment (Production)'!DO14 | DR14: ='Shipment (Production)'!DP14 -> 0 | DS14: =SUM(DO14:DR14) -> 0 | DT14: =BP14+BU14+BZ14+CE14+CJ14+CO14+CT14+CY14+DD14+DI14+DN14+DS14 -> 0 | DU14: ='Shipment (Production)'!DQ14 -> 0 | DV14: ='Shipment (Production)'!DR14 -> 0 | DW14: ='Shipment (Production)'!DU14 -> 0 | DX14: ='Shipment (Production)'!DV14 -> 0 | DY14: =SUM(DU14:DX14) -> 0 | DZ14: ='Shipment (Production)'!DV14 -> 0 | EA14: ='Shipment (Production)'!DW14 -> 0 | EB14: ='Shipment (Production)'!DZ14 -> 0 | EC14: ='Shipment (Production)'!EA14 -> 0 | ED14: =SUM(DZ14:EC14) -> 0 | EE14: ='Shipment (Production)'!EA14 -> 0 | EF14: ='Shipment (Production)'!EB14 -> 0 | EG14: ='Shipment (Production)'!EE14 -> 0 | EH14: ='Shipment (Production)'!EF14 -> 0 | EI14: =SUM(EE14:EH14) -> 0 | EJ14: ='Shipment (Production)'!EF14 -> 0 | EK14: ='Shipment (Production)'!EG14 -> 0 | EL14: ='Shipment (Production)'!EJ14 -> 0 | EM14: ='Shipment (Production)'!EK14 -> 0 | EN14: =SUM(EJ14:EM14) -> 0 | EO14: ='Shipment (Production)'!EK14 -> 0 | EP14: ='Shipment (Production)'!EL14 -> 0 | EQ14: ='Shipment (Production)'!EO14 -> 0 | ER14: ='Shipment (Production)'!EP14 -> 0 | ES14: =SUM(EO14:ER14) -> 0 | ET14: ='Shipment (Production)'!EP14 -> 0 | EU14: ='Shipment (Production)'!EQ14 -> 0 | EV14: ='Shipment (Production)'!ET14 -> 0 | EW14: ='Shipment (Production)'!EU14 -> 0 | EX14: =SUM(ET14:EW14) -> 0 | EY14: ='Shipment (Production)'!EU14 -> 0 | EZ14: ='Shipment (Production)'!EV14 -> 0 | FA14: ='Shipment (Production)'!EY14 -> 0 | FB14: ='Shipment (Production)'!EZ14 -> 0 | FC14: =SUM(EY14:FB14) -> 0 | FD14: ='Shipment (Production)'!EZ14 -> 0 | FE14: ='Shipment (Production)'!FA14 -> 0 | FF14: ='Shipment (Production)'!FD14 -> 0 | FG14: ='Shipment (Production)'!FE14 -> 0 | FH14: =SUM(FD14:FG14) -> 0 | FI14: ='Shipment (Production)'!FE14 -> 0 | FJ14: ='Shipment (Production)'!FF14 -> 0 | FK14: ='Shipment (Production)'!FI14 -> 0 | FL14: ='Shipment (Production)'!FJ14 -> 0 | FM14: =SUM(FI14:FL14) -> 0 | FN14: ='Shipment (Production)'!FJ14 -> 0 | FO14: ='Shipment (Production)'!FK14 -> 0 | FP14: ='Shipment (Production)'!FN14 -> 0 | FQ14: ='Shipment (Production)'!FO14 -> 0 | FR14: =SUM(FN14:FQ14) -> 0 | FS14: ='Shipment (Production)'!FO14 -> 0 | FT14: ='Shipment (Production)'!FP14 -> 0 | FU14: ='Shipment (Production)'!FS14 -> 0 | FV14: ='Shipment (Production)'!FT14 -> 0 | FW14: =SUM(FS14:FV14) -> 0 | FX14: ='Shipment (Production)'!FT14 -> 0 | FY14: ='Shipment (Production)'!FU14 -> 0 | FZ14: ='Shipment (Production)'!FX14 -> 0 | GA14: ='Shipment (Production)'!FY14 -> 0 | GB14: =SUM(FX14:GA14) -> 0 | GC14: =ED14+EI14+EN14+ES14+EX14+FC14+FH14+FM14+FR14+FW14+GB14+DY14 -> 0
A15: 50g | B15: Al Fakher Blueberry 50g | G15: 0 | H15: 0 | I15: 0 | J15: 0 | K15: 0 | L15: 0 | M15: 0 | N15: 0 | O15: 0 | P15: 0 | Q15: 174 | R15: 0 | S15: 0 | T15: 0 | U15: 0 | V15: 0 | W15: 0 | X15: 0 | Y15: 0 | Z15: 0 | AA15: 0 | AB15: 0 | AC15: 0 | AD15: 0 | AE15: 0 | AF15: 0 | AG15: 0 | AH15: 0 | AI15: 0 | AJ15: 0 | AK15: 0 | AP15: 0 | AT15: 163 | AU15: =SUM(AQ15:AT15) -> 163 | AY15: 0 | AZ15: =SUM(AV15:AY15) -> 0 | BD15: 0 | BE15: =SUM(BA15:BD15) -> 0 | BH15: 0 | BI15: ='Shipment (Production)'!BG15 -> 0 | BJ15: =SUM(BF15:BI15) -> 0 | BK15: =G15+L15+Q15+V15+AA15+AF15+AK15+AP15+AU15+AZ15+BE15+BJ15 -> 337 | BL15: ='Shipment (Production)'!BI15 -> 0 | BN15: 284 | BP15: =SUM(BL15:BO15) -> 284 | BR15: ='Shipment (Production)'!BO15 -> 0 | BS15: ='Shipment (Production)'!BQ15 -> 0 | BT15: ='Shipment (Production)'!BR15 -> 0 | BU15: =SUM(BQ15:BT15) -> 0 | BV15: ='Shipment (Production)'!BS15 -> 0 | BW15: ='Shipment (Production)'!BT15 -> 0 | BX15: ='Shipment (Production)'!BW15 -> 100 | BY15: ='Shipment (Production)'!BX15 -> 0 | BZ15: =SUM(BV15:BY15) -> 100 | CA15: ='Shipment (Production)'!BX15 -> 0 | CB15: ='Shipment (Production)'!BY15 -> 0 | CC15: ='Shipment (Production)'!CA15 -> 0 | CD15: ='Shipment (Production)'!CB15 -> x` | CE15: =SUM(CA15:CD15) -> 0 | CF15: ='Shipment (Production)'!CC15 -> 0 | CG15: ='Shipment (Production)'!CD15 -> 0 | CH15: ='Shipment (Production)'!CF15 -> 0 | CI15: ='Shipment (Production)'!CG15 -> 0 | CJ15: =SUM(CF15:CI15) -> 0 | CK15: ='Shipment (Production)'!CH15 -> 0 | CL15: ='Shipment (Production)'!CI15 -> 0 | CM15: ='Shipment (Production)'!CK15 -> 0 | CN15: ='Shipment (Production)'!CL15 -> 0 | CO15: =SUM(CK15:CN15) -> 0 | CP15: ='Shipment (Production)'!CM15 -> 0 | CQ15: ='Shipment (Production)'!CN15 -> 0 | CR15: ='Shipment (Production)'!CP15 -> 0 | CS15: ='Shipment (Production)'!CQ15 -> 0 | CT15: =SUM(CP15:CS15) -> 0 | CU15: ='Shipment (Production)'!CR15 -> 220 | CV15: ='Shipment (Production)'!CS15 -> 0 | CW15: ='Shipment (Production)'!CU15 -> 0 | CX15: ='Shipment (Production)'!CV15 -> 0 | CY15: =SUM(CU15:CX15) -> 220 | CZ15: ='Shipment (Production)'!CW15 -> 0 | DA15: ='Shipment (Production)'!CX15 -> 0 | DB15: ='Shipment (Production)'!CZ15 -> 0 | DC15: ='Shipment (Production)'!DA15 -> 0 | DD15: =SUM(CZ15:DC15) -> 0 | DE15: ='Shipment (Production)'!DB15 -> 0 | DF15: ='Shipment (Production)'!DC15 -> 0 | DG15: ='Shipment (Production)'!DE15 -> 0 | DH15: ='Shipment (Production)'!DF15 -> 0 | DI15: =SUM(DE15:DH15) -> 0 | DJ15: ='Shipment (Production)'!DG15 -> 0 | DK15: ='Shipment (Production)'!DH15 -> 0 | DL15: ='Shipment (Production)'!DJ15 -> 0 | DM15: ='Shipment (Production)'!DK15 -> 0 | DN15: =SUM(DJ15:DM15) -> 0 | DO15: ='Shipment (Production)'!DL15 -> 0 | DP15: ='Shipment (Production)'!DM15 -> 0 | DQ15: ='Shipment (Production)'!DO15 -> 0 | DR15: ='Shipment (Production)'!DP15 -> 0 | DS15: =SUM(DO15:DR15) -> 0 | DT15: =BP15+BU15+BZ15+CE15+CJ15+CO15+CT15+CY15+DD15+DI15+DN15+DS15 -> 604 | DU15: ='Shipment (Production)'!DQ15 -> 0 | DV15: ='Shipment (Production)'!DR15 -> 0 | DW15: ='Shipment (Production)'!DU15 -> 150 | DX15: ='Shipment (Production)'!DV15 -> 0 | DY15: =SUM(DU15:DX15) -> 150 | DZ15: ='Shipment (Production)'!DV15 -> 0 | EA15: ='Shipment (Production)'!DW15 -> 0 | EB15: ='Shipment (Production)'!DZ15 -> 75 | EC15: ='Shipment (Production)'!EA15 -> 0 | ED15: =SUM(DZ15:EC15) -> 75 | EE15: ='Shipment (Production)'!EA15 -> 0 | EF15: ='Shipment (Production)'!EB15 -> 0 | EG15: ='Shipment (Production)'!EE15 -> 51 | EH15: ='Shipment (Production)'!EF15 -> 0 | EI15: =SUM(EE15:EH15) -> 51 | EJ15: ='Shipment (Production)'!EF15 -> 0 | EK15: ='Shipment (Production)'!EG15 -> 0 | EL15: ='Shipment (Production)'!EJ15 -> 61.2 | EM15: ='Shipment (Production)'!EK15 -> 0 | EN15: =SUM(EJ15:EM15) -> 61.2 | EO15: ='Shipment (Production)'!EK15 -> 0 | EP15: ='Shipment (Production)'!EL15 -> 0 | EQ15: ='Shipment (Production)'!EO15 -> 61.2 | ER15: ='Shipment (Production)'!EP15 -> 0 | ES15: =SUM(EO15:ER15) -> 61.2 | ET15: ='Shipment (Production)'!EP15 -> 0 | EU15: ='Shipment (Production)'!EQ15 -> 0 | EV15: ='Shipment (Production)'!ET15 -> 61.2 | EW15: ='Shipment (Production)'!EU15 -> 0 | EX15: =SUM(ET15:EW15) -> 61.2 | EY15: ='Shipment (Production)'!EU15 -> 0 | EZ15: ='Shipment (Production)'!EV15 -> 0 | FA15: ='Shipment (Production)'!EY15 -> 61.2 | FB15: ='Shipment (Production)'!EZ15 -> 0 | FC15: =SUM(EY15:FB15) -> 61.2 | FD15: ='Shipment (Production)'!EZ15 -> 0 | FE15: ='Shipment (Production)'!FA15 -> 0 | FF15: ='Shipment (Production)'!FD15 -> 61.2 | FG15: ='Shipment (Production)'!FE15 -> 0 | FH15: =SUM(FD15:FG15) -> 61.2 | FI15: ='Shipment (Production)'!FE15 -> 0 | FJ15: ='Shipment (Production)'!FF15 -> 0 | FK15: ='Shipment (Production)'!FI15 -> 30.6 | FL15: ='Shipment (Production)'!FJ15 -> 0 | FM15: =SUM(FI15:FL15) -> 30.6 | FN15: ='Shipment (Production)'!FJ15 -> 0 | FO15: ='Shipment (Production)'!FK15 -> 0 | FP15: ='Shipment (Production)'!FN15 -> 30.6 | FQ15: ='Shipment (Production)'!FO15 -> 0 | FR15: =SUM(FN15:FQ15) -> 30.6 | FS15: ='Shipment (Production)'!FO15 -> 0 | FT15: ='Shipment (Production)'!FP15 -> 0 | FU15: ='Shipment (Production)'!FS15 -> 30.6 | FV15: ='Shipment (Production)'!FT15 -> 0 | FW15: =SUM(FS15:FV15) -> 30.6 | FX15: ='Shipment (Production)'!FT15 -> 0 | FY15: ='Shipment (Production)'!FU15 -> 0 | FZ15: ='Shipment (Production)'!FX15 -> 30.6 | GA15: ='Shipment (Production)'!FY15 -> 0 | GB15: =SUM(FX15:GA15) -> 30.6 | GC15: =ED15+EI15+EN15+ES15+EX15+FC15+FH15+FM15+FR15+FW15+GB15+DY15 -> 704.4
A16: 50g | B16: Al Fakher Buble Gum 50g | G16: 0 | H16: 0 | I16: 0 | J16: 0 | K16: 0 | L16: 0 | M16: 0 | N16: 0 | O16: 0 | P16: 0 | Q16: 0 | R16: 0 | S16: 0 | T16: 0 | U16: 0 | V16: 0 | W16: 0 | X16: 0 | Y16: 0 | Z16: 0 | AA16: 0 | AB16: 0 | AC16: 0 | AD16: 0 | AE16: 0 | AF16: 0 | AG16: 0 | AH16: 0 | AI16: 0 | AJ16: 0 | AK16: 0 | AP16: 0 | AT16: 0 | AU16: =SUM(AQ16:AT16) -> 0 | AV16: ='Shipment (Production)'!AS16 -> 0 | AW16: ='Shipment (Production)'!AT16 -> 0 | AX16: ='Shipment (Production)'!AV16 -> 0 | AY16: 0 | AZ16: =SUM(AV16:AY16) -> 0 | BD16: 0 | BE16: =SUM(BA16:BD16) -> 0 | BH16: 0 | BI16: ='Shipment (Production)'!BG16 -> 0 | BJ16: =SUM(BF16:BI16) -> 0 | BK16: =G16+L16+Q16+V16+AA16+AF16+AK16+AP16+AU16+AZ16+BE16+BJ16 -> 0 | BL16: ='Shipment (Production)'!BI16 -> 0 | BN16: ='Shipment (Production)'!BL16 | BO16: ='Shipment (Production)'!BN16 -> 0 | BP16: =SUM(BL16:BO16) -> 0 | BQ16: ='Shipment (Production)'!BN16 -> 0 | BR16: ='Shipment (Production)'!BO16 -> 0 | BS16: ='Shipment (Production)'!BQ16 | BT16: ='Shipment (Production)'!BR16 -> 0 | BU16: =SUM(BQ16:BT16) -> 0 | BV16: ='Shipment (Production)'!BS16 -> 0 | BW16: ='Shipment (Production)'!BT16 -> 0 | BX16: ='Shipment (Production)'!BV16 | BY16: ='Shipment (Production)'!BW16 -> 0 | BZ16: =SUM(BV16:BY16) -> 0 | CA16: ='Shipment (Production)'!BX16 -> 0 | CB16: ='Shipment (Production)'!BY16 -> 0 | CC16: ='Shipment (Production)'!CA16 -> 0 | CD16: ='Shipment (Production)'!CB16 -> 0 | CE16: =SUM(CA16:CD16) -> 0 | CF16: ='Shipment (Production)'!CC16 | CG16: ='Shipment (Production)'!CD16 -> 0 | CH16: ='Shipment (Production)'!CF16 -> 0 | CI16: ='Shipment (Production)'!CG16 -> 0 | CJ16: =SUM(CF16:CI16) -> 0 | CK16: ='Shipment (Production)'!CH16 | CL16: ='Shipment (Production)'!CI16 -> 0 | CM16: ='Shipment (Production)'!CK16 -> 0 | CN16: ='Shipment (Production)'!CL16 -> 0 | CO16: =SUM(CK16:CN16) -> 0 | CP16: ='Shipment (Production)'!CM16 | CQ16: ='Shipment (Production)'!CN16 -> 0 | CR16: ='Shipment (Production)'!CP16 -> 0 | CS16: ='Shipment (Production)'!CQ16 -> 0 | CT16: =SUM(CP16:CS16) -> 0 | CU16: ='Shipment (Production)'!CR16 | CV16: ='Shipment (Production)'!CS16 -> 0 | CW16: ='Shipment (Production)'!CU16 | CX16: ='Shipment (Production)'!CV16 -> 0 | CY16: =SUM(CU16:CX16) -> 0 | CZ16: ='Shipment (Production)'!CW16 -> 0 | DA16: ='Shipment (Production)'!CX16 -> 0 | DB16: ='Shipment (Production)'!CZ16 -> 0 | DC16: ='Shipment (Production)'!DA16 -> 0 | DD16: =SUM(CZ16:DC16) -> 0 | DE16: ='Shipment (Production)'!DB16 | DF16: ='Shipment (Production)'!DC16 -> 0 | DG16: ='Shipment (Production)'!DE16 | DH16: ='Shipment (Production)'!DF16 -> 0 | DI16: =SUM(DE16:DH16) -> 0 | DJ16: ='Shipment (Production)'!DG16 -> 0 | DK16: ='Shipment (Production)'!DH16 -> 0 | DL16: ='Shipment (Production)'!DJ16 -> 0 | DM16: ='Shipment (Production)'!DK16 -> 0 | DN16: =SUM(DJ16:DM16) -> 0 | DO16: ='Shipment (Production)'!DL16 | DP16: ='Shipment (Production)'!DM16 -> 0 | DQ16: ='Shipment (Production)'!DO16 | DR16: ='Shipment (Production)'!DP16 -> 0 | DS16: =SUM(DO16:DR16) -> 0 | DT16: =BP16+BU16+BZ16+CE16+CJ16+CO16+CT16+CY16+DD16+DI16+DN16+DS16 -> 0 | DU16: ='Shipment (Production)'!DQ16 -> 0 | DV16: ='Shipment (Production)'!DR16 -> 0 | DW16: ='Shipment (Production)'!DU16 -> 0 | DX16: ='Shipment (Production)'!DV16 -> 0 | DY16: =SUM(DU16:DX16) -> 0 | DZ16: ='Shipment (Production)'!DV16 -> 0 | EA16: ='Shipment (Production)'!DW16 -> 0 | EB16: ='Shipment (Production)'!DZ16 -> 0 | EC16: ='Shipment (Production)'!EA16 -> 0 | ED16: =SUM(DZ16:EC16) -> 0 | EE16: ='Shipment (Production)'!EA16 -> 0 | EF16: ='Shipment (Production)'!EB16 -> 0 | EG16: ='Shipment (Production)'!EE16 -> 0 | EH16: ='Shipment (Production)'!EF16 -> 0 | EI16: =SUM(EE16:EH16) -> 0 | EJ16: ='Shipment (Production)'!EF16 -> 0 | EK16: ='Shipment (Production)'!EG16 -> 0 | EL16: ='Shipment (Production)'!EJ16 -> 0 | EM16: ='Shipment (Production)'!EK16 -> 0 | EN16: =SUM(EJ16:EM16) -> 0 | EO16: ='Shipment (Production)'!EK16 -> 0 | EP16: ='Shipment (Production)'!EL16 -> 0 | EQ16: ='Shipment (Production)'!EO16 -> 0 | ER16: ='Shipment (Production)'!EP16 -> 0 | ES16: =SUM(EO16:ER16) -> 0 | ET16: ='Shipment (Production)'!EP16 -> 0 | EU16: ='Shipment (Production)'!EQ16 -> 0 | EV16: ='Shipment (Production)'!ET16 -> 0 | EW16: ='Shipment (Production)'!EU16 -> 0 | EX16: =SUM(ET16:EW16) -> 0 | EY16: ='Shipment (Production)'!EU16 -> 0 | EZ16: ='Shipment (Production)'!EV16 -> 0 | FA16: ='Shipment (Production)'!EY16 -> 0 | FB16: ='Shipment (Production)'!EZ16 -> 0 | FC16: =SUM(EY16:FB16) -> 0 | FD16: ='Shipment (Production)'!EZ16 -> 0 | FE16: ='Shipment (Production)'!FA16 -> 0 | FF16: ='Shipment (Production)'!FD16 -> 0 | FG16: ='Shipment (Production)'!FE16 -> 0 | FH16: =SUM(FD16:FG16) -> 0 | FI16: ='Shipment (Production)'!FE16 -> 0 | FJ16: ='Shipment (Production)'!FF16 -> 0 | FK16: ='Shipment (Production)'!FI16 -> 0 | FL16: ='Shipment (Production)'!FJ16 -> 0 | FM16: =SUM(FI16:FL16) -> 0 | FN16: ='Shipment (Production)'!FJ16 -> 0 | FO16: ='Shipment (Production)'!FK16 -> 0 | FP16: ='Shipment (Production)'!FN16 -> 0 | FQ16: ='Shipment (Production)'!FO16 -> 0 | FR16: =SUM(FN16:FQ16) -> 0 | FS16: ='Shipment (Production)'!FO16 -> 0 | FT16: ='Shipment (Production)'!FP16 -> 0 | FU16: ='Shipment (Production)'!FS16 -> 0 | FV16: ='Shipment (Production)'!FT16 -> 0 | FW16: =SUM(FS16:FV16) -> 0 | FX16: ='Shipment (Production)'!FT16 -> 0 | FY16: ='Shipment (Production)'!FU16 -> 0 | FZ16: ='Shipment (Production)'!FX16 -> 0 | GA16: ='Shipment (Production)'!FY16 -> 0 | GB16: =SUM(FX16:GA16) -> 0 | GC16: =ED16+EI16+EN16+ES16+EX16+FC16+FH16+FM16+FR16+FW16+GB16+DY16 -> 0
A17: 50g | B17: Al Fakher Grapes & Mint 50g | G17: 0 | H17: 0 | I17: 0 | J17: 0 | K17: 0 | L17: 106 | M17: 0 | N17: 0 | O17: 0 | P17: 0 | Q17: 678 | R17: 0 | S17: 0 | T17: 0 | U17: 0 | V17: 0 | W17: 0 | X17: 0 | Y17: 0 | Z17: 0 | AA17: 0 | AB17: 0 | AC17: 0 | AD17: 0 | AE17: 0 | AF17: 0 | AG17: 0 | AH17: 0 | AI17: 0 | AJ17: 0 | AK17: 413 | AP17: 601 | AT17: 334 | AU17: =SUM(AQ17:AT17) -> 334 | AY17: 0 | AZ17: =SUM(AV17:AY17) -> 0 | BD17: 281 | BE17: =SUM(BA17:BD17) -> 281 | BH17: 203 | BI17: ='Shipment (Production)'!BG17 -> 0 | BJ17: =SUM(BF17:BI17) -> 203 | BK17: =G17+L17+Q17+V17+AA17+AF17+AK17+AP17+AU17+AZ17+BE17+BJ17 -> 2616 | BL17: ='Shipment (Production)'!BI17 -> 0 | BN17: ='Shipment (Production)'!BL17 -> - | BO17: ='Shipment (Production)'!BN17 -> 0 | BP17: =SUM(BL17:BO17) -> 0 | BQ17: ='Shipment (Production)'!BN17 -> 0 | BR17: ='Shipment (Production)'!BO17 -> 0 | BS17: ='Shipment (Production)'!BQ17 -> 0 | BT17: ='Shipment (Production)'!BR17 -> 0 | BU17: =SUM(BQ17:BT17) -> 0 | BV17: ='Shipment (Production)'!BS17 -> 237 | BW17: ='Shipment (Production)'!BT17 -> 0 | BX17: ='Shipment (Production)'!BV17 -> 0 | BY17: ='Shipment (Production)'!BW17 -> 250 | BZ17: =SUM(BV17:BY17) -> 487 | CA17: ='Shipment (Production)'!BX17 -> 0 | CB17: ='Shipment (Production)'!BY17 -> 0 | CC17: ='Shipment (Production)'!CA17 -> 0 | CD17: ='Shipment (Production)'!CB17 -> 0 | CE17: =SUM(CA17:CD17) -> 0 | CF17: ='Shipment (Production)'!CC17 -> 0 | CG17: ='Shipment (Production)'!CD17 -> 0 | CH17: ='Shipment (Production)'!CF17 -> 0 | CI17: ='Shipment (Production)'!CG17 -> 0 | CJ17: =SUM(CF17:CI17) -> 0 | CK17: ='Shipment (Production)'!CH17 -> 300 | CL17: ='Shipment (Production)'!CI17 -> 0 | CM17: ='Shipment (Production)'!CK17 -> 0 | CN17: ='Shipment (Production)'!CL17 -> 0 | CO17: =SUM(CK17:CN17) -> 300 | CP17: ='Shipment (Production)'!CM17 -> 300 | CQ17: ='Shipment (Production)'!CN17 -> 0 | CR17: ='Shipment (Production)'!CP17 -> 0 | CS17: ='Shipment (Production)'!CQ17 -> 0 | CT17: =SUM(CP17:CS17) -> 300 | CU17: ='Shipment (Production)'!CR17 -> 250 | CV17: ='Shipment (Production)'!CS17 -> 0 | CW17: ='Shipment (Production)'!CU17 -> 0 | CX17: ='Shipment (Production)'!CV17 -> 0 | CY17: =SUM(CU17:CX17) -> 250 | CZ17: ='Shipment (Production)'!CW17 -> 300 | DA17: ='Shipment (Production)'!CX17 -> 0 | DB17: ='Shipment (Production)'!CZ17 -> 0 | DC17: ='Shipment (Production)'!DA17 -> 0 | DD17: =SUM(CZ17:DC17) -> 300 | DE17: ='Shipment (Production)'!DB17 -> 250 | DF17: ='Shipment (Production)'!DC17 -> 0 | DG17: ='Shipment (Production)'!DE17 -> 0 | DH17: ='Shipment (Production)'!DF17 -> 0 | DI17: =SUM(DE17:DH17) -> 250 | DJ17: ='Shipment (Production)'!DG17 -> 200 | DK17: ='Shipment (Production)'!DH17 -> 0 | DL17: ='Shipment (Production)'!DJ17 -> 0 | DM17: ='Shipment (Production)'!DK17 -> 0 | DN17: =SUM(DJ17:DM17) -> 200 | DO17: ='Shipment (Production)'!DL17 -> 150 | DP17: ='Shipment (Production)'!DM17 -> 0 | DQ17: ='Shipment (Production)'!DO17 -> 0 | DR17: ='Shipment (Production)'!DP17 -> 150 | DS17: =SUM(DO17:DR17) -> 300 | DT17: =BP17+BU17+BZ17+CE17+CJ17+CO17+CT17+CY17+DD17+DI17+DN17+DS17 -> 2387 | DU17: ='Shipment (Production)'!DQ17 -> 0 | DV17: ='Shipment (Production)'!DR17 -> 0 | DW17: ='Shipment (Production)'!DU17 -> 230 | DX17: ='Shipment (Production)'!DV17 -> 0 | DY17: =SUM(DU17:DX17) -> 230 | DZ17: ='Shipment (Production)'!DV17 -> 0 | EA17: ='Shipment (Production)'!DW17 -> 0 | EB17: ='Shipment (Production)'!DZ17 -> 230 | EC17: ='Shipment (Production)'!EA17 -> 0 | ED17: =SUM(DZ17:EC17) -> 230 | EE17: ='Shipment (Production)'!EA17 -> 0 | EF17: ='Shipment (Production)'!EB17 -> 0 | EG17: ='Shipment (Production)'!EE17 -> 234.6 | EH17: ='Shipment (Production)'!EF17 -> 0 | EI17: =SUM(EE17:EH17) -> 234.6 | EJ17: ='Shipment (Production)'!EF17 -> 0 | EK17: ='Shipment (Production)'!EG17 -> 0 | EL17: ='Shipment (Production)'!EJ17 -> 306 | EM17: ='Shipment (Production)'!EK17 -> 0 | EN17: =SUM(EJ17:EM17) -> 306 | EO17: ='Shipment (Production)'!EK17 -> 0 | EP17: ='Shipment (Production)'!EL17 -> 0 | EQ17: ='Shipment (Production)'!EO17 -> 255 | ER17: ='Shipment (Production)'!EP17 -> 0 | ES17: =SUM(EO17:ER17) -> 255 | ET17: ='Shipment (Production)'!EP17 -> 0 | EU17: ='Shipment (Production)'!EQ17 -> 0 | EV17: ='Shipment (Production)'!ET17 -> 255 | EW17: ='Shipment (Production)'!EU17 -> 0 | EX17: =SUM(ET17:EW17) -> 255 | EY17: ='Shipment (Production)'!EU17 -> 0 | EZ17: ='Shipment (Production)'!EV17 -> 0 | FA17: ='Shipment (Production)'!EY17 -> 255 | FB17: ='Shipment (Production)'!EZ17 -> 0 | FC17: =SUM(EY17:FB17) -> 255 | FD17: ='Shipment (Production)'!EZ17 -> 0 | FE17: ='Shipment (Production)'!FA17 -> 0 | FF17: ='Shipment (Production)'!FD17 -> 255 | FG17: ='Shipment (Production)'!FE17 -> 0 | FH17: =SUM(FD17:FG17) -> 255 | FI17: ='Shipment (Production)'!FE17 -> 0 | FJ17: ='Shipment (Production)'!FF17 -> 0 | FK17: ='Shipment (Production)'!FI17 -> 153 | FL17: ='Shipment (Production)'!FJ17 -> 0 | FM17: =SUM(FI17:FL17) -> 153 | FN17: ='Shipment (Production)'!FJ17 -> 0 | FO17: ='Shipment (Production)'!FK17 -> 0 | FP17: ='Shipment (Production)'!FN17 -> 153 | FQ17: ='Shipment (Production)'!FO17 -> 0 | FR17: =SUM(FN17:FQ17) -> 153 | FS17: ='Shipment (Production)'!FO17 -> 0 | FT17: ='Shipment (Production)'!FP17 -> 0 | FU17: ='Shipment (Production)'!FS17 -> 153 | FV17: ='Shipment (Production)'!FT17 -> 0 | FW17: =SUM(FS17:FV17) -> 153 | FX17: ='Shipment (Production)'!FT17 -> 0 | FY17: ='Shipment (Production)'!FU17 -> 0 | FZ17: ='Shipment (Production)'!FX17 -> 153 | GA17: ='Shipment (Production)'!FY17 -> 0 | GB17: =SUM(FX17:GA17) -> 153 | GC17: =ED17+EI17+EN17+ES17+EX17+FC17+FH17+FM17+FR17+FW17+GB17+DY17 -> 2632.6
A18: 50g | B18: Al Fakher Grapes 50g | G18: 248 | H18: 0 | I18: 0 | J18: 0 | K18: 0 | L18: 0 | M18: 0 | N18: 0 | O18: 0 | P18: 0 | Q18: 800 | R18: 0 | S18: 0 | T18: 0 | U18: 0 | V18: 187 | W18: 0 | X18: 0 | Y18: 0 | Z18: 0 | AA18: 0 | AB18: 0 | AC18: 0 | AD18: 0 | AE18: 0 | AF18: 354 | AG18: 0 | AH18: 0 | AI18: 0 | AJ18: 0 | AK18: 1004 | AP18: 0 | AT18: 562 | AU18: =SUM(AQ18:AT18) -> 562 | AY18: 0 | AZ18: =SUM(AV18:AY18) -> 0 | BD18: 396 | BE18: =SUM(BA18:BD18) -> 396 | BH18: 615 | BI18: ='Shipment (Production)'!BG18 -> 0 | BJ18: =SUM(BF18:BI18) -> 615 | BK18: =G18+L18+Q18+V18+AA18+AF18+AK18+AP18+AU18+AZ18+BE18+BJ18 -> 4166 | BL18: ='Shipment (Production)'!BI18 -> 0 | BN18: 301 | BP18: =SUM(BL18:BO18) -> 301 | BR18: ='Shipment (Production)'!BO18 -> 0 | BS18: ='Shipment (Production)'!BQ18 -> 0 | BT18: ='Shipment (Production)'!BR18 -> 0 | BU18: =SUM(BQ18:BT18) -> 0 | BV18: ='Shipment (Production)'!BS18 -> 635 | BW18: ='Shipment (Production)'!BT18 -> 0 | BX18: ='Shipment (Production)'!BV18 -> 0 | BY18: ='Shipment (Production)'!BW18 -> 400 | BZ18: =SUM(BV18:BY18) -> 1035 | CA18: ='Shipment (Production)'!BX18 -> 0 | CB18: ='Shipment (Production)'!BY18 -> 0 | CC18: ='Shipment (Production)'!CA18 -> 0 | CD18: ='Shipment (Production)'!CB18 -> 0 | CE18: =SUM(CA18:CD18) -> 0 | CF18: ='Shipment (Production)'!CC18 -> 300 | CG18: ='Shipment (Production)'!CD18 -> 0 | CH18: ='Shipment (Production)'!CF18 -> 0 | CI18: ='Shipment (Production)'!CG18 -> 0 | CJ18: =SUM(CF18:CI18) -> 300 | CK18: ='Shipment (Production)'!CH18 -> 250 | CL18: ='Shipment (Production)'!CI18 -> 0 | CM18: ='Shipment (Production)'!CK18 -> 0 | CN18: ='Shipment (Production)'!CL18 -> 0 | CO18: =SUM(CK18:CN18) -> 250 | CP18: ='Shipment (Production)'!CM18 -> 300 | CQ18: ='Shipment (Production)'!CN18 -> 0 | CR18: ='Shipment (Production)'!CP18 -> 0 | CS18: ='Shipment (Production)'!CQ18 -> 0 | CT18: =SUM(CP18:CS18) -> 300 | CU18: ='Shipment (Production)'!CR18 -> 300 | CV18: ='Shipment (Production)'!CS18 -> 0 | CW18: ='Shipment (Production)'!CU18 -> 0 | CX18: ='Shipment (Production)'!CV18 -> 0 | CY18: =SUM(CU18:CX18) -> 300 | CZ18: ='Shipment (Production)'!CW18 -> 350 | DA18: ='Shipment (Production)'!CX18 -> 0 | DB18: ='Shipment (Production)'!CZ18 -> 0 | DC18: ='Shipment (Production)'!DA18 -> 0 | DD18: =SUM(CZ18:DC18) -> 350 | DE18: ='Shipment (Production)'!DB18 -> 350 | DF18: ='Shipment (Production)'!DC18 -> 0 | DG18: ='Shipment (Production)'!DE18 -> 0 | DH18: ='Shipment (Production)'!DF18 -> 0 | DI18: =SUM(DE18:DH18) -> 350 | DJ18: ='Shipment (Production)'!DG18 -> 350 | DK18: ='Shipment (Production)'!DH18 -> 0 | DL18: ='Shipment (Production)'!DJ18 -> 0 | DM18: ='Shipment (Production)'!DK18 -> 0 | DN18: =SUM(DJ18:DM18) -> 350 | DO18: ='Shipment (Production)'!DL18 -> 250 | DP18: ='Shipment (Production)'!DM18 -> 0 | DQ18: ='Shipment (Production)'!DO18 -> 0 | DR18: ='Shipment (Production)'!DP18 -> 250 | DS18: =SUM(DO18:DR18) -> 500 | DT18: =BP18+BU18+BZ18+CE18+CJ18+CO18+CT18+CY18+DD18+DI18+DN18+DS18 -> 4036 | DU18: ='Shipment (Production)'!DQ18 -> 0 | DV18: ='Shipment (Production)'!DR18 -> 0 | DW18: ='Shipment (Production)'!DU18 -> 400 | DX18: ='Shipment (Production)'!DV18 -> 0 | DY18: =SUM(DU18:DX18) -> 400 | DZ18: ='Shipment (Production)'!DV18 -> 0 | EA18: ='Shipment (Production)'!DW18 -> 0 | EB18: ='Shipment (Production)'!DZ18 -> 400 | EC18: ='Shipment (Production)'!EA18 -> 0 | ED18: =SUM(DZ18:EC18) -> 400 | EE18: ='Shipment (Production)'!EA18 -> 0 | EF18: ='Shipment (Production)'!EB18 -> 0 | EG18: ='Shipment (Production)'!EE18 -> 408 | EH18: ='Shipment (Production)'!EF18 -> 0 | EI18: =SUM(EE18:EH18) -> 408 | EJ18: ='Shipment (Production)'!EF18 -> 0 | EK18: ='Shipment (Production)'!EG18 -> 0 | EL18: ='Shipment (Production)'!EJ18 -> 408 | EM18: ='Shipment (Production)'!EK18 -> 0 | EN18: =SUM(EJ18:EM18) -> 408 | EO18: ='Shipment (Production)'!EK18 -> 0 | EP18: ='Shipment (Production)'!EL18 -> 0 | EQ18: ='Shipment (Production)'!EO18 -> 510 | ER18: ='Shipment (Production)'!EP18 -> 0 | ES18: =SUM(EO18:ER18) -> 510 | ET18: ='Shipment (Production)'!EP18 -> 0 | EU18: ='Shipment (Production)'!EQ18 -> 0 | EV18: ='Shipment (Production)'!ET18 -> 510 | EW18: ='Shipment (Production)'!EU18 -> 0 | EX18: =SUM(ET18:EW18) -> 510 | EY18: ='Shipment (Production)'!EU18 -> 0 | EZ18: ='Shipment (Production)'!EV18 -> 0 | FA18: ='Shipment (Production)'!EY18 -> 510 | FB18: ='Shipment (Production)'!EZ18 -> 0 | FC18: =SUM(EY18:FB18) -> 510 | FD18: ='Shipment (Production)'!EZ18 -> 0 | FE18: ='Shipment (Production)'!FA18 -> 0 | FF18: ='Shipment (Production)'!FD18 -> 408 | FG18: ='Shipment (Production)'!FE18 -> 0 | FH18: =SUM(FD18:FG18) -> 408 | FI18: ='Shipment (Production)'!FE18 -> 0 | FJ18: ='Shipment (Production)'!FF18 -> 0 | FK18: ='Shipment (Production)'!FI18 -> 408 | FL18: ='Shipment (Production)'!FJ18 -> 0 | FM18: =SUM(FI18:FL18) -> 408 | FN18: ='Shipment (Production)'!FJ18 -> 0 | FO18: ='Shipment (Production)'!FK18 -> 0 | FP18: ='Shipment (Production)'!FN18 -> 306 | FQ18: ='Shipment (Production)'!FO18 -> 0 | FR18: =SUM(FN18:FQ18) -> 306 | FS18: ='Shipment (Production)'!FO18 -> 0 | FT18: ='Shipment (Production)'!FP18 -> 0 | FU18: ='Shipment (Production)'!FS18 -> 306 | FV18: ='Shipment (Production)'!FT18 -> 0 | FW18: =SUM(FS18:FV18) -> 306 | FX18: ='Shipment (Production)'!FT18 -> 0 | FY18: ='Shipment (Production)'!FU18 -> 0 | FZ18: ='Shipment (Production)'!FX18 -> 306 | GA18: ='Shipment (Production)'!FY18 -> 0 | GB18: =SUM(FX18:GA18) -> 306 | GC18: =ED18+EI18+EN18+ES18+EX18+FC18+FH18+FM18+FR18+FW18+GB18+DY18 -> 4880
A19: 50g | B19: Al Fakher Gum Mint 50g | G19: 0 | H19: 0 | I19: 0 | J19: 0 | K19: 0 | L19: 0 | M19: 0 | N19: 0 | O19: 0 | P19: 0 | Q19: 344 | R19: 0 | S19: 0 | T19: 0 | U19: 0 | V19: 0 | W19: 0 | X19: 0 | Y19: 0 | Z19: 0 | AA19: 0 | AB19: 0 | AC19: 0 | AD19: 0 | AE19: 0 | AF19: 0 | AG19: 0 | AH19: 0 | AI19: 0 | AJ19: 0 | AK19: 0 | AP19: 223 | AT19: 0 | AU19: =SUM(AQ19:AT19) -> 0 | AY19: 0 | AZ19: =SUM(AV19:AY19) -> 0 | BD19: 152 | BE19: =SUM(BA19:BD19) -> 152 | BH19: 111 | BI19: ='Shipment (Production)'!BG19 -> 0 | BJ19: =SUM(BF19:BI19) -> 111 | BK19: =G19+L19+Q19+V19+AA19+AF19+AK19+AP19+AU19+AZ19+BE19+BJ19 -> 830 | BL19: ='Shipment (Production)'!BI19 -> 0 | BN19: 176 | BP19: =SUM(BL19:BO19) -> 176 | BR19: ='Shipment (Production)'!BO19 -> 0 | BS19: ='Shipment (Production)'!BQ19 -> 0 | BT19: ='Shipment (Production)'!BR19 -> 0 | BU19: =SUM(BQ19:BT19) -> 0 | BV19: ='Shipment (Production)'!BS19 -> 0 | BW19: ='Shipment (Production)'!BT19 -> 0 | BX19: ='Shipment (Production)'!BV19 -> 0 | BY19: ='Shipment (Production)'!BW19 -> 0 | BZ19: =SUM(BV19:BY19) -> 0 | CA19: ='Shipment (Production)'!BX19 -> 170 | CB19: ='Shipment (Production)'!BY19 -> 0 | CC19: ='Shipment (Production)'!CA19 -> 0 | CD19: ='Shipment (Production)'!CB19 -> 0 | CE19: =SUM(CA19:CD19) -> 170 | CF19: ='Shipment (Production)'!CC19 -> 0 | CG19: ='Shipment (Production)'!CD19 -> 0 | CH19: ='Shipment (Production)'!CF19 -> 0 | CI19: ='Shipment (Production)'!CG19 -> 0 | CJ19: =SUM(CF19:CI19) -> 0 | CK19: ='Shipment (Production)'!CH19 -> 200 | CL19: ='Shipment (Production)'!CI19 -> 0 | CM19: ='Shipment (Production)'!CK19 -> 0 | CN19: ='Shipment (Production)'!CL19 -> 0 | CO19: =SUM(CK19:CN19) -> 200 | CP19: ='Shipment (Production)'!CM19 -> 0 | CQ19: ='Shipment (Production)'!CN19 -> 0 | CR19: ='Shipment (Production)'!CP19 -> 0 | CS19: ='Shipment (Production)'!CQ19 -> 0 | CT19: =SUM(CP19:CS19) -> 0 | CU19: ='Shipment (Production)'!CR19 -> 200 | CV19: ='Shipment (Production)'!CS19 -> 0 | CW19: ='Shipment (Production)'!CU19 -> 0 | CX19: ='Shipment (Production)'!CV19 -> 0 | CY19: =SUM(CU19:CX19) -> 200 | CZ19: ='Shipment (Production)'!CW19 -> 0 | DA19: ='Shipment (Production)'!CX19 -> 0 | DB19: ='Shipment (Production)'!CZ19 -> 0 | DC19: ='Shipment (Production)'!DA19 -> 0 | DD19: =SUM(CZ19:DC19) -> 0 | DE19: ='Shipment (Production)'!DB19 -> 200 | DF19: ='Shipment (Production)'!DC19 -> 0 | DG19: ='Shipment (Production)'!DE19 -> 0 | DH19: ='Shipment (Production)'!DF19 -> 0 | DI19: =SUM(DE19:DH19) -> 200 | DJ19: ='Shipment (Production)'!DG19 -> 0 | DK19: ='Shipment (Production)'!DH19 -> 0 | DL19: ='Shipment (Production)'!DJ19 -> 0 | DM19: ='Shipment (Production)'!DK19 -> 0 | DN19: =SUM(DJ19:DM19) -> 0 | DO19: ='Shipment (Production)'!DL19 -> 100 | DP19: ='Shipment (Production)'!DM19 -> 0 | DQ19: ='Shipment (Production)'!DO19 -> 0 | DR19: ='Shipment (Production)'!DP19 -> 0 | DS19: =SUM(DO19:DR19) -> 100 | DT19: =BP19+BU19+BZ19+CE19+CJ19+CO19+CT19+CY19+DD19+DI19+DN19+DS19 -> 1046 | DU19: ='Shipment (Production)'!DQ19 -> 0 | DV19: ='Shipment (Production)'!DR19 -> 0 | DW19: ='Shipment (Production)'!DU19 -> 200 | DX19: ='Shipment (Production)'!DV19 -> 0 | DY19: =SUM(DU19:DX19) -> 200 | DZ19: ='Shipment (Production)'!DV19 -> 0 | EA19: ='Shipment (Production)'!DW19 -> 0 | EB19: ='Shipment (Production)'!DZ19 -> 150 | EC19: ='Shipment (Production)'!EA19 -> 0 | ED19: =SUM(DZ19:EC19) -> 150 | EE19: ='Shipment (Production)'!EA19 -> 0 | EF19: ='Shipment (Production)'!EB19 -> 0 | EG19: ='Shipment (Production)'!EE19 -> 102 | EH19: ='Shipment (Production)'!EF19 -> 0 | EI19: =SUM(EE19:EH19) -> 102 | EJ19: ='Shipment (Production)'!EF19 -> 0 | EK19: ='Shipment (Production)'!EG19 -> 0 | EL19: ='Shipment (Production)'!EJ19 -> 102 | EM19: ='Shipment (Production)'!EK19 -> 0 | EN19: =SUM(EJ19:EM19) -> 102 | EO19: ='Shipment (Production)'!EK19 -> 0 | EP19: ='Shipment (Production)'!EL19 -> 0 | EQ19: ='Shipment (Production)'!EO19 -> 102 | ER19: ='Shipment (Production)'!EP19 -> 0 | ES19: =SUM(EO19:ER19) -> 102 | ET19: ='Shipment (Production)'!EP19 -> 0 | EU19: ='Shipment (Production)'!EQ19 -> 0 | EV19: ='Shipment (Production)'!ET19 -> 81.6 | EW19: ='Shipment (Production)'!EU19 -> 0 | EX19: =SUM(ET19:EW19) -> 81.6 | EY19: ='Shipment (Production)'!EU19 -> 0 | EZ19: ='Shipment (Production)'!EV19 -> 0 | FA19: ='Shipment (Production)'!EY19 -> 102 | FB19: ='Shipment (Production)'!EZ19 -> 0 | FC19: =SUM(EY19:FB19) -> 102 | FD19: ='Shipment (Production)'!EZ19 -> 0 | FE19: ='Shipment (Production)'!FA19 -> 0 | FF19: ='Shipment (Production)'!FD19 -> 102 | FG19: ='Shipment (Production)'!FE19 -> 0 | FH19: =SUM(FD19:FG19) -> 102 | FI19: ='Shipment (Production)'!FE19 -> 0 | FJ19: ='Shipment (Production)'!FF19 -> 0 | FK19: ='Shipment (Production)'!FI19 -> 71.4 | FL19: ='Shipment (Production)'!FJ19 -> 0 | FM19: =SUM(FI19:FL19) -> 71.4 | FN19: ='Shipment (Production)'!FJ19 -> 0 | FO19: ='Shipment (Production)'!FK19 -> 0 | FP19: ='Shipment (Production)'!FN19 -> 71.4 | FQ19: ='Shipment (Production)'!FO19 -> 0 | FR19: =SUM(FN19:FQ19) -> 71.4 | FS19: ='Shipment (Production)'!FO19 -> 0 | FT19: ='Shipment (Production)'!FP19 -> 0 | FU19: ='Shipment (Production)'!FS19 -> 71.4 | FV19: ='Shipment (Production)'!FT19 -> 0 | FW19: =SUM(FS19:FV19) -> 71.4 | FX19: ='Shipment (Production)'!FT19 -> 0 | FY19: ='Shipment (Production)'!FU19 -> 0 | FZ19: ='Shipment (Production)'!FX19 -> 71.4 | GA19: ='Shipment (Production)'!FY19 -> 0 | GB19: =SUM(FX19:GA19) -> 71.4 | GC19: =ED19+EI19+EN19+ES19+EX19+FC19+FH19+FM19+FR19+FW19+GB19+DY19 -> 1227.2
A20: 50g | B20: Al Fakher Gum 50g | G20: 0 | H20: 0 | I20: 0 | J20: 0 | K20: 0 | L20: 0 | M20: 0 | N20: 0 | O20: 0 | P20: 0 | Q20: 193 | R20: 0 | S20: 0 | T20: 0 | U20: 0 | V20: 0 | W20: 0 | X20: 0 | Y20: 0 | Z20: 0 | AA20: 0 | AB20: 0 | AC20: 0 | AD20: 0 | AE20: 0 | AF20: 0 | AG20: 0 | AH20: 0 | AI20: 0 | AJ20: 0 | AK20: 0 | AP20: 0 | AT20: 0 | AU20: =SUM(AQ20:AT20) -> 0 | AY20: 0 | AZ20: =SUM(AV20:AY20) -> 0 | BD20: 0 | BE20: =SUM(BA20:BD20) -> 0 | BH20: 0 | BI20: ='Shipment (Production)'!BG20 -> 0 | BJ20: =SUM(BF20:BI20) -> 0 | BK20: =G20+L20+Q20+V20+AA20+AF20+AK20+AP20+AU20+AZ20+BE20+BJ20 -> 193 | BL20: ='Shipment (Production)'!BI20 -> 0 | BN20: ='Shipment (Production)'!BL20 -> - | BO20: ='Shipment (Production)'!BM20 -> 0 | BP20: =SUM(BL20:BO20) -> 0 | BQ20: ='Shipment (Production)'!BN20 -> 0 | BR20: ='Shipment (Production)'!BO20 -> 0 | BS20: ='Shipment (Production)'!BQ20 -> 0 | BT20: ='Shipment (Production)'!BR20 -> 0 | BU20: =SUM(BQ20:BT20) -> 0 | BV20: ='Shipment (Production)'!BS20 -> 0 | BW20: ='Shipment (Production)'!BT20 -> 0 | BX20: ='Shipment (Production)'!BV20 -> 0 | BY20: ='Shipment (Production)'!BW20 -> 0 | BZ20: =SUM(BV20:BY20) -> 0 | CA20: ='Shipment (Production)'!BX20 -> 100 | CB20: ='Shipment (Production)'!BY20 -> 0 | CC20: ='Shipment (Production)'!CA20 -> - | CD20: ='Shipment (Production)'!CB20 -> 0 | CE20: =SUM(CA20:CD20) -> 100 | CF20: ='Shipment (Production)'!CC20 -> 100 | CG20: ='Shipment (Production)'!CD20 -> 0 | CH20: ='Shipment (Production)'!CF20 -> 0 | CI20: ='Shipment (Production)'!CG20 -> 0 | CJ20: =SUM(CF20:CI20) -> 100 | CK20: ='Shipment (Production)'!CH20 -> 0 | CL20: ='Shipment (Production)'!CI20 -> 0 | CM20: ='Shipment (Production)'!CK20 -> 0 | CN20: ='Shipment (Production)'!CL20 -> 0 | CO20: =SUM(CK20:CN20) -> 0 | CP20: ='Shipment (Production)'!CM20 -> 0 | CQ20: ='Shipment (Production)'!CN20 -> 0 | CR20: ='Shipment (Production)'!CP20 -> 50 | CS20: ='Shipment (Production)'!CQ20 -> 0 | CT20: =SUM(CP20:CS20) -> 50 | CU20: ='Shipment (Production)'!CR20 -> 0 | CV20: ='Shipment (Production)'!CS20 -> 0 | CW20: ='Shipment (Production)'!CU20 -> 0 | CX20: ='Shipment (Production)'!CV20 -> 0 | CY20: =SUM(CU20:CX20) -> 0 | CZ20: ='Shipment (Production)'!CW20 -> 75 | DA20: ='Shipment (Production)'!CX20 -> 0 | DB20: ='Shipment (Production)'!CZ20 -> 0 | DC20: ='Shipment (Production)'!DA20 -> 0 | DD20: =SUM(CZ20:DC20) -> 75 | DE20: ='Shipment (Production)'!DB20 -> 0 | DF20: ='Shipment (Production)'!DC20 -> 0 | DG20: ='Shipment (Production)'!DE20 -> 0 | DH20: ='Shipment (Production)'!DF20 -> 0 | DI20: =SUM(DE20:DH20) -> 0 | DJ20: ='Shipment (Production)'!DG20 -> 0 | DK20: ='Shipment (Production)'!DH20 -> 0 | DL20: ='Shipment (Production)'!DJ20 -> 0 | DM20: ='Shipment (Production)'!DK20 -> 50 | DN20: =SUM(DJ20:DM20) -> 50 | DO20: ='Shipment (Production)'!DL20 -> 0 | DP20: ='Shipment (Production)'!DM20 -> 0 | DQ20: ='Shipment (Production)'!DO20 -> 0 | DR20: ='Shipment (Production)'!DP20 -> 0 | DS20: =SUM(DO20:DR20) -> 0 | DT20: =BP20+BU20+BZ20+CE20+CJ20+CO20+CT20+CY20+DD20+DI20+DN20+DS20 -> 375 | DU20: ='Shipment (Production)'!DQ20 -> 0 | DV20: ='Shipment (Production)'!DR20 -> 0 | DW20: ='Shipment (Production)'!DU20 -> 20 | DX20: ='Shipment (Production)'!DV20 -> 0 | DY20: =SUM(DU20:DX20) -> 20 | DZ20: ='Shipment (Production)'!DV20 -> 0 | EA20: ='Shipment (Production)'!DW20 -> 0 | EB20: ='Shipment (Production)'!DZ20 -> 20 | EC20: ='Shipment (Production)'!EA20 -> 0 | ED20: =SUM(DZ20:EC20) -> 20 | EE20: ='Shipment (Production)'!EA20 -> 0 | EF20: ='Shipment (Production)'!EB20 -> 0 | EG20: ='Shipment (Production)'!EE20 -> 40.8 | EH20: ='Shipment (Production)'!EF20 -> 0 | EI20: =SUM(EE20:EH20) -> 40.8 | EJ20: ='Shipment (Production)'!EF20 -> 0 | EK20: ='Shipment (Production)'!EG20 -> 0 | EL20: ='Shipment (Production)'!EJ20 -> 40.8 | EM20: ='Shipment (Production)'!EK20 -> 0 | EN20: =SUM(EJ20:EM20) -> 40.8 | EO20: ='Shipment (Production)'!EK20 -> 0 | EP20: ='Shipment (Production)'!EL20 -> 0 | EQ20: ='Shipment (Production)'!EO20 -> 40.8 | ER20: ='Shipment (Production)'!EP20 -> 0 | ES20: =SUM(EO20:ER20) -> 40.8 | ET20: ='Shipment (Production)'!EP20 -> 0 | EU20: ='Shipment (Production)'!EQ20 -> 0 | EV20: ='Shipment (Production)'!ET20 -> 40.8 | EW20: ='Shipment (Production)'!EU20 -> 0 | EX20: =SUM(ET20:EW20) -> 40.8 | EY20: ='Shipment (Production)'!EU20 -> 0 | EZ20: ='Shipment (Production)'!EV20 -> 0 | FA20: ='Shipment (Production)'!EY20 -> 40.8 | FB20: ='Shipment (Production)'!EZ20 -> 0 | FC20: =SUM(EY20:FB20) -> 40.8 | FD20: ='Shipment (Production)'!EZ20 -> 0 | FE20: ='Shipment (Production)'!FA20 -> 0 | FF20: ='Shipment (Production)'!FD20 -> 40.8 | FG20: ='Shipment (Production)'!FE20 -> 0 | FH20: =SUM(FD20:FG20) -> 40.8 | FI20: ='Shipment (Production)'!FE20 -> 0 | FJ20: ='Shipment (Production)'!FF20 -> 0 | FK20: ='Shipment (Production)'!FI20 -> 40.8 | FL20: ='Shipment (Production)'!FJ20 -> 0 | FM20: =SUM(FI20:FL20) -> 40.8 | FN20: ='Shipment (Production)'!FJ20 -> 0 | FO20: ='Shipment (Production)'!FK20 -> 0 | FP20: ='Shipment (Production)'!FN20 -> 30.6 | FQ20: ='Shipment (Production)'!FO20 -> 0 | FR20: =SUM(FN20:FQ20) -> 30.6 | FS20: ='Shipment (Production)'!FO20 -> 0 | FT20: ='Shipment (Production)'!FP20 -> 0 | FU20: ='Shipment (Production)'!FS20 -> 30.6 | FV20: ='Shipment (Production)'!FT20 -> 0 | FW20: =SUM(FS20:FV20) -> 30.6 | FX20: ='Shipment (Production)'!FT20 -> 0 | FY20: ='Shipment (Production)'!FU20 -> 0 | FZ20: ='Shipment (Production)'!FX20 -> 30.6 | GA20: ='Shipment (Production)'!FY20 -> 0 | GB20: =SUM(FX20:GA20) -> 30.6 | GC20: =ED20+EI20+EN20+ES20+EX20+FC20+FH20+FM20+FR20+FW20+GB20+DY20 -> 417.4
