Workbook

Sheet Regie Sales 2017
A1: Code | B1: Brand | C1: Name | D1: Qty | E1: 2017 Share %
A2: 5055 | B2: MOUASSAL 360 | C2: معسل 360 تفاحتين 50غ | D2: 3 | E2: =D2/$D$244 -> 1.0752573e-05
A3: 5287 | B3: LAYALINA | C3: غولدن ليالينا بلو هيفن 50غ | D3: 3 | E3: =D3/$D$244 -> 1.0752573e-05
A4: 5289 | B4: LAYALINA | C4: غولدن ليالينا كاليفورنيا دريم 50غ | D4: 3 | E4: =D4/$D$244 -> 1.0752573e-05
A5: 5291 | B5: LAYALINA | C5: غولدن ليالينا مانغو تانغو 50غ | D5: 3 | E5: =D5/$D$244 -> 1.0752573e-05
A6: 5295 | B6: LAYALINA | C6: غولدن ليالينا بلو هيفن 250غ | D6: 2 | E6: =D6/$D$244 -> 7.1683817e-06
A7: 5297 | B7: LAYALINA | C7: غولدن ليالينا مانغو تانغو 250غ | D7: 1 | E7: =D7/$D$244 -> 3.5841909e-06
A8: 5220 | B8: YA LAYL | C8: يا ليل بلوبيري 50غ | D8: 34 | E8: =D8/$D$244 -> 0.00012186249
A9: 5220 | B9: YA LAYL | C9: يا ليل بلوبيري 50غ | D9: 39 | E9: =D9/$D$244 -> 0.00013978344
A10: 5221 | B10: YA LAYL | C10: يا ليل تفاحتين 50غ | D10: 39 | E10: =D10/$D$244 -> 0.00013978344
A11: 5221 | B11: YA LAYL | C11: يا ليل تفاحتين 50غ | D11: 57 | E11: =D11/$D$244 -> 0.00020429888
A12: 5222 | B12: YA LAYL | C12: يا ليل عنب 50غ | D12: 5 | E12: =D12/$D$244 -> 1.7920954e-05
A13: 5222 | B13: YA LAYL | C13: يا ليل عنب 50غ | D13: 66 | E13: =D13/$D$244 -> 0.0002365566
... A243: 5137 | B243: NAKHLA | C243: نخلة حامض 250غ | D243: 138 | E243: =D243/$D$244 -> 0.00049461834
D244: 279003

Sheet Regie Sales 2018
A1: Code | B1: Brand | C1: Flavor | D1: Qty | E1: %
A2: 5287 | B2: LAYALINA | C2: غولدن ليالينا بلو هيفن 50غ | D2: 3 | E2: =D2/$D$169 -> 1.1309104e-05
A3: 5297 | B3: LAYALINA | C3: غولدن ليالينا مانغو تانغو 250غ | D3: 2 | E3: =D3/$D$169 -> 7.5394028e-06
A4: 5220 | B4: YA LAYL | C4: يا ليل بلوبيري 50غ | D4: 2 | E4: =D4/$D$169 -> 7.5394028e-06
A5: 5221 | B5: YA LAYL | C5: يا ليل تفاحتين 50غ | D5: 3 | E5: =D5/$D$169 -> 1.1309104e-05
A6: 5228 | B6: YA LAYL | C6: يا ليل ليمون 50غ | D6: 2 | E6: =D6/$D$169 -> 7.5394028e-06
A7: 5230 | B7: YA LAYL | C7: يا ليل تفاحتين 250غ | D7: 13 | E7: =D7/$D$169 -> 4.9006118e-05
A8: 5234 | B8: YA LAYL | C8: يا ليل حامض ونعنع 250غ | D8: 2 | E8: =D8/$D$169 -> 7.5394028e-06
A9: 5240 | B9: YA LAYL | C9: يا ليل حامض ونعنع 1 كلغ | D9: 4 | E9: =D9/$D$169 -> 1.5078806e-05
A10: 5242 | B10: YA LAYL | C10: يا ليل ليمون ونعنع 50غ | D10: 2 | E10: =D10/$D$169 -> 7.5394028e-06
A11: 5325 | B11: AL OSTOURA | C11: الأسطورة تفاحتين 50غ | D11: 50 | E11: =D11/$D$169 -> 0.00018848507
A12: 5326 | B12: AL OSTOURA | C12: الأسطورة حامض ونعنع 50غ | D12: 30 | E12: =D12/$D$169 -> 0.00011309104
A13: 5327 | B13: AL OSTOURA | C13: الأسطورة عنب ونعنع 50غ | D13: 3 | E13: =D13/$D$169 -> 1.1309104e-05
... A168: 5137 | B168: NAKHLA | C168: نخلة حامض 250غ | D168: 180 | E168: =D168/$D$169 -> 0.00067854625
D169: =SUM(D2:D168) -> 265273

Sheet Regie Sales 2019
A1: Codes | B1: Brand | C1: Flavors | D1: Brand Flavors | E1: Qty
A2: 5220 | B2: YA LAYL | D2: يا ليل بلوبيري 50غ | E2: 40 | F2: =E2/$E$221 -> 0.00015676315
A3: 5221 | B3: YA LAYL | D3: يا ليل تفاحتين 50غ | E3: 84 | F3: =E3/$E$221 -> 0.00032920262
A4: 5230 | B4: YA LAYL | D4: يا ليل تفاحتين 250غ | E4: 35 | F4: =E4/$E$221 -> 0.00013716776
A5: 5234 | B5: YA LAYL | D5: يا ليل حامض ونعنع 250غ | E5: 16 | F5: =E5/$E$221 -> 6.2705262e-05
A6: 5236 | B6: YA LAYL | D6: يا ليل تفاحتين 1 كلغ | E6: 23 | F6: =E6/$E$221 -> 9.0138814e-05
A7: 5240 | B7: YA LAYL | D7: يا ليل حامض ونعنع 1 كلغ | E7: 20 | F7: =E7/$E$221 -> 7.8381577e-05
A8: 5325 | B8: AL OSTOURA | C8: Two Apple | D8: الأسطورة تفاحتين 50غ | E8: 14 | F8: =E8/$E$221 -> 5.4867104e-05
A9: 5327 | B9: AL OSTOURA | C9: Grapes & Mint | D9: الأسطورة عنب ونعنع 50غ | E9: 7 | F9: =E9/$E$221 -> 2.7433552e-05
A10: 5328 | B10: AL OSTOURA | C10: Grapes | D10: الأسطورة عنب 50غ | E10: 7 | F10: =E10/$E$221 -> 2.7433552e-05
A11: 5329 | B11: AL OSTOURA | C11: Two Apple | D11: الأسطورة تفاحتين 250غ | E11: 16 | F11: =E11/$E$221 -> 6.2705262e-05
A12: 5330 | B12: AL OSTOURA | C12: Lemon & Mint | D12: الأسطورة حامض ونعنع 250غ | E12: 8 | F12: =E12/$E$221 -> 3.1352631e-05
A13: 5331 | B13: AL OSTOURA | C13: Grapes & Mint | D13: الأسطورة عنب ونعنع 250غ | E13: 2 | F13: =E13/$E$221 -> 7.8381577e-06
A14: 5332 | B14: AL OSTOURA | C14: Grapes | D14: الأسطورة عنب 250غ | E14: 2 | F14: =E14/$E$221 -> 7.8381577e-06
A15: 5317 | B15: AL TAMAYOZ | D15: معسل التميز عنب ونعناع 50غ | E15: 1 | F15: =E15/$E$221 -> 3.9190789e-06
A16: 5318 | B16: AL TAMAYOZ | D16: معسل التميز تفاحتين50غ | E16: 2 | F16: =E16/$E$221 -> 7.8381577e-06
A17: 5318 | B17: AL TAMAYOZ | D17: معسل التميز تفاحتين50غ | E17: 9 | F17: =E17/$E$221 -> 3.527171e-05
A18: 5319 | B18: AL TAMAYOZ | D18: معسل التميز ليمون ونعناع 50غ | E18: 1 | F18: =E18/$E$221 -> 3.9190789e-06
A19: 5319 | B19: AL TAMAYOZ | D19: معسل التميز ليمون ونعناع 50غ | E19: 7 | F19: =E19/$E$221 -> 2.7433552e-05
A20: 5320 | B20: AL TAMAYOZ | D20: التميز تفاحتين 250غ | E20: 3 | F20: =E20/$E$221 -> 1.1757237e-05
A21: 5321 | B21: AL TAMAYOZ | D21: التميز حامض ونعنع 250غ | E21: 1 | F21: =E21/$E$221 -> 3.9190789e-06
A22: 4738 | B22: AL FAKHER | C22: Two apple | D22: الفاخر تفاحتين بحريني 250غ | E22: 126 | F22: =E22/$E$221 -> 0.00049380394
A23: 4738 | B23: AL FAKHER | C23: Two apple | D23: الفاخر تفاحتين بحريني 250غ | E23: 168 | F23: =E23/$E$221 -> 0.00065840525
A24: 4738 | B24: AL FAKHER | C24: Two apple | D24: الفاخر تفاحتين بحريني 250غ | E24: 0 | F24: =E24/$E$221 -> 0
A25: 4770 | B25: AL FAKHER | C25: Lemon & Mint | D25: معسل الفاخر حامض ونعنع 50 غ | E25: 190 | F25: =E25/$E$221 -> 0.00074462498
A26: 4770 | B26: AL FAKHER | C26: Lemon & Mint | D26: معسل الفاخر حامض ونعنع 50 غ | E26: 400 | F26: =E26/$E$221 -> 0.0015676315
A27: 4770 | B27: AL FAKHER | C27: Lemon & Mint | D27: معسل الفاخر حامض ونعنع 50 غ | E27: 830 | F27: =E27/$E$221 -> 0.0032528355
A28: 4771 | B28: AL FAKHER | C28: Grapes & Mint | D28: معسل الفاخر عنب مع نعنع 50 غ | E28: 458 | F28: =E28/$E$221 -> 0.0017949381
A29: 4771 | B29: AL FAKHER | C29: Grapes & Mint | D29: معسل الفاخر عنب مع نعنع 50 غ | E29: 274 | F29: =E29/$E$221 -> 0.0010738276
A30: 4771 | B30: AL FAKHER | C30: Grapes & Mint | D30: معسل الفاخر عنب مع نعنع 50 غ | E30: 77 | F30: =E30/$E$221 -> 0.00030176907
A31: 4772 | B31: AL FAKHER | C31: Gum | D31: معسل الفاخر علكة 50 غ | E31: 5 | F31: =E31/$E$221 -> 1.9595394e-05
A32: 4772 | B32: AL FAKHER | C32: Gum | D32: معسل الفاخر علكة 50 غ | E32: 55 | F32: =E32/$E$221 -> 0.00021554934
A33: 4772 | B33: AL FAKHER | C33: Gum | D33: معسل الفاخر علكة 50 غ | E33: 70 | F33: =E33/$E$221 -> 0.00027433552
... A117: 5002 | B117: AL FAKHER | C117: Super Lemon Mint | D117: الفاخر سوبر ليمون ونعناع 1 كلغ | E117: 15 | F117: =E117/$E$221 -> 5.8786183e-05
A118: 5340 | B118: MALAKI | D118: ملكي حامض ونعنع 50غ | E118: 41 | F118: =E118/$E$221 -> 0.00016068223
A119: 5341 | B119: MALAKI | D119: ملكي حامض ونعنع 250غ | E119: 8 | F119: =E119/$E$221 -> 3.1352631e-05
A120: 5342 | B120: MALAKI | D120: ملكي تفاحتين 50غ | E120: 41 | F120: =E120/$E$221 -> 0.00016068223
A121: 5343 | B121: MALAKI | D121: ملكي تفاحتين 250غ | E121: 8 | F121: =E121/$E$221 -> 3.1352631e-05
A122: 5345 | B122: MALAKI | D122: ملكي عجمي وايلد 250غ | E122: 10 | F122: =E122/$E$221 -> 3.9190789e-05
A123: 5347 | B123: MALAKI | D123: ملكي عنب 250غ | E123: 8 | F123: =E123/$E$221 -> 3.1352631e-05
A124: 5348 | B124: MALAKI | D124: ملكي نعنع 50غ | E124: 8 | F124: =E124/$E$221 -> 3.1352631e-05
A125: 5370 | B125: ALWARDA | D125: الوردة تفاحتين 50غ | E125: 1 | F125: =E125/$E$221 -> 3.9190789e-06
A126: 5370 | B126: ALWARDA | D126: الوردة تفاحتين 50غ | E126: 22 | F126: =E126/$E$221 -> 8.6219735e-05
A127: 5371 | B127: ALWARDA | D127: الوردة عنب ونعنع 50غ | E127: 8 | F127: =E127/$E$221 -> 3.1352631e-05
A128: 5372 | B128: ALWARDA | D128: الوردة عنب 50غ | E128: 8 | F128: =E128/$E$221 -> 3.1352631e-05
A129: 5373 | B129: ALWARDA | D129: الوردة ليمون ونعنع 50غ | E129: 24 | F129: =E129/$E$221 -> 9.4057893e-05
... A193: 5161 | B193: AL MAZAYA | D193: المزايا تفاحتين بحريني 50غ | E193: 987 | F193: =E193/$E$221 -> 0.0038681308
A194: 4541 | B194: NAKHLA TOBACCO | C194: Cherry | D194: معسل أدحنة النخلة كرز 50 غ | E194: 38 | F194: =E194/$E$221 -> 0.000148925
A195: 4541 | B195: NAKHLA TOBACCO | C195: Cherry | D195: معسل أدحنة النخلة كرز 50 غ | E195: 84 | F195: =E195/$E$221 -> 0.00032920262
A196: 4545 | B196: NAKHLA TOBACCO | C196: Two Apple Tin | D196: معسل أدخنة النخلة تفاحتين 250غ معدن | E196: 2749 | F196: =E196/$E$221 -> 0.010773548
A197: 4545 | B197: NAKHLA TOBACCO | C197: Two Apple Tin | D197: معسل أدخنة النخلة تفاحتين 250غ معدن | E197: 969 | F197: =E197/$E$221 -> 0.0037975874
A198: 4546 | B198: NAKHLA TOBACCO | C198: Melon | D198: معسل أدخنة النخلة نكهة الشمام 50غ | E198: 63 | F198: =E198/$E$221 -> 0.00024690197
A199: 4546 | B199: NAKHLA TOBACCO | C199: Melon | D199: معسل أدخنة النخلة نكهة الشمام 50غ | E199: 36 | F199: =E199/$E$221 -> 0.00014108684
A200: 4549 | B200: NAKHLA TOBACCO | C200: Two Apple Bahraini | D200: معسل أدخنة النخلة تفاحتين بحريني 250 غ | E200: 27816 | F200: =E200/$E$221 -> 0.1090131
A201: 4549 | B201: NAKHLA TOBACCO | C201: Two Apple Bahraini | D201: معسل أدخنة النخلة تفاحتين بحريني 250 غ | E201: 55899 | F201: =E201/$E$221 -> 0.21907259
A202: 4549 | B202: NAKHLA TOBACCO | C202: Two Apple Bahraini | D202: معسل أدخنة النخلة تفاحتين بحريني 250 غ | E202: 2 | F202: =E202/$E$221 -> 7.8381577e-06
A203: 4551 | B203: NAKHLA TOBACCO | C203: Zaghloul | D203: معسل أدخنة النخلة زغلول 250غ | E203: 0 | F203: =E203/$E$221 -> 0
A204: 4551 | B204: NAKHLA TOBACCO | C204: Zaghloul | D204: معسل أدخنة النخلة زغلول 250غ | E204: 184 | F204: =E204/$E$221 -> 0.00072111051
A205: 4551 | B205: NAKHLA TOBACCO | C205: Zaghloul | D205: معسل أدخنة النخلة زغلول 250غ | E205: 200 | F205: =E205/$E$221 -> 0.00078381577
... A220: 5137 | B220: NAKHLA TOBACCO | C220: Lemon | D220: نخلة حامض 250غ | E220: 10 | F220: =E220/$E$221 -> 3.9190789e-05
E221: =SUM(E2:E220) -> 255162

Sheet Regie Sales 2020
A1: Item | B1: Description | C1: Supplier | D1: Flavor | E1: Format | F1: SKU | G1: Weight/MasterCase | H1: Flavors Category | I1: Brand / Flavors Category | J1: Total MasterCase 2020 | K1: Total KG 2020 | L1: Total MasterCase 2022 | M1: Total KG 2022
A2: 4541 | B2: معسل أدخنة النخلة كرز 50 غ | C2: Nakhla | D2: Cherry | E2: 50g | F2: =C2&" "&D2&" "&E2 -> Nakhla Cherry 50g | G2: 12.5 | H2: Other Flavors | I2: =C2&" "&H2&"" -> Nakhla Other Flavors | J2: 396 | K2: =J2*G2 -> 4950 | L2: 208 | M2: =L2*G2 -> 2600
A3: 4545 | B3: معسل أدخنة النخلة تفاحتين 250غ معدن | C3: Nakhla | D3: Two Apple Tin | E3: 250g | F3: =C3&" "&D3&" "&E3 -> Nakhla Two Apple Tin 250g | G3: 10 | H3: Two Apple | I3: =C3&" "&H3&"" -> Nakhla Two Apple | J3: 2425 | K3: =J3*G3 -> 24250 | L3: 2772 | M3: =L3*G3 -> 27720
A4: 4546 | B4: معسل أدخنة النخلة نكهة الشمام 50غ | C4: Nakhla | D4: Melon | E4: 50g | F4: =C4&" "&D4&" "&E4 -> Nakhla Melon 50g | G4: 12.5 | H4: Other Flavors | I4: =C4&" "&H4&"" -> Nakhla Other Flavors | J4: 21 | K4: =J4*G4 -> 262.5 | L4: 108 | M4: =L4*G4 -> 1350
A5: 4549 | B5: معسل أدخنة النخلة تفاحتين بحريني 250 غ | C5: Nakhla | D5: Two Apple Bahraini | E5: 250g | F5: =C5&" "&D5&" "&E5 -> Nakhla Two Apple Bahraini 250g | G5: 10 | H5: Two Apple | I5: =C5&" "&H5&"" -> Nakhla Two Apple | J5: 60381 | K5: =J5*G5 -> 603810 | L5: 30641 | M5: =L5*G5 -> 306410
A6: 4551 | B6: معسل أدخنة النخلة زغلول 250غ | C6: Nakhla | D6: Zaghloul | E6: 250g | F6: =C6&" "&D6&" "&E6 -> Nakhla Zaghloul 250g | G6: 10 | H6: Other Flavors | I6: =C6&" "&H6&"" -> Nakhla Other Flavors | J6: 150 | K6: =J6*G6 -> 1500 | L6: 520 | M6: =L6*G6 -> 5200
A7: 4562 | B7: معسل أدخنة النخلة تفاحتين بحريني 50غ | C7: Nakhla | D7: Two Apple Bahraini | E7: 50g | F7: =C7&" "&D7&" "&E7 -> Nakhla Two Apple Bahraini 50g | G7: 10 | H7: Two Apple | I7: =C7&" "&H7&"" -> Nakhla Two Apple | J7: 85848 | K7: =J7*G7 -> 858480 | L7: 19575 | M7: =L7*G7 -> 195750
A8: 4563 | B8: معسل أدخنة النخلة زغلول 50 غ | C8: Nakhla | D8: Zaghloul | E8: 50g | F8: =C8&" "&D8&" "&E8 -> Nakhla Zaghloul 50g | G8: 12.5 | H8: Other Flavors | I8: =C8&" "&H8&"" -> Nakhla Other Flavors | J8: 123 | K8: =J8*G8 -> 1537.5 | L8: 584 | M8: =L8*G8 -> 7300
A9: 4738 | B9: الفاخر تفاحتين بحريني 250غ | C9: Al Fakher | D9: Two apple | E9: 250g | F9: =C9&" "&D9&" "&E9 -> Al Fakher Two apple 250g | G9: 6 | H9: Two Apple | I9: =C9&" "&H9&"" -> Al Fakher Two Apple | J9: 500 | K9: =J9*G9 -> 3000 | L9: 1358 | M9: =L9*G9 -> 8148
A10: 4770 | B10: معسل الفاخر حامض ونعنع 50 غ | C10: Al Fakher | D10: Lemon & Mint | E10: 50g | F10: =C10&" "&D10&" "&E10 -> Al Fakher Lemon & Mint 50g | G10: 6 | H10: lemon Mint | I10: =C10&" "&H10&"" -> Al Fakher lemon Mint | J10: 2207 | K10: =J10*G10 -> 13242 | L10: 2649 | M10: =L10*G10 -> 15894
A11: 4771 | B11: معسل الفاخر عنب مع نعنع 50 غ | C11: Al Fakher | D11: Grape Mint | E11: 50g | F11: =C11&" "&D11&" "&E11 -> Al Fakher Grape Mint 50g | G11: 6 | H11: Grape Mint | I11: =C11&" "&H11&"" -> Al Fakher Grape Mint | J11: 547 | K11: =J11*G11 -> 3282 | L11: 1825 | M11: =L11*G11 -> 10950
A12: 4772 | B12: معسل الفاخر علكه 50 غ | C12: Al Fakher | D12: Gum | E12: 50g | F12: =C12&" "&D12&" "&E12 -> Al Fakher Gum 50g | G12: 6 | H12: Gum | I12: =C12&" "&H12&"" -> Al Fakher Gum | J12: 114 | K12: =J12*G12 -> 684 | L12: 680 | M12: =L12*G12 -> 4080
A13: 4775 | B13: معسل الفاخر بطيخ 50 غ | C13: Al Fakher | D13: watermelon | E13: 50g | F13: =C13&" "&D13&" "&E13 -> Al Fakher watermelon 50g | G13: 6 | H13: Other Flavors | I13: =C13&" "&H13&"" -> Al Fakher Other Flavors | J13: 0 | K13: =J13*G13 -> 0 | L13: 150 | M13: =L13*G13 -> 900
... A59: 5002 | B59: الفاخر سوبر ليمون ونعناع 250غ | C59: Al Fakher | D59: Super Lemon Mint | E59: 250g | F59: =C59&" "&D59&" "&E59 -> Al Fakher Super Lemon Mint 250g | G59: 6 | H59: lemon Mint | I59: =C59&" "&H59&"" -> Al Fakher lemon Mint | J59: 6 | K59: =J59*G59 -> 36 | L59: 0 | M59: =L59*G59 -> 0
A60: 5012 | B60: شربتلي تفاحتين 250غ | C60: Sharbatli | D60: Two Apple | E60: 250g | F60: =C60&" "&D60&" "&E60 -> Sharbatli Two Apple 250g | G60: 6 | H60: Two Apple | I60: =C60&" "&H60&"" -> Sharbatli Two Apple | K60: =J60*G60 -> 0 | L60: 1 | M60: =L60*G60 -> 6
A61: 5013 | B61: شربتلي حامض ونعنع 50غ | C61: Sharbatli | D61: Lemon & Mint | E61: 50g | F61: =C61&" "&D61&" "&E61 -> Sharbatli Lemon & Mint 50g | G61: 6 | H61: lemon Mint | I61: =C61&" "&H61&"" -> Sharbatli lemon Mint | K61: =J61*G61 -> 0 | L61: 91 | M61: =L61*G61 -> 546
A62: 5014 | B62: شربتلي حامض ونعنع 250غ | C62: Sharbatli | D62: Lemon & Mint | E62: 250g | F62: =C62&" "&D62&" "&E62 -> Sharbatli Lemon & Mint 250g | G62: 6 | H62: lemon Mint | I62: =C62&" "&H62&"" -> Sharbatli lemon Mint | K62: =J62*G62 -> 0 | L62: 126 | M62: =L62*G62 -> 756
A63: 5019 | B63: شربتلي حامض ونعنع سوفت 50غ | C63: Sharbatli | D63: Lemon & Mint | E63: 50g | F63: =C63&" "&D63&" "&E63 -> Sharbatli Lemon & Mint 50g | G63: 6 | H63: lemon Mint | I63: =C63&" "&H63&"" -> Sharbatli lemon Mint | K63: =J63*G63 -> 0 | L63: 25 | M63: =L63*G63 -> 150
A64: 5021 | B64: شربتلي كوفي كريم 50غ | C64: Sharbatli | D64: Coffee Cream | E64: 50g | F64: =C64&" "&D64&" "&E64 -> Sharbatli Coffee Cream 50g | G64: 6 | H64: Other Flavors | I64: =C64&" "&H64&"" -> Sharbatli Other Flavors | K64: =J64*G64 -> 0 | L64: 30 | M64: =L64*G64 -> 180
A65: 5120 | B65: الهنا تفاحتين 50غ | C65: Al Hana | D65: Two Apple | E65: 50g | F65: =C65&" "&D65&" "&E65 -> Al Hana Two Apple 50g | G65: 6 | H65: Two Apple | I65: =C65&" "&H65&"" -> Al Hana Two Apple | J65: 0 | K65: =J65*G65 -> 0 | L65: 498 | M65: =L65*G65 -> 2988
A66: 5121 | B66: الهنا تفاحتين 250غ | C66: Al Hana | D66: Two Apple | E66: 250g | F66: =C66&" "&D66&" "&E66 -> Al Hana Two Apple 250g | G66: 6 | H66: Two Apple | I66: =C66&" "&H66&"" -> Al Hana Two Apple | J66: 0 | K66: =J66*G66 -> 0 | L66: 311 | M66: =L66*G66 -> 1866
A67: 5122 | B67: الهنا حامض ونعنع 50غ | C67: Al Hana | D67: Lemon & Mint | E67: 50g | F67: =C67&" "&D67&" "&E67 -> Al Hana Lemon & Mint 50g | G67: 6 | H67: lemon Mint | I67: =C67&" "&H67&"" -> Al Hana lemon Mint | J67: 0 | K67: =J67*G67 -> 0 | L67: 686 | M67: =L67*G67 -> 4116
A68: 5123 | B68: الهنا حامض ونعنع 250غ | C68: Al Hana | D68: Lemon & Mint | E68: 250g | F68: =C68&" "&D68&" "&E68 -> Al Hana Lemon & Mint 250g | G68: 6 | H68: lemon Mint | I68: =C68&" "&H68&"" -> Al Hana lemon Mint | J68: 0 | K68: =J68*G68 -> 0 | L68: 301 | M68: =L68*G68 -> 1806
A69: 5124 | B69: الهنا علكه و نعنع 50غ | C69: Al Hana | D69: Gum & mint | E69: 50g | F69: =C69&" "&D69&" "&E69 -> Al Hana Gum & mint 50g | G69: 6 | H69: Gum | I69: =C69&" "&H69&"" -> Al Hana Gum | J69: 0 | K69: =J69*G69 -> 0 | L69: 77 | M69: =L69*G69 -> 462
A70: 5125 | B70: الهنا علكه و نعنع 250 غ | C70: Al Hana | D70: Gum & mint | E70: 250g | F70: =C70&" "&D70&" "&E70 -> Al Hana Gum & mint 250g | G70: 6 | H70: Gum | I70: =C70&" "&H70&"" -> Al Hana Gum | J70: 0 | K70: =J70*G70 -> 0 | L70: 25 | M70: =L70*G70 -> 150
A71: 5126 | B71: الهنا عنب و نعنع 50غ | C71: Al Hana | D71: Grape Mint | E71: 50g | F71: =C71&" "&D71&" "&E71 -> Al Hana Grape Mint 50g | G71: 6 | H71: Grape Mint | I71: =C71&" "&H71&"" -> Al Hana Grape Mint | J71: 0 | K71: =J71*G71 -> 0 | L71: 187 | M71: =L71*G71 -> 1122
A72: 5127 | B72: الهنا عنب و نعنع 250غ | C72: Al Hana | D72: Grape Mint | E72: 250g | F72: =C72&" "&D72&" "&E72 -> Al Hana Grape Mint 250g | G72: 6 | H72: Grape Mint | I72: =C72&" "&H72&"" -> Al Hana Grape Mint | J72: 0 | K72: =J72*G72 -> 0 | L72: 0 | M72: =L72*G72 -> 0
A73: 5128 | B73: الهنا سامر فايب 50غ | C73: Al Hana | D73: Summer Vape | E73: 50g | F73: =C73&" "&D73&" "&E73 -> Al Hana Summer Vape 50g | G73: 6 | H73: Other Flavors | I73: =C73&" "&H73&"" -> Al Hana Other Flavors | J73: 0 | K73: =J73*G73 -> 0 | L73: 85 | M73: =L73*G73 -> 510
A74: 5129 | B74: الهنا سامر فايب 250 غ | C74: Al Hana | D74: Summer Vape | E74: 250g | F74: =C74&" "&D74&" "&E74 -> Al Hana Summer Vape 250g | G74: 6 | H74: Other Flavors | I74: =C74&" "&H74&"" -> Al Hana Other Flavors | J74: 0 | K74: =J74*G74 -> 0 | L74: 0 | M74: =L74*G74 -> 0
A75: 5131 | B75: نخلة نعنع 50غ | C75: Nakhla | D75: Peach | E75: 50g | F75: =C75&" "&D75&" "&E75 -> Nakhla Peach 50g | G75: 12.5 | H75: Other Flavors | I75: =C75&" "&H75&"" -> Nakhla Other Flavors | J75: 0 | K75: =J75*G75 -> 0 | L75: 0 | M75: =L75*G75 -> 0
A76: 5132 | B76: نخلة حامض 50غ | C76: Nakhla | D76: Lemon | E76: 50g | F76: =C76&" "&D76&" "&E76 -> Nakhla Lemon 50g | G76: 12.5 | H76: Other Flavors | I76: =C76&" "&H76&"" -> Nakhla Other Flavors | J76: 89 | K76: =J76*G76 -> 1112.5 | L76: 84 | M76: =L76*G76 -> 1050
... A82: 5139 | B82: نخلة عنب 50غ | C82: Nakhla | D82: Grapes | E82: 50g | F82: =C82&" "&D82&" "&E82 -> Nakhla Grapes 50g | G82: 12.5 | H82: Grapes | I82: =C82&" "&H82&"" -> Nakhla Grapes | J82: 70 | K82: =J82*G82 -> 875 | L82: 209 | M82: =L82*G82 -> 2612.5
A83: 5140 | B83: نخله عنب 250غ | C83: Nakhla | D83: Grapes | E83: 250 | F83: =C83&" "&D83&" "&E83 -> Nakhla Grapes 250 | G83: 12.5 | H83: Grapes | I83: =C83&" "&H83&"" -> Nakhla Grapes | K83: =J83*G83 -> 0 | L83: 157 | M83: =L83*G83 -> 1962.5
A84: 5145 | B84: نخله تفاحتين 50غ | C84: Nakhla | D84: Two Apple | E84: 50g | F84: =C84&" "&D84&" "&E84 -> Nakhla Two Apple 50g | G84: 12.5 | H84: Two Apple | I84: =C84&" "&H84&"" -> Nakhla Two Apple | K84: =J84*G84 -> 0 | L84: 33372 | M84: =L84*G84 -> 417150
A85: 5146 | B85: نخله تفاحتين 250غ | C85: Nakhla | D85: Two Apple | E85: 250g | F85: =C85&" "&D85&" "&E85 -> Nakhla Two Apple 250g | G85: 10 | H85: Two Apple | I85: =C85&" "&H85&"" -> Nakhla Two Apple | K85: =J85*G85 -> 0 | L85: 53929 | M85: =L85*G85 -> 539290
A86: 5162 | B86: الهنا لوف 50 غ | C86: Al Hana | D86: Love | E86: 50g | F86: =C86&" "&D86&" "&E86 -> Al Hana Love 50g | G86: 6 | H86: Other Flavors | I86: =C86&" "&H86&"" -> Al Hana Other Flavors | J86: 0 | K86: =J86*G86 -> 0 | L86: 0 | M86: =L86*G86 -> 0
A87: 5163 | B87: الهنا بلوبيري 50 غ | C87: Al Hana | D87: Blueberry | E87: 50g | F87: =C87&" "&D87&" "&E87 -> Al Hana Blueberry 50g | G87: 6 | H87: Other Flavors | I87: =C87&" "&H87&"" -> Al Hana Other Flavors | J87: 0 | K87: =J87*G87 -> 0 | L87: 54 | M87: =L87*G87 -> 324
A88: 5304 | B88: الأسطورة تفاحتين بحريني 1 كلغ | C88: Al Ostoura | D88: Two Apple Bahraini | E88: 1Kg | F88: =C88&" "&D88&" "&E88 -> Al Ostoura Two Apple Bahraini 1Kg | G88: 6 | H88: Two Apple | I88: =C88&" "&H88&"" -> Al Ostoura Two Apple | K88: =J88*G88 -> 0 | L88: 31 | M88: =L88*G88 -> 186
A89: 5305 | B89: الأسطورة برتقال 50غ | C89: Al Ostoura | D89: Orange | E89: 50g | F89: =C89&" "&D89&" "&E89 -> Al Ostoura Orange 50g | G89: 6 | H89: Other Flavors | I89: =C89&" "&H89&"" -> Al Ostoura Other Flavors | J89: 0 | K89: =J89*G89 -> 0 | L89: 0 | M89: =L89*G89 -> 0
A90: 5306 | B90: الأسطورة برتقال ونعنع 50غ | C90: Al Ostoura | D90: Orange & Mint | E90: 50g | F90: =C90&" "&D90&" "&E90 -> Al Ostoura Orange & Mint 50g | G90: 6 | H90: Other Flavors | I90: =C90&" "&H90&"" -> Al Ostoura Other Flavors | J90: 0 | K90: =J90*G90 -> 0 | L90: 0 | M90: =L90*G90 -> 0
A91: 5307 | B91: الأسطورة منغا 50غ | C91: Al Ostoura | D91: Mango | E91: 50g | F91: =C91&" "&D91&" "&E91 -> Al Ostoura Mango 50g | G91: 6 | H91: Other Flavors | I91: =C91&" "&H91&"" -> Al Ostoura Other Flavors | J91: 0 | K91: =J91*G91 -> 0 | L91: 0 | M91: =L91*G91 -> 0
A92: 5308 | B92: الأسطورة علكة 50غ | C92: Al Ostoura | D92: Gum | E92: 50g | F92: =C92&" "&D92&" "&E92 -> Al Ostoura Gum 50g | G92: 6 | H92: Gum | I92: =C92&" "&H92&"" -> Al Ostoura Gum | J92: 0 | K92: =J92*G92 -> 0 | L92: 0 | M92: =L92*G92 -> 0
A93: 5309 | B93: الأسطورة سوس 50غ | C93: Al Ostoura | D93: Liquorice | E93: 50g | F93: =C93&" "&D93&" "&E93 -> Al Ostoura Liquorice 50g | G93: 6 | H93: Other Flavors | I93: =C93&" "&H93&"" -> Al Ostoura Other Flavors | J93: 0 | K93: =J93*G93 -> 0 | L93: 6 | M93: =L93*G93 -> 36
A94: 5310 | B94: الأسطورة لوف 50غ | C94: Al Ostoura | D94: Love | E94: 50g | F94: =C94&" "&D94&" "&E94 -> Al Ostoura Love 50g | G94: 6 | H94: Other Flavors | I94: =C94&" "&H94&"" -> Al Ostoura Other Flavors | J94: 0 | K94: =J94*G94 -> 0 | L94: 0 | M94: =L94*G94 -> 0
A95: 5311 | B95: الأسطورة معسل أسود 50غ | C95: Al Ostoura | D95: Black | E95: 50g | F95: =C95&" "&D95&" "&E95 -> Al Ostoura Black 50g | G95: 6 | H95: Other Flavors | I95: =C95&" "&H95&"" -> Al Ostoura Other Flavors | J95: 0 | K95: =J95*G95 -> 0 | L95: 0 | M95: =L95*G95 -> 0
A96: 5312 | B96: الأسطورة معسل أسود 250غ | C96: Al Ostoura | D96: Black | E96: 250g | F96: =C96&" "&D96&" "&E96 -> Al Ostoura Black 250g | G96: 6 | H96: Other Flavors | I96: =C96&" "&H96&"" -> Al Ostoura Other Flavors | J96: 0 | K96: =J96*G96 -> 0 | L96: 0 | M96: =L96*G96 -> 0
A97: 5323 | B97: الأسطورة خمس تفاحات 50غ | C97: Al Ostoura | D97: Five Apple | E97: 50g | F97: =C97&" "&D97&" "&E97 -> Al Ostoura Five Apple 50g | G97: 6 | H97: Grapes | I97: =C97&" "&H97&"" -> Al Ostoura Grapes | J97: 0 | K97: =J97*G97 -> 0 | L97: 168 | M97: =L97*G97 -> 1008
A98: 5324 | B98: الأسطورة خمس تفاحات 250غ | C98: Al Ostoura | D98: Five Apple | E98: 250g | F98: =C98&" "&D98&" "&E98 -> Al Ostoura Five Apple 250g | G98: 6 | H98: Grapes | I98: =C98&" "&H98&"" -> Al Ostoura Grapes | J98: 0 | K98: =J98*G98 -> 0 | L98: 85 | M98: =L98*G98 -> 510
A99: 5325 | B99: الأسطورة تفاحتين 50غ | C99: Al Ostoura | D99: Two Apple | E99: 50g | F99: =C99&" "&D99&" "&E99 -> Al Ostoura Two Apple 50g | G99: 6 | H99: Two Apple | I99: =C99&" "&H99&"" -> Al Ostoura Two Apple | J99: 598 | K99: =J99*G99 -> 3588 | L99: 1298 | M99: =L99*G99 -> 7788
A100: 5326 | B100: الأسطورة خامض و نعنع 50غ | C100: Al Ostoura | D100: Lemon & Mint | E100: 50g | F100: =C100&" "&D100&" "&E100 -> Al Ostoura Lemon & Mint 50g | G100: 6 | H100: lemon Mint | I100: =C100&" "&H100&"" -> Al Ostoura lemon Mint | J100: 311 | K100: =J100*G100 -> 1866 | L100: 212 | M100: =L100*G100 -> 1272
... A110: 5336 | B110: الأسطورة تفاحتين غولد 250غ | C110: Al Ostoura | D110: Two Apple Gold | E110: 250g | F110: =C110&" "&D110&" "&E110 -> Al Ostoura Two Apple Gold 250g | G110: 6 | H110: Two Apple | I110: =C110&" "&H110&"" -> Al Ostoura Two Apple | J110: 50 | K110: =J110*G110 -> 300 | L110: 2 | M110: =L110*G110 -> 12
A111: 5338 | B111: الأسطورة تفاحتين بحريني250 غ تنك | C111: Al Ostoura | D111: Two Apple Tin | E111: 250g | F111: =C111&" "&D111&" "&E111 -> Al Ostoura Two Apple Tin 250g | G111: 6 | H111: Two Apple | I111: =C111&" "&H111&"" -> Al Ostoura Two Apple | K111: =J111*G111 -> 0 | L111: 101 | M111: =L111*G111 -> 606
A112: 5380 | B112: خليل مامون تفاحتين 250غ تنك | C112: Khalil Maamoun | D112: Two Apple Tin | E112: 250g | F112: =C112&" "&D112&" "&E112 -> Khalil Maamoun Two Apple Tin 250g | G112: 7.5 | H112: Two Apple | I112: =C112&" "&H112&"" -> Khalil Maamoun Two Apple | J112: 1261 | K112: =J112*G112 -> 9457.5 | L112: 5476 | M112: =L112*G112 -> 41070
A113: 5382 | B113: خليل مأمون تفاحتين 50غ | C113: Khalil Maamoun | D113: Two Apple | E113: 50g | F113: =C113&" "&D113&" "&E113 -> Khalil Maamoun Two Apple 50g | G113: 6 | H113: Two Apple | I113: =C113&" "&H113&"" -> Khalil Maamoun Two Apple | J113: 1105 | K113: =J113*G113 -> 6630 | L113: 14979 | M113: =L113*G113 -> 89874
A114: 5383 | B114: خليل مأمون حامض ونعنع 50غ | C114: Khalil Maamoun | D114: Lemon & Mint | E114: 50g | F114: =C114&" "&D114&" "&E114 -> Khalil Maamoun Lemon & Mint 50g | G114: 6 | H114: lemon Mint | I114: =C114&" "&H114&"" -> Khalil Maamoun lemon Mint | J114: 297 | K114: =J114*G114 -> 1782 | L114: 627 | M114: =L114*G114 -> 3762
A115: 5384 | B115: خليل مأمون تفاحتين 250غ كرتون | C115: Khalil Maamoun | D115: Two Apple Cartoon | E115: 250g | F115: =C115&" "&D115&" "&E115 -> Khalil Maamoun Two Apple Cartoon 250g | G115: 10 | H115: Two Apple | I115: =C115&" "&H115&"" -> Khalil Maamoun Two Apple | J115: 1147 | K115: =J115*G115 -> 11470 | L115: 11636 | M115: =L115*G115 -> 116360
A116: 5385 | B116: خليل مامون تفاحتين 1 كلغ | C116: Khalil Maamoun | D116: Two Apple | E116: 1kg | F116: =C116&" "&D116&" "&E116 -> Khalil Maamoun Two Apple 1kg | G116: 6 | H116: Two Apple | I116: =C116&" "&H116&"" -> Khalil Maamoun Two Apple | J116: 243 | K116: =J116*G116 -> 1458 | L116: 2796 | M116: =L116*G116 -> 16776
A117: 5386 | B117: خليل مامون ليمون ونعناع 250غ | C117: Khalil Maamoun | D117: Orange & Mint | E117: 250g | F117: =C117&" "&D117&" "&E117 -> Khalil Maamoun Orange & Mint 250g | G117: 10 | H117: Other Flavors | I117: =C117&" "&H117&"" -> Khalil Maamoun Other Flavors | J117: 111 | K117: =J117*G117 -> 1110 | L117: 291 | M117: =L117*G117 -> 2910
A118: 5387 | B118: خليل مامون عنب ونعناع 50غ | C118: Khalil Maamoun | D118: Grape Mint | E118: 50g | F118: =C118&" "&D118&" "&E118 -> Khalil Maamoun Grape Mint 50g | G118: 6 | H118: Grape Mint | I118: =C118&" "&H118&"" -> Khalil Maamoun Grape Mint | J118: 0 | K118: =J118*G118 -> 0 | L118: 30 | M118: =L118*G118 -> 180
A119: 5388 | B119: خليل مأمون علكة ونعناع 50غ | C119: Khalil Maamoun | D119: Gum & mint | E119: 50g | F119: =C119&" "&D119&" "&E119 -> Khalil Maamoun Gum & mint 50g | G119: 6 | H119: Gum | I119: =C119&" "&H119&"" -> Khalil Maamoun Gum | J119: 0 | K119: =J119*G119 -> 0 | L119: 7 | M119: =L119*G119 -> 42
A120: 5389 | B120: خليل مأمون خمس تفاحات 50غ | C120: Khalil Maamoun | D120: Five Apple | E120: 50g | F120: =C120&" "&D120&" "&E120 -> Khalil Maamoun Five Apple 50g | G120: 6 | H120: Grapes | I120: =C120&" "&H120&"" -> Khalil Maamoun Grapes | J120: 0 | K120: =J120*G120 -> 0 | L120: 784 | M120: =L120*G120 -> 4704
A121: 5390 | B121: خليل مأمون بلوبيري 50غ | C121: Khalil Maamoun | D121: Blueberry | E121: 50g | F121: =C121&" "&D121&" "&E121 -> Khalil Maamoun Blueberry 50g | G121: 6 | H121: Other Flavors | I121: =C121&" "&H121&"" -> Khalil Maamoun Other Flavors | J121: 0 | K121: =J121*G121 -> 0 | L121: 31 | M121: =L121*G121 -> 186
A122: 5391 | B122: خليل مأمون عنب 50غ | C122: Khalil Maamoun | D122: Grapes | E122: 50g | F122: =C122&" "&D122&" "&E122 -> Khalil Maamoun Grapes 50g | G122: 6 | H122: Grapes | I122: =C122&" "&H122&"" -> Khalil Maamoun Grapes | J122: 0 | K122: =J122*G122 -> 0 | L122: 38 | M122: =L122*G122 -> 228
A123: 5392 | B123: خليل مأمون نعناع 50غ | C123: Khalil Maamoun | D123: Mint | E123: 50g | F123: =C123&" "&D123&" "&E123 -> Khalil Maamoun Mint 50g | G123: 6 | H123: Mint | I123: =C123&" "&H123&"" -> Khalil Maamoun Mint | J123: 0 | K123: =J123*G123 -> 0 | L123: 51 | M123: =L123*G123 -> 306
... A127: 5396 | B127: خليل مأمون أسود هادي 250غ | C127: Khalil Maamoun | D127: Black Hadi | E127: 250g | F127: =C127&" "&D127&" "&E127 -> Khalil Maamoun Black Hadi 250g | G127: 10 | H127: Other Flavors | I127: =C127&" "&H127&"" -> Khalil Maamoun Other Flavors | J127: 0 | K127: =J127*G127 -> 0 | L127: 508 | M127: =L127*G127 -> 5080
A128: 5397 | B128: خليل مأمون تفاحتين بحريني 250غ | C128: Khalil Maamoun | D128: Two Apple Bahraini | E128: 250g | F128: =C128&" "&D128&" "&E128 -> Khalil Maamoun Two Apple Bahraini 250g | G128: 10 | H128: Two Apple | I128: =C128&" "&H128&"" -> Khalil Maamoun Two Apple | K128: =J128*G128 -> 0 | L128: 1024 | M128: =L128*G128 -> 10240
A129: 5398 | B129: خليل مأمون تفاحتين بحريني 50غ | C129: Khalil Maamoun | D129: Two Apple Bahraini | E129: 50g | F129: =C129&" "&D129&" "&E129 -> Khalil Maamoun Two Apple Bahraini 50g | G129: 6 | H129: Two Apple | I129: =C129&" "&H129&"" -> Khalil Maamoun Two Apple | K129: =J129*G129 -> 0 | L129: 1073 | M129: =L129*G129 -> 6438
A130: 5430 | B130: بيروتي تفاحتين 50 gr | C130: Beyrouti | D130: Two Apple | E130: 50g | F130: =C130&" "&D130&" "&E130 -> Beyrouti Two Apple 50g | G130: 6 | H130: Two Apple | I130: =C130&" "&H130&"" -> Beyrouti Two Apple | J130: 0 | K130: =J130*G130 -> 0 | L130: 1379 | M130: =L130*G130 -> 8274
A131: 5431 | B131: بيروتي خامض و نعنع 50gr | C131: Beyrouti | D131: Lemon & Mint | E131: 50g | F131: =C131&" "&D131&" "&E131 -> Beyrouti Lemon & Mint 50g | G131: 6 | H131: lemon Mint | I131: =C131&" "&H131&"" -> Beyrouti lemon Mint | J131: 0 | K131: =J131*G131 -> 0 | L131: 181 | M131: =L131*G131 -> 1086
A132: 5434 | B132: بيروتي نعنع 50gr | C132: Beyrouti | D132: Mint | E132: 50g | F132: =C132&" "&D132&" "&E132 -> Beyrouti Mint 50g | G132: 6 | H132: Mint | I132: =C132&" "&H132&"" -> Beyrouti Mint | K132: =J132*G132 -> 0 | L132: 31 | M132: =L132*G132 -> 186
A133: 5435 | B133: بيروتي علكه و نعنع 50gr | C133: Beyrouti | D133: Lemon & Mint | E133: 50g | F133: =C133&" "&D133&" "&E133 -> Beyrouti Lemon & Mint 50g | G133: 10 | H133: lemon Mint | I133: =C133&" "&H133&"" -> Beyrouti lemon Mint | K133: =J133*G133 -> 0 | L133: 33 | M133: =L133*G133 -> 330
A134: 5460 | B134: الجود تفاحتين 50 غ | C134: Al Joud | D134: Two Apple | E134: 50g | F134: =C134&" "&D134&" "&E134 -> Al Joud Two Apple 50g | G134: 6 | H134: Two Apple | I134: =C134&" "&H134&"" -> Al Joud Two Apple | K134: =J134*G134 -> 0 | L134: 512 | M134: =L134*G134 -> 3072
A135: 5461 | B135: الجود تفاحتين 250غ كف | C135: Al Joud | D135: Two Apple | E135: 250g | F135: =C135&" "&D135&" "&E135 -> Al Joud Two Apple 250g | G135: 6 | H135: Two Apple | I135: =C135&" "&H135&"" -> Al Joud Two Apple | K135: =J135*G135 -> 0 | L135: 1183 | M135: =L135*G135 -> 7098
A136: 5466 | B136: الجود تفاحتينن نعنع 50 غ | C136: Al Joud | D136: Mint | E136: 50g | F136: =C136&" "&D136&" "&E136 -> Al Joud Mint 50g | G136: 6 | H136: Mint | I136: =C136&" "&H136&"" -> Al Joud Mint | K136: =J136*G136 -> 0 | L136: 47 | M136: =L136*G136 -> 282
A137: 5468 | B137: الجود علكه و نعنع 50غ | C137: Al Joud | D137: Gum & mint | E137: 50g | F137: =C137&" "&D137&" "&E137 -> Al Joud Gum & mint 50g | G137: 6 | H137: Gum | I137: =C137&" "&H137&"" -> Al Joud Gum | K137: =J137*G137 -> 0 | L137: 46 | M137: =L137*G137 -> 276
A138: 5469 | B138: الجود علكه 50غ | C138: Al Joud | D138: Gum | E138: 50g | F138: =C138&" "&D138&" "&E138 -> Al Joud Gum 50g | G138: 6 | H138: Gum | I138: =C138&" "&H138&"" -> Al Joud Gum | K138: =J138*G138 -> 0 | L138: 35 | M138: =L138*G138 -> 210
A139: 5470 | B139: الجود ترو لوف 50غ | C139: Al Joud | D139: True Love | E139: 50g | F139: =C139&" "&D139&" "&E139 -> Al Joud True Love 50g | G139: 6 | H139: Other Flavors | I139: =C139&" "&H139&"" -> Al Joud Other Flavors | K139: =J139*G139 -> 0 | L139: 79 | M139: =L139*G139 -> 474
A140: 6001 | B140: مزايا عنب 50غ | C140: Mazaya | D140: Grapes | E140: 50g | F140: =C140&" "&D140&" "&E140 -> Mazaya Grapes 50g | G140: 6 | H140: Grapes | I140: =C140&" "&H140&"" -> Mazaya Grapes | J140: 864 | K140: =J140*G140 -> 5184 | L140: 4653 | M140: =L140*G140 -> 27918
A141: 6002 | B141: مزايا نعنع وعنب 50غ | C141: Mazaya | D141: Grape Mint | E141: 50g | F141: =C141&" "&D141&" "&E141 -> Mazaya Grape Mint 50g | G141: 6 | H141: Grape Mint | I141: =C141&" "&H141&"" -> Mazaya Grape Mint | J141: 1045 | K141: =J141*G141 -> 6270 | L141: 4787 | M141: =L141*G141 -> 28722
A142: 6003 | B142: مزايا نعنع 50غ | C142: Mazaya | D142: Mint | E142: 50g | F142: =C142&" "&D142&" "&E142 -> Mazaya Mint 50g | G142: 6 | H142: Mint | I142: =C142&" "&H142&"" -> Mazaya Mint | J142: 1484 | K142: =J142*G142 -> 8904 | L142: 5615 | M142: =L142*G142 -> 33690
A143: 6004 | B143: مزايا علكة 50غ | C143: Mazaya | D143: Gum | E143: 50g | F143: =C143&" "&D143&" "&E143 -> Mazaya Gum 50g | G143: 6 | H143: Gum | I143: =C143&" "&H143&"" -> Mazaya Gum | J143: 735 | K143: =J143*G143 -> 4410 | L143: 11796 | M143: =L143*G143 -> 70776
A144: 6005 | B144: مزايا حامض ونعنع 50غ | C144: Mazaya | D144: Lemon & Mint | E144: 50g | F144: =C144&" "&D144&" "&E144 -> Mazaya Lemon & Mint 50g | G144: 6 | H144: lemon Mint | I144: =C144&" "&H144&"" -> Mazaya lemon Mint | J144: 38996 | K144: =J144*G144 -> 233976 | L144: 66367 | M144: =L144*G144 -> 398202
A145: 6006 | B145: مزايا علكه و نعنع 50غ | C145: Mazaya | D145: Gum & mint | E145: 50g | F145: =C145&" "&D145&" "&E145 -> Mazaya Gum & mint 50g | G145: 6 | H145: Gum | I145: =C145&" "&H145&"" -> Mazaya Gum | J145: 743 | K145: =J145*G145 -> 4458 | L145: 5372 | M145: =L145*G145 -> 32232
A146: 6010 | B146: مزايا بطيخ ونعنع 50غ | C146: Mazaya | D146: Watermelon & Mint | E146: 50g | F146: =C146&" "&D146&" "&E146 -> Mazaya Watermelon & Mint 50g | G146: 6 | H146: Other Flavors | I146: =C146&" "&H146&"" -> Mazaya Other Flavors | J146: 198 | K146: =J146*G146 -> 1188 | L146: 1008 | M146: =L146*G146 -> 6048
A147: 6011 | B147: مزايا ليمون 50غ | C147: Mazaya | D147: Orange | E147: 50g | F147: =C147&" "&D147&" "&E147 -> Mazaya Orange 50g | G147: 6 | H147: Other Flavors | I147: =C147&" "&H147&"" -> Mazaya Other Flavors | J147: 400 | K147: =J147*G147 -> 2400 | L147: 1390 | M147: =L147*G147 -> 8340
A148: 6012 | B148: مزايا حامض 50غ | C148: Mazaya | D148: Lemon | E148: 50g | F148: =C148&" "&D148&" "&E148 -> Mazaya Lemon 50g | G148: 6 | H148: Other Flavors | I148: =C148&" "&H148&"" -> Mazaya Other Flavors | J148: 162 | K148: =J148*G148 -> 972 | L148: 538 | M148: =L148*G148 -> 3228
A149: 6014 | B149: مزايا ليمون و نعنع 50غ | C149: Mazaya | D149: Orange & Mint | E149: 250g | F149: =C149&" "&D149&" "&E149 -> Mazaya Orange & Mint 250g | G149: 6 | H149: Other Flavors | I149: =C149&" "&H149&"" -> Mazaya Other Flavors | J149: 397 | K149: =J149*G149 -> 2382 | L149: 1207 | M149: =L149*G149 -> 7242
A150: 6016 | B150: مزايا بلوبيري اكزوتيك 50غ | C150: Mazaya | D150: Blueberry Exotic | E150: 50g | F150: =C150&" "&D150&" "&E150 -> Mazaya Blueberry Exotic 50g | G150: 6 | H150: Other Flavors | I150: =C150&" "&H150&"" -> Mazaya Other Flavors | J150: 391 | K150: =J150*G150 -> 2346 | L150: 2667 | M150: =L150*G150 -> 16002
A151: 6017 | B151: مزايا تفاحتين بحريني 50غ | C151: Mazaya | D151: Two Apple Bahraini | E151: 50g | F151: =C151&" "&D151&" "&E151 -> Mazaya Two Apple Bahraini 50g | G151: 6 | H151: Two Apple | I151: =C151&" "&H151&"" -> Mazaya Two Apple | J151: 5857 | K151: =J151*G151 -> 35142 | L151: 68887 | M151: =L151*G151 -> 413322
... A161: 6027 | B161: مزايا تفاحتين بحريني 250غ كف | C161: Mazaya | D161: Two Apple Bahraini | E161: 250g | F161: =C161&" "&D161&" "&E161 -> Mazaya Two Apple Bahraini 250g | G161: 6 | H161: Two Apple | I161: =C161&" "&H161&"" -> Mazaya Two Apple | J161: 0 | K161: =J161*G161 -> 0 | L161: 21845 | M161: =L161*G161 -> 131070
A162: 6028 | B162: مزايا اوف 50غ | C162: Mazaya | D162: Love | E162: 50g | F162: =C162&" "&D162&" "&E162 -> Mazaya Love 50g | G162: 6 | H162: Other Flavors | I162: =C162&" "&H162&"" -> Mazaya Other Flavors | K162: =J162*G162 -> 0 | L162: 4291 | M162: =L162*G162 -> 25746
A163: 6030 | B163: مزايا روبي كراش 50غ | C163: Mazaya | D163: ruby crush | E163: 50g | F163: =C163&" "&D163&" "&E163 -> Mazaya ruby crush 50g | G163: 6 | H163: Other Flavors | I163: =C163&" "&H163&"" -> Mazaya Other Flavors | K163: =J163*G163 -> 0 | L163: 3018 | M163: =L163*G163 -> 18108
A164: 6085 | B164: الفخامه تفاحتين 50 غ | C164: Al Fakhamah | D164: Two Apple | E164: 50g | F164: =C164&" "&D164&" "&E164 -> Al Fakhamah Two Apple 50g | G164: 6 | H164: Two Apple | I164: =C164&" "&H164&"" -> Al Fakhamah Two Apple | K164: =J164*G164 -> 0 | L164: 1311 | M164: =L164*G164 -> 7866
A165: 6086 | B165: الفخامه تفاحتين 250 غ | C165: Al Fakhamah | D165: Two Apple | E165: 250g | F165: =C165&" "&D165&" "&E165 -> Al Fakhamah Two Apple 250g | G165: 6 | H165: Two Apple | I165: =C165&" "&H165&"" -> Al Fakhamah Two Apple | K165: =J165*G165 -> 0 | L165: 1696 | M165: =L165*G165 -> 10176
A166: 6087 | B166: الفخامه تفاحتين 1000 غ | C166: Al Fakhamah | D166: Two Apple | E166: 1kg | F166: =C166&" "&D166&" "&E166 -> Al Fakhamah Two Apple 1kg | G166: 6 | H166: Two Apple | I166: =C166&" "&H166&"" -> Al Fakhamah Two Apple | K166: =J166*G166 -> 0 | L166: 750 | M166: =L166*G166 -> 4500
A167: 6088 | B167: الفخامه نعنع 50 غ | C167: Al Fakhamah | D167: Mint | E167: 50g | F167: =C167&" "&D167&" "&E167 -> Al Fakhamah Mint 50g | G167: 6 | H167: Mint | I167: =C167&" "&H167&"" -> Al Fakhamah Mint | K167: =J167*G167 -> 0 | L167: 92 | M167: =L167*G167 -> 552
A168: 6089 | B168: الفخامه علكه و نعنع 50 غ | C168: Al Fakhamah | D168: Gum & mint | E168: 50g | F168: =C168&" "&D168&" "&E168 -> Al Fakhamah Gum & mint 50g | G168: 6 | H168: Gum | I168: =C168&" "&H168&"" -> Al Fakhamah Gum | K168: =J168*G168 -> 0 | L168: 79 | M168: =L168*G168 -> 474
A169: 6090 | B169: الفخامه عنب 50 غ | C169: Al Fakhamah | D169: Grapes | E169: 50g | F169: =C169&" "&D169&" "&E169 -> Al Fakhamah Grapes 50g | G169: 6 | H169: Grapes | I169: =C169&" "&H169&"" -> Al Fakhamah Grapes | K169: =J169*G169 -> 0 | L169: 40 | M169: =L169*G169 -> 240
A170: 6091 | B170: الفخامه عنب و نعنع 50 غ | C170: Al Fakhamah | D170: Grape Mint | E170: 50g | F170: =C170&" "&D170&" "&E170 -> Al Fakhamah Grape Mint 50g | G170: 6 | H170: Grape Mint | I170: =C170&" "&H170&"" -> Al Fakhamah Grape Mint | K170: =J170*G170 -> 0 | L170: 39 | M170: =L170*G170 -> 234
A171: 6092 | B171: الفخامه حامض و نعنع 50 غ | C171: Al Fakhamah | D171: Lemon & Mint | E171: 50g | F171: =C171&" "&D171&" "&E171 -> Al Fakhamah Lemon & Mint 50g | G171: 6 | H171: lemon Mint | I171: =C171&" "&H171&"" -> Al Fakhamah lemon Mint | K171: =J171*G171 -> 0 | L171: 309 | M171: =L171*G171 -> 1854
...

Sheet Regie Sales 2021
A1: Item | B1: Description | C1: Supplier | D1: Flavor | E1: Format | F1: SKU | G1: Weight/MasterCase | H1: Flavors Category | I1: Brand / Flavors Category | J1: Total MasterCase 2021 | K1: Total KG 2021
A2: 4541 | B2: معسل أدخنة النخلة كرز 50 غ | C2: Nakhla | D2: Cherry | E2: 50g | F2: =C2&" "&D2&" "&E2 -> Nakhla Cherry 50g | G2: 12.5 | H2: Other Flavors | I2: =F2 -> Nakhla Cherry 50g | J2: 42 | K2: =J2*'Regie Sales 2020'!G2 -> 525
A3: 4545 | B3: معسل أدخنة النخلة تفاحتين 250غ معدن | C3: Nakhla | D3: Two Apple Tin | E3: 250g | F3: =C3&" "&D3&" "&E3 -> Nakhla Two Apple Tin 250g | G3: 10 | H3: Two Apple | I3: =F3 -> Nakhla Two Apple Tin 250g | J3: 3461 | K3: =J3*'Regie Sales 2020'!G3 -> 34610
A4: 4546 | B4: معسل أدخنة النخلة نكهة الشمام 50غ | C4: Nakhla | D4: Melon | E4: 50g | F4: =C4&" "&D4&" "&E4 -> Nakhla Melon 50g | G4: 12.5 | H4: Other Flavors | I4: =F4 -> Nakhla Melon 50g | J4: 31 | K4: =J4*'Regie Sales 2020'!G4 -> 387.5
A5: 4549 | B5: معسل أدخنة النخلة تفاحتين بحريني 250 غ | C5: Nakhla | D5: Two Apple Bahraini | E5: 250g | F5: =C5&" "&D5&" "&E5 -> Nakhla Two Apple Bahraini 250g | G5: 10 | H5: Two Apple | I5: =F5 -> Nakhla Two Apple Bahraini 250g | J5: 78993 | K5: =J5*'Regie Sales 2020'!G5 -> 789930
A6: 4551 | B6: معسل أدخنة النخلة زغلول 250غ | C6: Nakhla | D6: Zaghloul | E6: 250g | F6: =C6&" "&D6&" "&E6 -> Nakhla Zaghloul 250g | G6: 10 | H6: Other Flavors | I6: =F6 -> Nakhla Zaghloul 250g | J6: 450 | K6: =J6*'Regie Sales 2020'!G6 -> 4500
A7: 4562 | B7: معسل أدخنة النخلة تفاحتين بحريني 50غ | C7: Nakhla | D7: Two Apple Bahraini | E7: 50g | F7: =C7&" "&D7&" "&E7 -> Nakhla Two Apple Bahraini 50g | G7: 10 | H7: Two Apple | I7: =F7 -> Nakhla Two Apple Bahraini 50g | J7: 69546 | K7: =J7*'Regie Sales 2020'!G7 -> 695460
A8: 4563 | B8: معسل أدخنة النخلة زغلول 50 غ | C8: Nakhla | D8: Zaghloul | E8: 50g | F8: =C8&" "&D8&" "&E8 -> Nakhla Zaghloul 50g | G8: 12.5 | H8: Other Flavors | I8: =F8 -> Nakhla Zaghloul 50g | J8: 450 | K8: =J8*'Regie Sales 2020'!G8 -> 5625
A9: 4738 | B9: الفاخر تفاحتين بحريني 250غ | C9: Al Fakher | D9: Two apple | E9: 250g | F9: =C9&" "&D9&" "&E9 -> Al Fakher Two apple 250g | G9: 6 | H9: Two Apple | I9: =F9 -> Al Fakher Two apple 250g | J9: 1950 | K9: =J9*'Regie Sales 2020'!G9 -> 11700
A10: 4770 | B10: معسل الفاخر حامض ونعنع 50 غ | C10: Al Fakher | D10: Lemon Mint | E10: 50g | F10: =C10&" "&D10&" "&E10 -> Al Fakher Lemon Mint 50g | G10: 6 | H10: lemon Mint | I10: =F10 -> Al Fakher Lemon Mint 50g | J10: 2208 | K10: =J10*'Regie Sales 2020'!G10 -> 13248
A11: 4771 | B11: معسل الفاخر عنب مع نعنع 50 غ | C11: Al Fakher | D11: Grape Mint | E11: 50g | F11: =C11&" "&D11&" "&E11 -> Al Fakher Grape Mint 50g | G11: 6 | H11: Grapes Mint | I11: =F11 -> Al Fakher Grape Mint 50g | J11: 2620 | K11: =J11*'Regie Sales 2020'!G11 -> 15720
A12: 4772 | B12: معسل الفاخر علكه 50 غ | C12: Al Fakher | D12: Gum | E12: 50g | F12: =C12&" "&D12&" "&E12 -> Al Fakher Gum 50g | G12: 6 | H12: Gum | I12: =F12 -> Al Fakher Gum 50g | J12: 370 | K12: =J12*'Regie Sales 2020'!G12 -> 2220
A13: 4775 | B13: معسل الفاخر بطيخ 50 غ | C13: Al Fakher | D13: watermelon | E13: 50g | F13: =C13&" "&D13&" "&E13 -> Al Fakher watermelon 50g | G13: 6 | H13: Other Flavors | I13: =F13 -> Al Fakher watermelon 50g | J13: 170 | K13: =J13*'Regie Sales 2020'!G13 -> 1020
... A59: 5002 | B59: الفاخر سوبر ليمون ونعناع 250غ | C59: Al Fakher | D59: Super Lemon Mint | E59: 250g | F59: =C59&" "&D59&" "&E59 -> Al Fakher Super Lemon Mint 250g | G59: 6 | H59: lemon Mint | I59: =F59 -> Al Fakher Super Lemon Mint 250g | J59: 0 | K59: =J59*'Regie Sales 2020'!G59 -> 0
A60: 5012 | B60: شربتلي تفاحتين 250غ | C60: Sharbatli | D60: Two Apple | E60: 250g | F60: =C60&" "&D60&" "&E60 -> Sharbatli Two Apple 250g | G60: 6 | H60: Two Apple | I60: =F60 -> Sharbatli Two Apple 250g | K60: =J60*'Regie Sales 2020'!G60 -> 0
A61: 5013 | B61: شربتلي حامض ونعنع 50غ | C61: Sharbatli | D61: Lemon Mint | E61: 50g | F61: =C61&" "&D61&" "&E61 -> Sharbatli Lemon Mint 50g | G61: 6 | H61: lemon Mint | I61: =F61 -> Sharbatli Lemon Mint 50g | K61: =J61*'Regie Sales 2020'!G61 -> 0
A62: 5014 | B62: شربتلي حامض ونعنع 250غ | C62: Sharbatli | D62: Lemon Mint | E62: 250g | F62: =C62&" "&D62&" "&E62 -> Sharbatli Lemon Mint 250g | G62: 6 | H62: lemon Mint | I62: =F62 -> Sharbatli Lemon Mint 250g | K62: =J62*'Regie Sales 2020'!G62 -> 0
A63: 5019 | B63: شربتلي حامض ونعنع سوفت 50غ | C63: Sharbatli | D63: Lemon Mint | E63: 50g | F63: =C63&" "&D63&" "&E63 -> Sharbatli Lemon Mint 50g | G63: 6 | H63: lemon Mint | I63: =F63 -> Sharbatli Lemon Mint 50g | K63: =J63*'Regie Sales 2020'!G63 -> 0
A64: 5021 | B64: شربتلي كوفي كريم 50غ | C64: Sharbatli | D64: Coffee Cream | E64: 50g | F64: =C64&" "&D64&" "&E64 -> Sharbatli Coffee Cream 50g | G64: 6 | H64: Other Flavors | I64: =F64 -> Sharbatli Coffee Cream 50g | K64: =J64*'Regie Sales 2020'!G64 -> 0
A65: 5120 | B65: الهنا تفاحتين 50غ | C65: Al Hana | D65: Two Apple | E65: 50g | F65: =C65&" "&D65&" "&E65 -> Al Hana Two Apple 50g | G65: 6 | H65: Two Apple | I65: =F65 -> Al Hana Two Apple 50g | J65: 1391 | K65: =J65*'Regie Sales 2020'!G65 -> 8346
A66: 5121 | B66: الهنا تفاحتين 250غ | C66: Al Hana | D66: Two Apple | E66: 250g | F66: =C66&" "&D66&" "&E66 -> Al Hana Two Apple 250g | G66: 6 | H66: Two Apple | I66: =F66 -> Al Hana Two Apple 250g | J66: 524 | K66: =J66*'Regie Sales 2020'!G66 -> 3144
A67: 5122 | B67: الهنا حامض ونعنع 50غ | C67: Al Hana | D67: Lemon Mint | E67: 50g | F67: =C67&" "&D67&" "&E67 -> Al Hana Lemon Mint 50g | G67: 6 | H67: lemon Mint | I67: =F67 -> Al Hana Lemon Mint 50g | J67: 720 | K67: =J67*'Regie Sales 2020'!G67 -> 4320
A68: 5123 | B68: الهنا حامض ونعنع 250غ | C68: Al Hana | D68: Lemon Mint | E68: 250g | F68: =C68&" "&D68&" "&E68 -> Al Hana Lemon Mint 250g | G68: 6 | H68: lemon Mint | I68: =F68 -> Al Hana Lemon Mint 250g | J68: 244 | K68: =J68*'Regie Sales 2020'!G68 -> 1464
A69: 5124 | B69: الهنا علكه و نعنع 50غ | C69: Al Hana | D69: Gum & mint | E69: 50g | F69: =C69&" "&D69&" "&E69 -> Al Hana Gum & mint 50g | G69: 6 | H69: Gum | I69: =F69 -> Al Hana Gum & mint 50g | J69: 174 | K69: =J69*'Regie Sales 2020'!G69 -> 1044
A70: 5125 | B70: الهنا علكه و نعنع 250 غ | C70: Al Hana | D70: Gum & mint | E70: 250g | F70: =C70&" "&D70&" "&E70 -> Al Hana Gum & mint 250g | G70: 6 | H70: Gum | I70: =F70 -> Al Hana Gum & mint 250g | J70: 96 | K70: =J70*'Regie Sales 2020'!G70 -> 576
A71: 5126 | B71: الهنا عنب و نعنع 50غ | C71: Al Hana | D71: Grape Mint | E71: 50g | F71: =C71&" "&D71&" "&E71 -> Al Hana Grape Mint 50g | G71: 6 | H71: Grapes Mint | I71: =F71 -> Al Hana Grape Mint 50g | J71: 303 | K71: =J71*'Regie Sales 2020'!G71 -> 1818
A72: 5127 | B72: الهنا عنب و نعنع 250غ | C72: Al Hana | D72: Grape Mint | E72: 250g | F72: =C72&" "&D72&" "&E72 -> Al Hana Grape Mint 250g | G72: 6 | H72: Grapes Mint | I72: =F72 -> Al Hana Grape Mint 250g | J72: 156 | K72: =J72*'Regie Sales 2020'!G72 -> 936
A73: 5128 | B73: الهنا سامر فايب 50غ | C73: Al Hana | D73: Summer Vape | E73: 50g | F73: =C73&" "&D73&" "&E73 -> Al Hana Summer Vape 50g | G73: 6 | H73: Other Flavors | I73: =F73 -> Al Hana Summer Vape 50g | J73: 240 | K73: =J73*'Regie Sales 2020'!G73 -> 1440
A74: 5129 | B74: الهنا سامر فايب 250 غ | C74: Al Hana | D74: Summer Vape | E74: 250g | F74: =C74&" "&D74&" "&E74 -> Al Hana Summer Vape 250g | G74: 6 | H74: Other Flavors | I74: =F74 -> Al Hana Summer Vape 250g | J74: 88 | K74: =J74*'Regie Sales 2020'!G74 -> 528
A75: 5131 | B75: نخلة نعنع 50غ | C75: Nakhla | D75: Peach | E75: 50g | F75: =C75&" "&D75&" "&E75 -> Nakhla Peach 50g | G75: 12.5 | H75: Other Flavors | I75: =F75 -> Nakhla Peach 50g | J75: 0 | K75: =J75*'Regie Sales 2020'!G75 -> 0
A76: 5132 | B76: نخلة حامض 50غ | C76: Nakhla | D76: Lemon | E76: 50g | F76: =C76&" "&D76&" "&E76 -> Nakhla Lemon 50g | G76: 12.5 | H76: Other Flavors | I76: =F76 -> Nakhla Lemon 50g | J76: 84 | K76: =J76*'Regie Sales 2020'!G76 -> 1050
... A82: 5139 | B82: نخلة عنب 50غ | C82: Nakhla | D82: Grapes | E82: 50g | F82: =C82&" "&D82&" "&E82 -> Nakhla Grapes 50g | G82: 12.5 | H82: Grapes | I82: =F82 -> Nakhla Grapes 50g | J82: 39 | K82: =J82*'Regie Sales 2020'!G82 -> 487.5
A83: 5140 | B83: نخله عنب 250غ | C83: Nakhla | D83: Grapes | E83: 250 | F83: =C83&" "&D83&" "&E83 -> Nakhla Grapes 250 | G83: 12.5 | H83: Grapes | I83: =F83 -> Nakhla Grapes 250 | K83: =J83*'Regie Sales 2020'!G83 -> 0
A84: 5145 | B84: نخله تفاحتين 50غ | C84: Nakhla | D84: Two Apple | E84: 50g | F84: =C84&" "&D84&" "&E84 -> Nakhla Two Apple 50g | G84: 12.5 | H84: Two Apple | I84: =F84 -> Nakhla Two Apple 50g | K84: =J84*'Regie Sales 2020'!G84 -> 0
A85: 5146 | B85: نخله تفاحتين 250غ | C85: Nakhla | D85: Two Apple | E85: 250g | F85: =C85&" "&D85&" "&E85 -> Nakhla Two Apple 250g | G85: 10 | H85: Two Apple | I85: =F85 -> Nakhla Two Apple 250g | K85: =J85*'Regie Sales 2020'!G85 -> 0
A86: 5162 | B86: الهنا لوف 50 غ | C86: Al Hana | D86: Love | E86: 50g | F86: =C86&" "&D86&" "&E86 -> Al Hana Love 50g | G86: 6 | H86: Other Flavors | I86: =F86 -> Al Hana Love 50g | J86: 7 | K86: =J86*'Regie Sales 2020'!G86 -> 42
A87: 5163 | B87: الهنا بلوبيري 50 غ | C87: Al Hana | D87: Blueberry | E87: 50g | F87: =C87&" "&D87&" "&E87 -> Al Hana Blueberry 50g | G87: 6 | H87: Other Flavors | I87: =F87 -> Al Hana Blueberry 50g | J87: 8 | K87: =J87*'Regie Sales 2020'!G87 -> 48
A88: 5304 | B88: الأسطورة تفاحتين بحريني 1 كلغ | C88: Al Ostoura | D88: Two Apple Bahraini | E88: 1Kg | F88: =C88&" "&D88&" "&E88 -> Al Ostoura Two Apple Bahraini 1Kg | G88: 6 | H88: Two Apple | I88: =F88 -> Al Ostoura Two Apple Bahraini 1Kg | K88: =J88*'Regie Sales 2020'!G88 -> 0
A89: 5305 | B89: الأسطورة برتقال 50غ | C89: Al Ostoura | D89: Orange | E89: 50g | F89: =C89&" "&D89&" "&E89 -> Al Ostoura Orange 50g | G89: 6 | H89: Other Flavors | I89: =F89 -> Al Ostoura Orange 50g | J89: 25 | K89: =J89*'Regie Sales 2020'!G89 -> 150
A90: 5306 | B90: الأسطورة برتقال ونعنع 50غ | C90: Al Ostoura | D90: Orange & Mint | E90: 50g | F90: =C90&" "&D90&" "&E90 -> Al Ostoura Orange & Mint 50g | G90: 6 | H90: Other Flavors | I90: =F90 -> Al Ostoura Orange & Mint 50g | J90: 25 | K90: =J90*'Regie Sales 2020'!G90 -> 150
A91: 5307 | B91: الأسطورة منغا 50غ | C91: Al Ostoura | D91: Mango | E91: 50g | F91: =C91&" "&D91&" "&E91 -> Al Ostoura Mango 50g | G91: 6 | H91: Other Flavors | I91: =F91 -> Al Ostoura Mango 50g | J91: 25 | K91: =J91*'Regie Sales 2020'!G91 -> 150
A92: 5308 | B92: الأسطورة علكة 50غ | C92: Al Ostoura | D92: Gum | E92: 50g | F92: =C92&" "&D92&" "&E92 -> Al Ostoura Gum 50g | G92: 6 | H92: Gum | I92: =F92 -> Al Ostoura Gum 50g | J92: 25 | K92: =J92*'Regie Sales 2020'!G92 -> 150
A93: 5309 | B93: الأسطورة سوس 50غ | C93: Al Ostoura | D93: Liquorice | E93: 50g | F93: =C93&" "&D93&" "&E93 -> Al Ostoura Liquorice 50g | G93: 6 | H93: Other Flavors | I93: =F93 -> Al Ostoura Liquorice 50g | J93: 25 | K93: =J93*'Regie Sales 2020'!G93 -> 150
A94: 5310 | B94: الأسطورة لوف 50غ | C94: Al Ostoura | D94: Love | E94: 50g | F94: =C94&" "&D94&" "&E94 -> Al Ostoura Love 50g | G94: 6 | H94: Other Flavors | I94: =F94 -> Al Ostoura Love 50g | J94: 25 | K94: =J94*'Regie Sales 2020'!G94 -> 150
A95: 5311 | B95: الأسطورة معسل أسود 50غ | C95: Al Ostoura | D95: Black | E95: 50g | F95: =C95&" "&D95&" "&E95 -> Al Ostoura Black 50g | G95: 6 | H95: Other Flavors | I95: =F95 -> Al Ostoura Black 50g | J95: 87 | K95: =J95*'Regie Sales 2020'!G95 -> 522
A96: 5312 | B96: الأسطورة معسل أسود 250غ | C96: Al Ostoura | D96: Black | E96: 250g | F96: =C96&" "&D96&" "&E96 -> Al Ostoura Black 250g | G96: 6 | H96: Other Flavors | I96: =F96 -> Al Ostoura Black 250g | J96: 120 | K96: =J96*'Regie Sales 2020'!G96 -> 720
A97: 5323 | B97: الأسطورة خمس تفاحات 50غ | C97: Al Ostoura | D97: Five Apple | E97: 50g | F97: =C97&" "&D97&" "&E97 -> Al Ostoura Five Apple 50g | G97: 6 | H97: Grapes | I97: =F97 -> Al Ostoura Five Apple 50g | J97: 44 | K97: =J97*'Regie Sales 2020'!G97 -> 264
A98: 5324 | B98: الأسطورة خمس تفاحات 250غ | C98: Al Ostoura | D98: Five Apple | E98: 250g | F98: =C98&" "&D98&" "&E98 -> Al Ostoura Five Apple 250g | G98: 6 | H98: Grapes | I98: =F98 -> Al Ostoura Five Apple 250g | J98: 33 | K98: =J98*'Regie Sales 2020'!G98 -> 198
A99: 5325 | B99: الأسطورة تفاحتين 50غ | C99: Al Ostoura | D99: Two Apple | E99: 50g | F99: =C99&" "&D99&" "&E99 -> Al Ostoura Two Apple 50g | G99: 6 | H99: Two Apple | I99: =F99 -> Al Ostoura Two Apple 50g | J99: 2149 | K99: =J99*'Regie Sales 2020'!G99 -> 12894
A100: 5326 | B100: الأسطورة خامض و نعنع 50غ | C100: Al Ostoura | D100: Lemon Mint | E100: 50g | F100: =C100&" "&D100&" "&E100 -> Al Ostoura Lemon Mint 50g | G100: 6 | H100: lemon Mint | I100: =F100 -> Al Ostoura Lemon Mint 50g | J100: 487 | K100: =J100*'Regie Sales 2020'!G100 -> 2922
... A110: 5336 | B110: الأسطورة تفاحتين غولد 250غ | C110: Al Ostoura | D110: Two Apple Gold | E110: 250g | F110: =C110&" "&D110&" "&E110 -> Al Ostoura Two Apple Gold 250g | G110: 6 | H110: Two Apple | I110: =F110 -> Al Ostoura Two Apple Gold 250g | J110: 123 | K110: =J110*'Regie Sales 2020'!G110 -> 738
A111: 5338 | B111: الأسطورة تفاحتين بحريني250 غ تنك | C111: Al Ostoura | D111: Two Apple Tin | E111: 250g | F111: =C111&" "&D111&" "&E111 -> Al Ostoura Two Apple Tin 250g | G111: 6 | H111: Two Apple | I111: =F111 -> Al Ostoura Two Apple Tin 250g | K111: =J111*'Regie Sales 2020'!G111 -> 0
A112: 5380 | B112: خليل مامون تفاحتين 250غ تنك | C112: Khalil Maamoun | D112: Two Apple Tin | E112: 250g | F112: =C112&" "&D112&" "&E112 -> Khalil Maamoun Two Apple Tin 250g | G112: 7.5 | H112: Two Apple | I112: =F112 -> Khalil Maamoun Two Apple Tin 250g | J112: 7170 | K112: =J112*'Regie Sales 2020'!G112 -> 53775
A113: 5382 | B113: خليل مأمون تفاحتين 50غ | C113: Khalil Maamoun | D113: Two Apple | E113: 50g | F113: =C113&" "&D113&" "&E113 -> Khalil Maamoun Two Apple 50g | G113: 6 | H113: Two Apple | I113: =F113 -> Khalil Maamoun Two Apple 50g | J113: 17941 | K113: =J113*'Regie Sales 2020'!G113 -> 107646
A114: 5383 | B114: خليل مأمون حامض ونعنع 50غ | C114: Khalil Maamoun | D114: Lemon Mint | E114: 50g | F114: =C114&" "&D114&" "&E114 -> Khalil Maamoun Lemon Mint 50g | G114: 6 | H114: lemon Mint | I114: =F114 -> Khalil Maamoun Lemon Mint 50g | J114: 288 | K114: =J114*'Regie Sales 2020'!G114 -> 1728
A115: 5384 | B115: خليل مأمون تفاحتين 250غ كرتون | C115: Khalil Maamoun | D115: Two Apple Cartoon | E115: 250g | F115: =C115&" "&D115&" "&E115 -> Khalil Maamoun Two Apple Cartoon 250g | G115: 10 | H115: Two Apple | I115: =F115 -> Khalil Maamoun Two Apple Cartoon 250g | J115: 11974 | K115: =J115*'Regie Sales 2020'!G115 -> 119740
A116: 5385 | B116: خليل مامون تفاحتين 1 كلغ | C116: Khalil Maamoun | D116: Two Apple | E116: 1kg | F116: =C116&" "&D116&" "&E116 -> Khalil Maamoun Two Apple 1kg | G116: 6 | H116: Two Apple | I116: =F116 -> Khalil Maamoun Two Apple 1kg | J116: 3448 | K116: =J116*'Regie Sales 2020'!G116 -> 20688
A117: 5386 | B117: خليل مامون ليمون ونعناع 250غ | C117: Khalil Maamoun | D117: Orange & Mint | E117: 250g | F117: =C117&" "&D117&" "&E117 -> Khalil Maamoun Orange & Mint 250g | G117: 10 | H117: Other Flavors | I117: =F117 -> Khalil Maamoun Orange & Mint 250g | J117: 251 | K117: =J117*'Regie Sales 2020'!G117 -> 2510
A118: 5387 | B118: خليل مامون عنب ونعناع 50غ | C118: Khalil Maamoun | D118: Grape Mint | E118: 50g | F118: =C118&" "&D118&" "&E118 -> Khalil Maamoun Grape Mint 50g | G118: 6 | H118: Grapes Mint | I118: =F118 -> Khalil Maamoun Grape Mint 50g | J118: 70 | K118: =J118*'Regie Sales 2020'!G118 -> 420
A119: 5388 | B119: خليل مأمون علكة ونعناع 50غ | C119: Khalil Maamoun | D119: Gum & mint | E119: 50g | F119: =C119&" "&D119&" "&E119 -> Khalil Maamoun Gum & mint 50g | G119: 6 | H119: Gum | I119: =F119 -> Khalil Maamoun Gum & mint 50g | J119: 65 | K119: =J119*'Regie Sales 2020'!G119 -> 390
A120: 5389 | B120: خليل مأمون خمس تفاحات 50غ | C120: Khalil Maamoun | D120: Five Apple | E120: 50g | F120: =C120&" "&D120&" "&E120 -> Khalil Maamoun Five Apple 50g | G120: 6 | H120: Grapes | I120: =F120 -> Khalil Maamoun Five Apple 50g | J120: 873 | K120: =J120*'Regie Sales 2020'!G120 -> 5238
A121: 5390 | B121: خليل مأمون بلوبيري 50غ | C121: Khalil Maamoun | D121: Blueberry | E121: 50g | F121: =C121&" "&D121&" "&E121 -> Khalil Maamoun Blueberry 50g | G121: 6 | H121: Other Flavors | I121: =F121 -> Khalil Maamoun Blueberry 50g | J121: 69 | K121: =J121*'Regie Sales 2020'!G121 -> 414
A122: 5391 | B122: خليل مأمون عنب 50غ | C122: Khalil Maamoun | D122: Grapes | E122: 50g | F122: =C122&" "&D122&" "&E122 -> Khalil Maamoun Grapes 50g | G122: 6 | H122: Grapes | I122: =F122 -> Khalil Maamoun Grapes 50g | J122: 62 | K122: =J122*'Regie Sales 2020'!G122 -> 372
A123: 5392 | B123: خليل مأمون نعناع 50غ | C123: Khalil Maamoun | D123: Mint | E123: 50g | F123: =C123&" "&D123&" "&E123 -> Khalil Maamoun Mint 50g | G123: 6 | H123: Mint | I123: =F123 -> Khalil Maamoun Mint 50g | J123: 49 | K123: =J123*'Regie Sales 2020'!G123 -> 294
... A127: 5396 | B127: خليل مأمون أسود هادي 250غ | C127: Khalil Maamoun | D127: Black Hadi | E127: 250g | F127: =C127&" "&D127&" "&E127 -> Khalil Maamoun Black Hadi 250g | G127: 10 | H127: Other Flavors | I127: =F127 -> Khalil Maamoun Black Hadi 250g | J127: 1113 | K127: =J127*'Regie Sales 2020'!G127 -> 11130
A128: 5397 | B128: خليل مأمون تفاحتين بحريني 250غ | C128: Khalil Maamoun | D128: Two Apple Bahraini | E128: 250g | F128: =C128&" "&D128&" "&E128 -> Khalil Maamoun Two Apple Bahraini 250g | G128: 10 | H128: Two Apple | I128: =F128 -> Khalil Maamoun Two Apple Bahraini 250g | K128: =J128*'Regie Sales 2020'!G128 -> 0
A129: 5398 | B129: خليل مأمون تفاحتين بحريني 50غ | C129: Khalil Maamoun | D129: Two Apple Bahraini | E129: 50g | F129: =C129&" "&D129&" "&E129 -> Khalil Maamoun Two Apple Bahraini 50g | G129: 6 | H129: Two Apple | I129: =F129 -> Khalil Maamoun Two Apple Bahraini 50g | K129: =J129*'Regie Sales 2020'!G129 -> 0
A130: 5430 | B130: بيروتي تفاحتين 50 gr | C130: Beyrouti | D130: Two Apple | E130: 50g | F130: =C130&" "&D130&" "&E130 -> Beyrouti Two Apple 50g | G130: 6 | H130: Two Apple | I130: =F130 -> Beyrouti Two Apple 50g | J130: 1332 | K130: =J130*'Regie Sales 2020'!G130 -> 7992
A131: 5431 | B131: بيروتي خامض و نعنع 50gr | C131: Beyrouti | D131: Lemon Mint | E131: 50g | F131: =C131&" "&D131&" "&E131 -> Beyrouti Lemon Mint 50g | G131: 6 | H131: lemon Mint | I131: =F131 -> Beyrouti Lemon Mint 50g | J131: 174 | K131: =J131*'Regie Sales 2020'!G131 -> 1044
A132: 5434 | B132: بيروتي نعنع 50gr | C132: Beyrouti | D132: Mint | E132: 50g | F132: =C132&" "&D132&" "&E132 -> Beyrouti Mint 50g | G132: 6 | H132: Mint | I132: =F132 -> Beyrouti Mint 50g | K132: =J132*'Regie Sales 2020'!G132 -> 0
A133: 5435 | B133: بيروتي علكه و نعنع 50gr | C133: Beyrouti | D133: Lemon Mint | E133: 50g | F133: =C133&" "&D133&" "&E133 -> Beyrouti Lemon Mint 50g | G133: 10 | H133: lemon Mint | I133: =F133 -> Beyrouti Lemon Mint 50g | K133: =J133*'Regie Sales 2020'!G133 -> 0
A134: 5460 | B134: الجود تفاحتين 50 غ | C134: Al Joud | D134: Two Apple | E134: 50g | F134: =C134&" "&D134&" "&E134 -> Al Joud Two Apple 50g | G134: 6 | H134: Two Apple | I134: =F134 -> Al Joud Two Apple 50g | K134: =J134*'Regie Sales 2020'!G134 -> 0
A135: 5461 | B135: الجود تفاحتين 250غ كف | C135: Al Joud | D135: Two Apple | E135: 250g | F135: =C135&" "&D135&" "&E135 -> Al Joud Two Apple 250g | G135: 6 | H135: Two Apple | I135: =F135 -> Al Joud Two Apple 250g | K135: =J135*'Regie Sales 2020'!G135 -> 0
A136: 5466 | B136: الجود تفاحتينن نعنع 50 غ | C136: Al Joud | D136: Mint | E136: 50g | F136: =C136&" "&D136&" "&E136 -> Al Joud Mint 50g | G136: 6 | H136: Mint | I136: =F136 -> Al Joud Mint 50g | K136: =J136*'Regie Sales 2020'!G136 -> 0
A137: 5468 | B137: الجود علكه و نعنع 50غ | C137: Al Joud | D137: Gum & mint | E137: 50g | F137: =C137&" "&D137&" "&E137 -> Al Joud Gum & mint 50g | G137: 6 | H137: Gum | I137: =F137 -> Al Joud Gum & mint 50g | K137: =J137*'Regie Sales 2020'!G137 -> 0
A138: 5469 | B138: الجود علكه 50غ | C138: Al Joud | D138: Gum | E138: 50g | F138: =C138&" "&D138&" "&E138 -> Al Joud Gum 50g | G138: 6 | H138: Gum | I138: =F138 -> Al Joud Gum 50g | K138: =J138*'Regie Sales 2020'!G138 -> 0
A139: 5470 | B139: الجود ترو لوف 50غ | C139: Al Joud | D139: True Love | E139: 50g | F139: =C139&" "&D139&" "&E139 -> Al Joud True Love 50g | G139: 6 | H139: Other Flavors | I139: =F139 -> Al Joud True Love 50g | K139: =J139*'Regie Sales 2020'!G139 -> 0
A140: 6001 | B140: مزايا عنب 50غ | C140: Mazaya | D140: Grapes | E140: 50g | F140: =C140&" "&D140&" "&E140 -> Mazaya Grapes 50g | G140: 6 | H140: Grapes | I140: =F140 -> Mazaya Grapes 50g | J140: 3883 | K140: =J140*'Regie Sales 2020'!G140 -> 23298
A141: 6002 | B141: مزايا نعنع وعنب 50غ | C141: Mazaya | D141: Grape Mint | E141: 50g | F141: =C141&" "&D141&" "&E141 -> Mazaya Grape Mint 50g | G141: 6 | H141: Grapes Mint | I141: =F141 -> Mazaya Grape Mint 50g | J141: 4353 | K141: =J141*'Regie Sales 2020'!G141 -> 26118
A142: 6003 | B142: مزايا نعنع 50غ | C142: Mazaya | D142: Mint | E142: 50g | F142: =C142&" "&D142&" "&E142 -> Mazaya Mint 50g | G142: 6 | H142: Mint | I142: =F142 -> Mazaya Mint 50g | J142: 7765 | K142: =J142*'Regie Sales 2020'!G142 -> 46590
A143: 6004 | B143: مزايا علكة 50غ | C143: Mazaya | D143: Gum | E143: 50g | F143: =C143&" "&D143&" "&E143 -> Mazaya Gum 50g | G143: 6 | H143: Gum | I143: =F143 -> Mazaya Gum 50g | J143: 6493 | K143: =J143*'Regie Sales 2020'!G143 -> 38958
A144: 6005 | B144: مزايا حامض ونعنع 50غ | C144: Mazaya | D144: Lemon Mint | E144: 50g | F144: =C144&" "&D144&" "&E144 -> Mazaya Lemon Mint 50g | G144: 6 | H144: lemon Mint | I144: =F144 -> Mazaya Lemon Mint 50g | J144: 102769 | K144: =J144*'Regie Sales 2020'!G144 -> 616614
A145: 6006 | B145: مزايا علكه و نعنع 50غ | C145: Mazaya | D145: Gum & mint | E145: 50g | F145: =C145&" "&D145&" "&E145 -> Mazaya Gum & mint 50g | G145: 6 | H145: Gum | I145: =F145 -> Mazaya Gum & mint 50g | J145: 8926 | K145: =J145*'Regie Sales 2020'!G145 -> 53556
A146: 6010 | B146: مزايا بطيخ ونعنع 50غ | C146: Mazaya | D146: Watermelon & Mint | E146: 50g | F146: =C146&" "&D146&" "&E146 -> Mazaya Watermelon & Mint 50g | G146: 6 | H146: Other Flavors | I146: =F146 -> Mazaya Watermelon & Mint 50g | J146: 719 | K146: =J146*'Regie Sales 2020'!G146 -> 4314
A147: 6011 | B147: مزايا ليمون 50غ | C147: Mazaya | D147: Orange | E147: 50g | F147: =C147&" "&D147&" "&E147 -> Mazaya Orange 50g | G147: 6 | H147: Other Flavors | I147: =F147 -> Mazaya Orange 50g | J147: 1298 | K147: =J147*'Regie Sales 2020'!G147 -> 7788
A148: 6012 | B148: مزايا حامض 50غ | C148: Mazaya | D148: Lemon | E148: 50g | F148: =C148&" "&D148&" "&E148 -> Mazaya Lemon 50g | G148: 6 | H148: Other Flavors | I148: =F148 -> Mazaya Lemon 50g | J148: 546 | K148: =J148*'Regie Sales 2020'!G148 -> 3276
A149: 6014 | B149: مزايا ليمون و نعنع 50غ | C149: Mazaya | D149: Orange & Mint | E149: 250g | F149: =C149&" "&D149&" "&E149 -> Mazaya Orange & Mint 250g | G149: 6 | H149: Other Flavors | I149: =F149 -> Mazaya Orange & Mint 250g | J149: 1548 | K149: =J149*'Regie Sales 2020'!G149 -> 9288
A150: 6016 | B150: مزايا بلوبيري اكزوتيك 50غ | C150: Mazaya | D150: Blueberry Exotic | E150: 50g | F150: =C150&" "&D150&" "&E150 -> Mazaya Blueberry Exotic 50g | G150: 6 | H150: Other Flavors | I150: =F150 -> Mazaya Blueberry Exotic 50g | J150: 3331 | K150: =J150*'Regie Sales 2020'!G150 -> 19986
A151: 6017 | B151: مزايا تفاحتين بحريني 50غ | C151: Mazaya | D151: Two Apple Bahraini | E151: 50g | F151: =C151&" "&D151&" "&E151 -> Mazaya Two Apple Bahraini 50g | G151: 6 | H151: Two Apple | I151: =F151 -> Mazaya Two Apple Bahraini 50g | J151: 62715 | K151: =J151*'Regie Sales 2020'!G151 -> 376290
... A161: 6027 | B161: مزايا تفاحتين بحريني 250غ كف | C161: Mazaya | D161: Two Apple Bahraini | E161: 250g | F161: =C161&" "&D161&" "&E161 -> Mazaya Two Apple Bahraini 250g | G161: 6 | H161: Two Apple | I161: =F161 -> Mazaya Two Apple Bahraini 250g | J161: 18467 | K161: =J161*'Regie Sales 2020'!G161 -> 110802
A162: 6028 | B162: مزايا اوف 50غ | C162: Mazaya | D162: Love | E162: 50g | F162: =C162&" "&D162&" "&E162 -> Mazaya Love 50g | G162: 6 | H162: Other Flavors | I162: =F162 -> Mazaya Love 50g | K162: =J162*'Regie Sales 2020'!G162 -> 0
A163: 6030 | B163: مزايا روبي كراش 50غ | C163: Mazaya | D163: ruby crush | E163: 50g | F163: =C163&" "&D163&" "&E163 -> Mazaya ruby crush 50g | G163: 6 | H163: Other Flavors | I163: =F163 -> Mazaya ruby crush 50g | K163: =J163*'Regie Sales 2020'!G163 -> 0
A164: 6085 | B164: الفخامه تفاحتين 50 غ | C164: Al Fakhamah | D164: Two Apple | E164: 50g | F164: =C164&" "&D164&" "&E164 -> Al Fakhamah Two Apple 50g | G164: 6 | H164: Two Apple | I164: =F164 -> Al Fakhamah Two Apple 50g | K164: =J164*'Regie Sales 2020'!G164 -> 0
A165: 6086 | B165: الفخامه تفاحتين 250 غ | C165: Al Fakhamah | D165: Two Apple | E165: 250g | F165: =C165&" "&D165&" "&E165 -> Al Fakhamah Two Apple 250g | G165: 6 | H165: Two Apple | I165: =F165 -> Al Fakhamah Two Apple 250g | K165: =J165*'Regie Sales 2020'!G165 -> 0
A166: 6087 | B166: الفخامه تفاحتين 1000 غ | C166: Al Fakhamah | D166: Two Apple | E166: 1kg | F166: =C166&" "&D166&" "&E166 -> Al Fakhamah Two Apple 1kg | G166: 6 | H166: Two Apple | I166: =F166 -> Al Fakhamah Two Apple 1kg | K166: =J166*'Regie Sales 2020'!G166 -> 0
A167: 6088 | B167: الفخامه نعنع 50 غ | C167: Al Fakhamah | D167: Mint | E167: 50g | F167: =C167&" "&D167&" "&E167 -> Al Fakhamah Mint 50g | G167: 6 | H167: Mint | I167: =F167 -> Al Fakhamah Mint 50g | K167: =J167*'Regie Sales 2020'!G167 -> 0
A168: 6089 | B168: الفخامه علكه و نعنع 50 غ | C168: Al Fakhamah | D168: Gum & mint | E168: 50g | F168: =C168&" "&D168&" "&E168 -> Al Fakhamah Gum & mint 50g | G168: 6 | H168: Gum | I168: =F168 -> Al Fakhamah Gum & mint 50g | K168: =J168*'Regie Sales 2020'!G168 -> 0
A169: 6090 | B169: الفخامه عنب 50 غ | C169: Al Fakhamah | D169: Grapes | E169: 50g | F169: =C169&" "&D169&" "&E169 -> Al Fakhamah Grapes 50g | G169: 6 | H169: Grapes | I169: =F169 -> Al Fakhamah Grapes 50g | K169: =J169*'Regie Sales 2020'!G169 -> 0
A170: 6091 | B170: الفخامه عنب و نعنع 50 غ | C170: Al Fakhamah | D170: Grape Mint | E170: 50g | F170: =C170&" "&D170&" "&E170 -> Al Fakhamah Grape Mint 50g | G170: 6 | H170: Grapes Mint | I170: =F170 -> Al Fakhamah Grape Mint 50g | K170: =J170*'Regie Sales 2020'!G170 -> 0
A171: 6092 | B171: الفخامه حامض و نعنع 50 غ | C171: Al Fakhamah | D171: Lemon Mint | E171: 50g | F171: =C171&" "&D171&" "&E171 -> Al Fakhamah Lemon Mint 50g | G171: 6 | H171: lemon Mint | I171: =F171 -> Al Fakhamah Lemon Mint 50g | K171: =J171*'Regie Sales 2020'!G171 -> 0
...

Sheet Regie Sales 2022
A1: Item | B1: Description | C1: Supplier | D1: Flavor | E1: Format | F1: SKU | G1: Jan | H1: Feb | I1: March | J1: Apr | K1: May | L1: June | M1: July | N1: Aug | O1: Sep | P1: Oct | Q1: Nov | R1: Dec | S1: Total | T1: SKU | U1: Weight/MasterCase | V1: Jan | W1: Feb | X1: March | Y1: Apr | Z1: May | AA1: June | AB1: July | AC1: Aug | AD1: Sep | AE1: Oct | AF1: Nov | AG1: Dec | AH1: Total | AI1: Flavors | AJ1: Brand/Flavors | AK1: MasterCase | AL1: KG | AM1: 2022 Share %
A2: 4541 | B2: معسل أدخنة النخلة كرز 50 غ | C2: Nakhla | D2: Cherry | E2: 50g | F2: =C2&" "&D2&" "&E2 -> Nakhla Cherry 50g | G2: 3 | H2: 75 | I2: 75 | N2: 55 | S2: =SUM(G2:R2) -> 208 | T2: =F2 -> Nakhla Cherry 50g | U2: 12.5 | V2: =G2*$U2 -> 37.5 | W2: =H2*$U2 -> 937.5 | X2: =I2*$U2 -> 937.5 | Y2: =J2*$U2 -> 0 | Z2: =K2*$U2 -> 0 | AA2: =L2*$U2 -> 0 | AB2: =M2*$U2 -> 0 | AC2: =N2*$U2 -> 687.5 | ... AG2: =R2*$U2 -> 0 | AH2: =SUM(V2:AG2) -> 2600 | AI2: Other Flavors | AJ2: =C2&" "&AI2&"" -> Nakhla Other Flavors | AK2: =S2 -> 208 | AL2: =AH2 -> 2600 | AM2: =AL2/$AL$185 -> 0.00061805682
A3: 4545 | B3: معسل أدخنة النخلة تفاحتين 250غ معدن | C3: Nakhla | D3: Two Apple Tin | E3: 250g | F3: =C3&" "&D3&" "&E3 -> Nakhla Two Apple Tin 250g | G3: 15 | H3: 738 | I3: 1835 | J3: 184 | S3: =SUM(G3:R3) -> 2772 | T3: =F3 -> Nakhla Two Apple Tin 250g | U3: 10 | V3: =G3*$U3 -> 150 | W3: =H3*$U3 -> 7380 | X3: =I3*$U3 -> 18350 | Y3: =J3*$U3 -> 1840 | Z3: =K3*$U3 -> 0 | AA3: =L3*$U3 -> 0 | AB3: =M3*$U3 -> 0 | AC3: =N3*$U3 -> 0 | ... AG3: =R3*$U3 -> 0 | AH3: =SUM(V3:AG3) -> 27720 | AI3: Two Apple | AJ3: =C3&" "&AI3&"" -> Nakhla Two Apple | AK3: =S3 -> 2772 | AL3: =AH3 -> 27720 | AM3: =AL3/$AL$185 -> 0.0065894365
A4: 4546 | B4: معسل أدخنة النخلة نكهة الشمام 50غ | C4: Nakhla | D4: Melon | E4: 50g | F4: =C4&" "&D4&" "&E4 -> Nakhla Melon 50g | H4: 83 | I4: 17 | L4: 3 | N4: 5 | S4: =SUM(G4:R4) -> 108 | T4: =F4 -> Nakhla Melon 50g | U4: 12.5 | V4: =G4*$U4 -> 0 | W4: =H4*$U4 -> 1037.5 | X4: =I4*$U4 -> 212.5 | Y4: =J4*$U4 -> 0 | Z4: =K4*$U4 -> 0 | AA4: =L4*$U4 -> 37.5 | AB4: =M4*$U4 -> 0 | AC4: =N4*$U4 -> 62.5 | ... AG4: =R4*$U4 -> 0 | AH4: =SUM(V4:AG4) -> 1350 | AI4: Other Flavors | AJ4: =C4&" "&AI4&"" -> Nakhla Other Flavors | AK4: =S4 -> 108 | AL4: =AH4 -> 1350 | AM4: =AL4/$AL$185 -> 0.00032091412
A5: 4549 | B5: معسل أدخنة النخلة تفاحتين بحريني 250 غ | C5: Nakhla | D5: Two Apple Bahraini | E5: 250g | F5: =C5&" "&D5&" "&E5 -> Nakhla Two Apple Bahraini 250g | G5: 2224 | H5: 6616 | I5: 12452 | J5: 5864 | L5: 3468 | M5: 17 | S5: =SUM(G5:R5) -> 30641 | T5: =F5 -> Nakhla Two Apple Bahraini 250g | U5: 10 | V5: =G5*$U5 -> 22240 | W5: =H5*$U5 -> 66160 | X5: =I5*$U5 -> 124520 | Y5: =J5*$U5 -> 58640 | Z5: =K5*$U5 -> 0 | AA5: =L5*$U5 -> 34680 | AB5: =M5*$U5 -> 170 | AC5: =N5*$U5 -> 0 | ... AG5: =R5*$U5 -> 0 | AH5: =SUM(V5:AG5) -> 306410 | AI5: Two Apple | AJ5: =C5&" "&AI5&"" -> Nakhla Two Apple | AK5: =S5 -> 30641 | AL5: =AH5 -> 306410 | AM5: =AL5/$AL$185 -> 0.072837996
A6: 4551 | B6: معسل أدخنة النخلة زغلول 250غ | C6: Nakhla | D6: Zaghloul | E6: 250g | F6: =C6&" "&D6&" "&E6 -> Nakhla Zaghloul 250g | H6: 78 | I6: 37 | J6: 79 | L6: 65 | O6: 5 | Q6: 116 | R6: 140 | S6: =SUM(G6:R6) -> 520 | T6: =F6 -> Nakhla Zaghloul 250g | U6: 10 | V6: =G6*$U6 -> 0 | W6: =H6*$U6 -> 780 | X6: =I6*$U6 -> 370 | Y6: =J6*$U6 -> 790 | Z6: =K6*$U6 -> 0 | AA6: =L6*$U6 -> 650 | AB6: =M6*$U6 -> 0 | AC6: =N6*$U6 -> 0 | ... AG6: =R6*$U6 -> 1400 | AH6: =SUM(V6:AG6) -> 5200 | AI6: Other Flavors | AJ6: =C6&" "&AI6&"" -> Nakhla Other Flavors | AK6: =S6 -> 520 | AL6: =AH6 -> 5200 | AM6: =AL6/$AL$185 -> 0.0012361136
A7: 4562 | B7: معسل أدخنة النخلة تفاحتين بحريني 50غ | C7: Nakhla | D7: Two Apple Bahraini | E7: 50g | F7: =C7&" "&D7&" "&E7 -> Nakhla Two Apple Bahraini 50g | G7: 1128 | H7: 5513 | I7: 8705 | J7: 1603 | L7: 2552 | M7: 74 | S7: =SUM(G7:R7) -> 19575 | T7: =F7 -> Nakhla Two Apple Bahraini 50g | U7: 10 | V7: =G7*$U7 -> 11280 | W7: =H7*$U7 -> 55130 | X7: =I7*$U7 -> 87050 | Y7: =J7*$U7 -> 16030 | Z7: =K7*$U7 -> 0 | AA7: =L7*$U7 -> 25520 | AB7: =M7*$U7 -> 740 | AC7: =N7*$U7 -> 0 | ... AG7: =R7*$U7 -> 0 | AH7: =SUM(V7:AG7) -> 195750 | AI7: Two Apple | AJ7: =C7&" "&AI7&"" -> Nakhla Two Apple | AK7: =S7 -> 19575 | AL7: =AH7 -> 195750 | AM7: =AL7/$AL$185 -> 0.046532547
A8: 4563 | B8: معسل أدخنة النخلة زغلول 50 غ | C8: Nakhla | D8: Zaghloul | E8: 50g | F8: =C8&" "&D8&" "&E8 -> Nakhla Zaghloul 50g | H8: 33 | I8: 54 | J8: 29 | L8: 58 | M8: 21 | N8: 5 | O8: 2 | Q8: 51 | R8: 331 | S8: =SUM(G8:R8) -> 584 | T8: =F8 -> Nakhla Zaghloul 50g | U8: 12.5 | V8: =G8*$U8 -> 0 | W8: =H8*$U8 -> 412.5 | X8: =I8*$U8 -> 675 | Y8: =J8*$U8 -> 362.5 | Z8: =K8*$U8 -> 0 | AA8: =L8*$U8 -> 725 | AB8: =M8*$U8 -> 262.5 | AC8: =N8*$U8 -> 62.5 | ... AG8: =R8*$U8 -> 4137.5 | AH8: =SUM(V8:AG8) -> 7300 | AI8: Other Flavors | AJ8: =C8&" "&AI8&"" -> Nakhla Other Flavors | AK8: =S8 -> 584 | AL8: =AH8 -> 7300 | AM8: =AL8/$AL$185 -> 0.0017353134
A9: 4738 | B9: الفاخر تفاحتين بحريني 250غ | C9: Al Fakher | D9: Two Apple Bahraini | E9: 250g | F9: =C9&" "&D9&" "&E9 -> Al Fakher Two Apple Bahraini 250g | H9: 175 | K9: 200 | M9: 613 | N9: 370 | S9: =SUM(G9:R9) -> 1358 | T9: =F9 -> Al Fakher Two Apple Bahraini 250g | U9: 6 | V9: =G9*$U9 -> 0 | W9: =H9*$U9 -> 1050 | X9: =I9*$U9 -> 0 | Y9: =J9*$U9 -> 0 | Z9: =K9*$U9 -> 1200 | AA9: =L9*$U9 -> 0 | AB9: =M9*$U9 -> 3678 | AC9: =N9*$U9 -> 2220 | ... AG9: =R9*$U9 -> 0 | AH9: =SUM(V9:AG9) -> 8148 | AI9: Two Apple | AJ9: =C9&" "&AI9&"" -> Al Fakher Two Apple | AK9: =S9 -> 1358 | AL9: =AH9 -> 8148 | AM9: =AL9/$AL$185 -> 0.001936895
A10: 4770 | B10: معسل الفاخر حامض ونعنع 50 غ | C10: Al Fakher | D10: Lemon Mint | E10: 50g | F10: =C10&" "&D10&" "&E10 -> Al Fakher Lemon Mint 50g | G10: 75 | I10: 663 | J10: 120 | K10: 292 | L10: 197 | M10: 189 | N10: 686 | O10: 220 | P10: 98 | Q10: 109 | S10: =SUM(G10:R10) -> 2649 | T10: =F10 -> Al Fakher Lemon Mint 50g | U10: 6 | V10: =G10*$U10 -> 450 | W10: =H10*$U10 -> 0 | X10: =I10*$U10 -> 3978 | Y10: =J10*$U10 -> 720 | Z10: =K10*$U10 -> 1752 | AA10: =L10*$U10 -> 1182 | AB10: =M10*$U10 -> 1134 | AC10: =N10*$U10 -> 4116 | ... AG10: =R10*$U10 -> 0 | AH10: =SUM(V10:AG10) -> 15894 | AI10: Lemon Mint | AJ10: =C10&" "&AI10&"" -> Al Fakher Lemon Mint | AK10: =S10 -> 2649 | AL10: =AH10 -> 15894 | AM10: =AL10/$AL$185 -> 0.0037782289
A11: 4771 | B11: معسل الفاخر عنب مع نعنع 50 غ | C11: Al Fakher | D11: Grapes Mint | E11: 50g | F11: =C11&" "&D11&" "&E11 -> Al Fakher Grapes Mint 50g | G11: 90 | H11: 160 | I11: 382 | J11: 94 | K11: 268 | L11: 155 | M11: 308 | N11: 168 | O11: 175 | P11: 25 | S11: =SUM(G11:R11) -> 1825 | T11: =F11 -> Al Fakher Grapes Mint 50g | U11: 6 | V11: =G11*$U11 -> 540 | W11: =H11*$U11 -> 960 | X11: =I11*$U11 -> 2292 | Y11: =J11*$U11 -> 564 | Z11: =K11*$U11 -> 1608 | AA11: =L11*$U11 -> 930 | AB11: =M11*$U11 -> 1848 | AC11: =N11*$U11 -> 1008 | ... AG11: =R11*$U11 -> 0 | AH11: =SUM(V11:AG11) -> 10950 | AI11: Grapes Mint | AJ11: =C11&" "&AI11&"" -> Al Fakher Grapes Mint | AK11: =S11 -> 1825 | AL11: =AH11 -> 10950 | AM11: =AL11/$AL$185 -> 0.00260297
A12: 4772 | B12: معسل الفاخر علكه 50 غ | C12: Al Fakher | D12: Gum | E12: 50g | F12: =C12&" "&D12&" "&E12 -> Al Fakher Gum 50g | H12: 50 | I12: 50 | K12: 76 | L12: 24 | M12: 58 | N12: 139 | O12: 17 | P12: 17 | Q12: 249 | S12: =SUM(G12:R12) -> 680 | T12: =F12 -> Al Fakher Gum 50g | U12: 6 | V12: =G12*$U12 -> 0 | W12: =H12*$U12 -> 300 | X12: =I12*$U12 -> 300 | Y12: =J12*$U12 -> 0 | Z12: =K12*$U12 -> 456 | AA12: =L12*$U12 -> 144 | AB12: =M12*$U12 -> 348 | AC12: =N12*$U12 -> 834 | ... AG12: =R12*$U12 -> 0 | AH12: =SUM(V12:AG12) -> 4080 | AI12: Gum | AJ12: =C12&" "&AI12&"" -> Al Fakher Gum | AK12: =S12 -> 680 | AL12: =AH12 -> 4080 | AM12: =AL12/$AL$185 -> 0.00096987377
A13: 4775 | B13: معسل الفاخر بطيخ 50 غ | C13: Al Fakher | D13: watermelon | E13: 50g | F13: =C13&" "&D13&" "&E13 -> Al Fakher watermelon 50g | H13: 50 | K13: 38 | L13: 12 | O13: 50 | S13: =SUM(G13:R13) -> 150 | T13: =F13 -> Al Fakher watermelon 50g | U13: 6 | V13: =G13*$U13 -> 0 | W13: =H13*$U13 -> 300 | X13: =I13*$U13 -> 0 | Y13: =J13*$U13 -> 0 | Z13: =K13*$U13 -> 228 | AA13: =L13*$U13 -> 72 | AB13: =M13*$U13 -> 0 | AC13: =N13*$U13 -> 0 | ... AG13: =R13*$U13 -> 0 | AH13: =SUM(V13:AG13) -> 900 | AI13: Other Flavors | AJ13: =C13&" "&AI13&"" -> Al Fakher Other Flavors | AK13: =S13 -> 150 | AL13: =AH13 -> 900 | AM13: =AL13/$AL$185 -> 0.00021394274
A14: 4777 | B14: معسل الفاخر حامض ونعنع 250غ | C14: Al Fakher | D14: Lemon Mint | E14: 250g | F14: =C14&" "&D14&" "&E14 -> Al Fakher Lemon Mint 250g | G14: 25 | H14: 116 | I14: 202 | J14: 73 | K14: 79 | L14: 40 | M14: 142 | N14: 83 | O14: 52 | P14: 34 | Q14: 64 | S14: =SUM(G14:R14) -> 910 | T14: =F14 -> Al Fakher Lemon Mint 250g | U14: 6 | V14: =G14*$U14 -> 150 | W14: =H14*$U14 -> 696 | X14: =I14*$U14 -> 1212 | Y14: =J14*$U14 -> 438 | Z14: =K14*$U14 -> 474 | AA14: =L14*$U14 -> 240 | AB14: =M14*$U14 -> 852 | AC14: =N14*$U14 -> 498 | ... AG14: =R14*$U14 -> 0 | AH14: =SUM(V14:AG14) -> 5460 | AI14: Lemon Mint | AJ14: =C14&" "&AI14&"" -> Al Fakher Lemon Mint | AK14: =S14 -> 910 | AL14: =AH14 -> 5460 | AM14: =AL14/$AL$185 -> 0.0012979193
A15: 4778 | B15: معسل الفاخر نعنع 250غ | C15: Al Fakher | D15: Mint | E15: 250g | F15: =C15&" "&D15&" "&E15 -> Al Fakher Mint 250g | G15: 35 | H15: 15 | I15: 120 | J15: 36 | K15: 71 | L15: 44 | M15: 78 | N15: 50 | S15: =SUM(G15:R15) -> 449 | T15: =F15 -> Al Fakher Mint 250g | U15: 6 | V15: =G15*$U15 -> 210 | W15: =H15*$U15 -> 90 | X15: =I15*$U15 -> 720 | Y15: =J15*$U15 -> 216 | Z15: =K15*$U15 -> 426 | AA15: =L15*$U15 -> 264 | AB15: =M15*$U15 -> 468 | AC15: =N15*$U15 -> 300 | ... AG15: =R15*$U15 -> 0 | AH15: =SUM(V15:AG15) -> 2694 | AI15: Mint | AJ15: =C15&" "&AI15&"" -> Al Fakher Mint | AK15: =S15 -> 449 | AL15: =AH15 -> 2694 | AM15: =AL15/$AL$185 -> 0.00064040195
A16: 4779 | B16: معسل الفاخر علكة ونعنع 50غ | C16: Al Fakher | D16: Gum Mint | E16: 50g | F16: =C16&" "&D16&" "&E16 -> Al Fakher Gum Mint 50g | G16: 26 | H16: 50 | K16: 77 | L16: 42 | M16: 60 | N16: 164 | O16: 25 | P16: 6 | Q16: 76 | S16: =SUM(G16:R16) -> 526 | T16: =F16 -> Al Fakher Gum Mint 50g | U16: 6 | V16: =G16*$U16 -> 156 | W16: =H16*$U16 -> 300 | X16: =I16*$U16 -> 0 | Y16: =J16*$U16 -> 0 | Z16: =K16*$U16 -> 462 | AA16: =L16*$U16 -> 252 | AB16: =M16*$U16 -> 360 | AC16: =N16*$U16 -> 984 | ... AG16: =R16*$U16 -> 0 | AH16: =SUM(V16:AG16) -> 3156 | AI16: Gum | AJ16: =C16&" "&AI16&"" -> Al Fakher Gum | AK16: =S16 -> 526 | AL16: =AH16 -> 3156 | AM16: =AL16/$AL$185 -> 0.00075022589
A17: 4780 | B17: معسل الفاخر عنب ونعنع 250غ | C17: Al Fakher | D17: Grapes Mint | E17: 250g | F17: =C17&" "&D17&" "&E17 -> Al Fakher Grapes Mint 250g | G17: 109 | H17: 67 | J17: 48 | K17: 102 | O17: 50 | S17: =SUM(G17:R17) -> 376 | T17: =F17 -> Al Fakher Grapes Mint 250g | U17: 6 | V17: =G17*$U17 -> 654 | W17: =H17*$U17 -> 402 | X17: =I17*$U17 -> 0 | Y17: =J17*$U17 -> 288 | Z17: =K17*$U17 -> 612 | AA17: =L17*$U17 -> 0 | AB17: =M17*$U17 -> 0 | AC17: =N17*$U17 -> 0 | ... AG17: =R17*$U17 -> 0 | AH17: =SUM(V17:AG17) -> 2256 | AI17: Grapes Mint | AJ17: =C17&" "&AI17&"" -> Al Fakher Grapes Mint | AK17: =S17 -> 376 | AL17: =AH17 -> 2256 | AM17: =AL17/$AL$185 -> 0.00053628314
A18: 4782 | B18: معسل الفاخر خامض 250غ | C18: Al Fakher | D18: Lemon | E18: 250g | F18: =C18&" "&D18&" "&E18 -> Al Fakher Lemon 250g | S18: =SUM(G18:R18) -> 0 | T18: =F18 -> Al Fakher Lemon 250g | U18: 6 | V18: =G18*$U18 -> 0 | W18: =H18*$U18 -> 0 | X18: =I18*$U18 -> 0 | Y18: =J18*$U18 -> 0 | Z18: =K18*$U18 -> 0 | AA18: =L18*$U18 -> 0 | AB18: =M18*$U18 -> 0 | AC18: =N18*$U18 -> 0 | ... AG18: =R18*$U18 -> 0 | AH18: =SUM(V18:AG18) -> 0 | AI18: Other Flavors | AJ18: =C18&" "&AI18&"" -> Al Fakher Other Flavors | AK18: =S18 -> 0 | AL18: =AH18 -> 0 | AM18: =AL18/$AL$185 -> 0
A19: 4783 | B19: معسل الفاخر اورانج مع نعنع 250غ | C19: Al Fakher | D19: Orange & Mint | E19: 250g | F19: =C19&" "&D19&" "&E19 -> Al Fakher Orange & Mint 250g | K19: 10 | L19: 7 | M19: 7 | N19: 6 | S19: =SUM(G19:R19) -> 30 | T19: =F19 -> Al Fakher Orange & Mint 250g | U19: 6 | V19: =G19*$U19 -> 0 | W19: =H19*$U19 -> 0 | X19: =I19*$U19 -> 0 | Y19: =J19*$U19 -> 0 | Z19: =K19*$U19 -> 60 | AA19: =L19*$U19 -> 42 | AB19: =M19*$U19 -> 42 | AC19: =N19*$U19 -> 36 | ... AG19: =R19*$U19 -> 0 | AH19: =SUM(V19:AG19) -> 180 | AI19: Other Flavors | AJ19: =C19&" "&AI19&"" -> Al Fakher Other Flavors | AK19: =S19 -> 30 | AL19: =AH19 -> 180 | AM19: =AL19/$AL$185 -> 4.2788549e-05
A20: 4784 | B20: معسل الفاخر اورانج 250غ | C20: Al Fakher | D20: Orange | E20: 250g | F20: =C20&" "&D20&" "&E20 -> Al Fakher Orange 250g | K20: 10 | L20: 2 | M20: 10 | N20: 8 | S20: =SUM(G20:R20) -> 30 | T20: =F20 -> Al Fakher Orange 250g | U20: 6 | V20: =G20*$U20 -> 0 | W20: =H20*$U20 -> 0 | X20: =I20*$U20 -> 0 | Y20: =J20*$U20 -> 0 | Z20: =K20*$U20 -> 60 | AA20: =L20*$U20 -> 12 | AB20: =M20*$U20 -> 60 | AC20: =N20*$U20 -> 48 | ... AG20: =R20*$U20 -> 0 | AH20: =SUM(V20:AG20) -> 180 | AI20: Other Flavors | AJ20: =C20&" "&AI20&"" -> Al Fakher Other Flavors | AK20: =S20 -> 30 | AL20: =AH20 -> 180 | AM20: =AL20/$AL$185 -> 4.2788549e-05
A21: 4786 | B21: معسل الفاخرعنب مع توت 250غ | C21: Al Fakher | D21: Grape & Berry | E21: 50g | F21: =C21&" "&D21&" "&E21 -> Al Fakher Grape & Berry 50g | K21: 42 | L21: 8 | S21: =SUM(G21:R21) -> 50 | T21: =F21 -> Al Fakher Grape & Berry 50g | U21: 6 | V21: =G21*$U21 -> 0 | W21: =H21*$U21 -> 0 | X21: =I21*$U21 -> 0 | Y21: =J21*$U21 -> 0 | Z21: =K21*$U21 -> 252 | AA21: =L21*$U21 -> 48 | AB21: =M21*$U21 -> 0 | AC21: =N21*$U21 -> 0 | ... AG21: =R21*$U21 -> 0 | AH21: =SUM(V21:AG21) -> 300 | AI21: Other Flavors | AJ21: =C21&" "&AI21&"" -> Al Fakher Other Flavors | AK21: =S21 -> 50 | AL21: =AH21 -> 300 | AM21: =AL21/$AL$185 -> 7.1314248e-05
A22: 4791 | B22: معسل الفاخرتفاحتين مع نعنع 50غ | C22: Al Fakher | D22: Two Apple & Minit | E22: 50g | F22: =C22&" "&D22&" "&E22 -> Al Fakher Two Apple & Minit 50g | K22: 27 | L22: 23 | S22: =SUM(G22:R22) -> 50 | T22: =F22 -> Al Fakher Two Apple & Minit 50g | U22: 6 | V22: =G22*$U22 -> 0 | W22: =H22*$U22 -> 0 | X22: =I22*$U22 -> 0 | Y22: =J22*$U22 -> 0 | Z22: =K22*$U22 -> 162 | AA22: =L22*$U22 -> 138 | AB22: =M22*$U22 -> 0 | AC22: =N22*$U22 -> 0 | ... AG22: =R22*$U22 -> 0 | AH22: =SUM(V22:AG22) -> 300 | AI22: Two Apple | AJ22: =C22&" "&AI22&"" -> Al Fakher Two Apple | AK22: =S22 -> 50 | AL22: =AH22 -> 300 | AM22: =AL22/$AL$185 -> 7.1314248e-05
A23: 4792 | B23: معسل الفاخر ببل جام 50غ | C23: Al Fakher | D23: Bubble Gum | E23: 50g | F23: =C23&" "&D23&" "&E23 -> Al Fakher Bubble Gum 50g | H23: 49 | I23: 20 | K23: 27 | L23: 6 | M23: 12 | N23: 105 | O23: 22 | P23: 1 | Q23: 27 | S23: =SUM(G23:R23) -> 269 | T23: =F23 -> Al Fakher Bubble Gum 50g | U23: 6 | V23: =G23*$U23 -> 0 | W23: =H23*$U23 -> 294 | X23: =I23*$U23 -> 120 | Y23: =J23*$U23 -> 0 | Z23: =K23*$U23 -> 162 | AA23: =L23*$U23 -> 36 | AB23: =M23*$U23 -> 72 | AC23: =N23*$U23 -> 630 | ... AG23: =R23*$U23 -> 0 | AH23: =SUM(V23:AG23) -> 1614 | AI23: Gum | AJ23: =C23&" "&AI23&"" -> Al Fakher Gum | AK23: =S23 -> 269 | AL23: =AH23 -> 1614 | AM23: =AL23/$AL$185 -> 0.00038367065
A24: 4793 | B24: معسل الفاخر مانجا 50غ | C24: Al Fakher | D24: Mango | E24: 50g | F24: =C24&" "&D24&" "&E24 -> Al Fakher Mango 50g | K24: 43 | L24: 7 | S24: =SUM(G24:R24) -> 50 | T24: =F24 -> Al Fakher Mango 50g | U24: 6 | V24: =G24*$U24 -> 0 | W24: =H24*$U24 -> 0 | X24: =I24*$U24 -> 0 | Y24: =J24*$U24 -> 0 | Z24: =K24*$U24 -> 258 | AA24: =L24*$U24 -> 42 | AB24: =M24*$U24 -> 0 | AC24: =N24*$U24 -> 0 | ... AG24: =R24*$U24 -> 0 | AH24: =SUM(V24:AG24) -> 300 | AI24: Other Flavors | AJ24: =C24&" "&AI24&"" -> Al Fakher Other Flavors | AK24: =S24 -> 50 | AL24: =AH24 -> 300 | AM24: =AL24/$AL$185 -> 7.1314248e-05
A25: 4794 | B25: معسل الفاخر علكه مستكه 50غ | C25: Al Fakher | D25: Gum Mastic | E25: 50g | F25: =C25&" "&D25&" "&E25 -> Al Fakher Gum Mastic 50g | I25: 50 | K25: 51 | L25: 13 | M25: 8 | N25: 78 | O25: 11 | P25: 6 | Q25: 133 | S25: =SUM(G25:R25) -> 350 | T25: =F25 -> Al Fakher Gum Mastic 50g | U25: 6 | V25: =G25*$U25 -> 0 | W25: =H25*$U25 -> 0 | X25: =I25*$U25 -> 300 | Y25: =J25*$U25 -> 0 | Z25: =K25*$U25 -> 306 | AA25: =L25*$U25 -> 78 | AB25: =M25*$U25 -> 48 | AC25: =N25*$U25 -> 468 | ... AG25: =R25*$U25 -> 0 | AH25: =SUM(V25:AG25) -> 2100 | AI25: Gum | AJ25: =C25&" "&AI25&"" -> Al Fakher Gum | AK25: =S25 -> 350 | AL25: =AH25 -> 2100 | AM25: =AL25/$AL$185 -> 0.00049919974
A26: 4796 | B26: معسل الفاخر برتقال مع نعنع 50غ | C26: Al Fakher | D26: Orange & Mint | E26: 50g | F26: =C26&" "&D26&" "&E26 -> Al Fakher Orange & Mint 50g | K26: 50 | M26: 5 | N26: 47 | O26: 47 | P26: 1 | Q26: 2 | S26: =SUM(G26:R26) -> 152 | T26: =F26 -> Al Fakher Orange & Mint 50g | U26: 6 | V26: =G26*$U26 -> 0 | W26: =H26*$U26 -> 0 | X26: =I26*$U26 -> 0 | Y26: =J26*$U26 -> 0 | Z26: =K26*$U26 -> 300 | AA26: =L26*$U26 -> 0 | AB26: =M26*$U26 -> 30 | AC26: =N26*$U26 -> 282 | ... AG26: =R26*$U26 -> 0 | AH26: =SUM(V26:AG26) -> 912 | AI26: Other Flavors | AJ26: =C26&" "&AI26&"" -> Al Fakher Other Flavors | AK26: =S26 -> 152 | AL26: =AH26 -> 912 | AM26: =AL26/$AL$185 -> 0.00021679531
A27: 4797 | B27: معسل الفاخر بطيخ مع نعنع 50غ | C27: Al Fakher | D27: Watermelon & Mint | E27: 50g | F27: =C27&" "&D27&" "&E27 -> Al Fakher Watermelon & Mint 50g | G27: 10 | K27: 24 | L27: 12 | M27: 10 | N27: 4 | O27: 50 | S27: =SUM(G27:R27) -> 110 | T27: =F27 -> Al Fakher Watermelon & Mint 50g | U27: 6 | V27: =G27*$U27 -> 60 | W27: =H27*$U27 -> 0 | X27: =I27*$U27 -> 0 | Y27: =J27*$U27 -> 0 | Z27: =K27*$U27 -> 144 | AA27: =L27*$U27 -> 72 | AB27: =M27*$U27 -> 60 | AC27: =N27*$U27 -> 24 | ... AG27: =R27*$U27 -> 0 | AH27: =SUM(V27:AG27) -> 660 | AI27: Other Flavors | AJ27: =C27&" "&AI27&"" -> Al Fakher Other Flavors | AK27: =S27 -> 110 | AL27: =AH27 -> 660 | AM27: =AL27/$AL$185 -> 0.00015689135
A28: 4809 | B28: الفاخر بلوبيري 250غ | C28: Al Fakher | D28: Blueberry | E28: 250g | F28: =C28&" "&D28&" "&E28 -> Al Fakher Blueberry 250g | G28: 3 | H28: 10 | I28: 51 | J28: 9 | K28: 11 | L28: 24 | M28: 20 | N28: 12 | S28: =SUM(G28:R28) -> 140 | T28: =F28 -> Al Fakher Blueberry 250g | U28: 6 | V28: =G28*$U28 -> 18 | W28: =H28*$U28 -> 60 | X28: =I28*$U28 -> 306 | Y28: =J28*$U28 -> 54 | Z28: =K28*$U28 -> 66 | AA28: =L28*$U28 -> 144 | AB28: =M28*$U28 -> 120 | AC28: =N28*$U28 -> 72 | ... AG28: =R28*$U28 -> 0 | AH28: =SUM(V28:AG28) -> 840 | AI28: Other Flavors | AJ28: =C28&" "&AI28&"" -> Al Fakher Other Flavors | AK28: =S28 -> 140 | AL28: =AH28 -> 840 | AM28: =AL28/$AL$185 -> 0.00019967989
A29: 4816 | B29: نخله بلوبيري 50 غ | C29: Nakhla | D29: Blueberry | E29: 50g | F29: =C29&" "&D29&" "&E29 -> Nakhla Blueberry 50g | H29: 75 | I29: 25 | L29: 5 | N29: 5 | S29: =SUM(G29:R29) -> 110 | T29: =F29 -> Nakhla Blueberry 50g | U29: 12.5 | V29: =G29*$U29 -> 0 | W29: =H29*$U29 -> 937.5 | X29: =I29*$U29 -> 312.5 | Y29: =J29*$U29 -> 0 | Z29: =K29*$U29 -> 0 | AA29: =L29*$U29 -> 62.5 | AB29: =M29*$U29 -> 0 | AC29: =N29*$U29 -> 62.5 | ... AG29: =R29*$U29 -> 0 | AH29: =SUM(V29:AG29) -> 1375 | AI29: Other Flavors | AJ29: =C29&" "&AI29&"" -> Nakhla Other Flavors | AK29: =S29 -> 110 | AL29: =AH29 -> 1375 | AM29: =AL29/$AL$185 -> 0.00032685697
A30: 4820 | B30: نخلة دراق 50غ | C30: Nakhla | D30: Blueberry | E30: 50g | F30: =C30&" "&D30&" "&E30 -> Nakhla Blueberry 50g | G30: 3 | H30: 80 | I30: 26 | N30: 9 | S30: =SUM(G30:R30) -> 118 | T30: =F30 -> Nakhla Blueberry 50g | U30: 12.5 | V30: =G30*$U30 -> 37.5 | W30: =H30*$U30 -> 1000 | X30: =I30*$U30 -> 325 | Y30: =J30*$U30 -> 0 | Z30: =K30*$U30 -> 0 | AA30: =L30*$U30 -> 0 | AB30: =M30*$U30 -> 0 | AC30: =N30*$U30 -> 112.5 | ... AG30: =R30*$U30 -> 0 | AH30: =SUM(V30:AG30) -> 1475 | AI30: Other Flavors | AJ30: =C30&" "&AI30&"" -> Nakhla Other Flavors | AK30: =S30 -> 118 | AL30: =AH30 -> 1475 | AM30: =AL30/$AL$185 -> 0.00035062839
A31: 4828 | B31: الفاخر تفاحتين بحريني 50غ | C31: Al Fakher | D31: Two Apple Bahraini | E31: 250g | F31: =C31&" "&D31&" "&E31 -> Al Fakher Two Apple Bahraini 250g | K31: 650 | L31: 175 | S31: =SUM(G31:R31) -> 825 | T31: =F31 -> Al Fakher Two Apple Bahraini 250g | U31: 6 | V31: =G31*$U31 -> 0 | W31: =H31*$U31 -> 0 | X31: =I31*$U31 -> 0 | Y31: =J31*$U31 -> 0 | Z31: =K31*$U31 -> 3900 | AA31: =L31*$U31 -> 1050 | AB31: =M31*$U31 -> 0 | AC31: =N31*$U31 -> 0 | ... AG31: =R31*$U31 -> 0 | AH31: =SUM(V31:AG31) -> 4950 | AI31: Two Apple | AJ31: =C31&" "&AI31&"" -> Al Fakher Two Apple | AK31: =S31 -> 825 | AL31: =AH31 -> 4950 | AM31: =AL31/$AL$185 -> 0.0011766851
A32: 4829 | B32: الفاخر بلوبيريي مع نعنع 50غ | C32: Al Fakher | D32: Blueberry Mint | E32: 50g | F32: =C32&" "&D32&" "&E32 -> Al Fakher Blueberry Mint 50g | K32: 64 | L32: 28 | M32: 27 | N32: 73 | O32: 15 | P32: 7 | Q32: 96 | S32: =SUM(G32:R32) -> 310 | T32: =F32 -> Al Fakher Blueberry Mint 50g | U32: 6 | V32: =G32*$U32 -> 0 | W32: =H32*$U32 -> 0 | X32: =I32*$U32 -> 0 | Y32: =J32*$U32 -> 0 | Z32: =K32*$U32 -> 384 | AA32: =L32*$U32 -> 168 | AB32: =M32*$U32 -> 162 | AC32: =N32*$U32 -> 438 | ... AG32: =R32*$U32 -> 0 | AH32: =SUM(V32:AG32) -> 1860 | AI32: Other Flavors | AJ32: =C32&" "&AI32&"" -> Al Fakher Other Flavors | AK32: =S32 -> 310 | AL32: =AH32 -> 1860 | AM32: =AL32/$AL$185 -> 0.00044214834
A33: 4885 | B33: الفاخر نعنع 1 كلغ | C33: Al Fakher | D33: Mint | E33: 1kg | F33: =C33&" "&D33&" "&E33 -> Al Fakher Mint 1kg | G33: 125 | H33: 325 | I33: 660 | J33: 151 | K33: 324 | L33: 541 | M33: 461 | N33: 739 | O33: 218 | P33: 82 | S33: =SUM(G33:R33) -> 3626 | T33: =F33 -> Al Fakher Mint 1kg | U33: 6 | V33: =G33*$U33 -> 750 | W33: =H33*$U33 -> 1950 | X33: =I33*$U33 -> 3960 | Y33: =J33*$U33 -> 906 | Z33: =K33*$U33 -> 1944 | AA33: =L33*$U33 -> 3246 | AB33: =M33*$U33 -> 2766 | AC33: =N33*$U33 -> 4434 | ... AG33: =R33*$U33 -> 0 | AH33: =SUM(V33:AG33) -> 21756 | AI33: Mint | AJ33: =C33&" "&AI33&"" -> Al Fakher Mint | AK33: =S33 -> 3626 | AL33: =AH33 -> 21756 | AM33: =AL33/$AL$185 -> 0.0051717093
A34: 4886 | B34: الفاخر عنب مع نعنع 1كلغ | C34: Al Fakher | D34: Grapes Mint | E34: 1kg | F34: =C34&" "&D34&" "&E34 -> Al Fakher Grapes Mint 1kg | G34: 50 | J34: 150 | K34: 150 | L34: 200 | M34: 400 | O34: 150 | S34: =SUM(G34:R34) -> 1100 | T34: =F34 -> Al Fakher Grapes Mint 1kg | U34: 6 | V34: =G34*$U34 -> 300 | W34: =H34*$U34 -> 0 | X34: =I34*$U34 -> 0 | Y34: =J34*$U34 -> 900 | Z34: =K34*$U34 -> 900 | AA34: =L34*$U34 -> 1200 | AB34: =M34*$U34 -> 2400 | AC34: =N34*$U34 -> 0 | ... AG34: =R34*$U34 -> 0 | AH34: =SUM(V34:AG34) -> 6600 | AI34: Grapes Mint | AJ34: =C34&" "&AI34&"" -> Al Fakher Grapes Mint | AK34: =S34 -> 1100 | AL34: =AH34 -> 6600 | AM34: =AL34/$AL$185 -> 0.0015689135
A35: 4887 | B35: الفاخر حامض ونعنع 1كلغ | C35: Al Fakher | D35: Lemon Mint | E35: 1kg | F35: =C35&" "&D35&" "&E35 -> Al Fakher Lemon Mint 1kg | G35: 175 | H35: 325 | I35: 1167 | J35: 272 | K35: 410 | L35: 348 | M35: 413 | N35: 932 | O35: 291 | P35: 109 | S35: =SUM(G35:R35) -> 4442 | T35: =F35 -> Al Fakher Lemon Mint 1kg | U35: 6 | V35: =G35*$U35 -> 1050 | W35: =H35*$U35 -> 1950 | X35: =I35*$U35 -> 7002 | Y35: =J35*$U35 -> 1632 | Z35: =K35*$U35 -> 2460 | AA35: =L35*$U35 -> 2088 | AB35: =M35*$U35 -> 2478 | AC35: =N35*$U35 -> 5592 | ... AG35: =R35*$U35 -> 0 | AH35: =SUM(V35:AG35) -> 26652 | AI35: Lemon Mint | AJ35: =C35&" "&AI35&"" -> Al Fakher Lemon Mint | AK35: =S35 -> 4442 | AL35: =AH35 -> 26652 | AM35: =AL35/$AL$185 -> 0.0063355578
A36: 4888 | B36: الفاخر عنب 1كلغ | C36: Al Fakher | D36: Grapes | E36: 1kg | F36: =C36&" "&D36&" "&E36 -> Al Fakher Grapes 1kg | G36: 324 | H36: 476 | I36: 1277 | J36: 381 | K36: 431 | L36: 482 | M36: 491 | N36: 1035 | O36: 359 | P36: 41 | S36: =SUM(G36:R36) -> 5297 | T36: =F36 -> Al Fakher Grapes 1kg | U36: 6 | V36: =G36*$U36 -> 1944 | W36: =H36*$U36 -> 2856 | X36: =I36*$U36 -> 7662 | Y36: =J36*$U36 -> 2286 | Z36: =K36*$U36 -> 2586 | AA36: =L36*$U36 -> 2892 | AB36: =M36*$U36 -> 2946 | AC36: =N36*$U36 -> 6210 | ... AG36: =R36*$U36 -> 0 | AH36: =SUM(V36:AG36) -> 31782 | AI36: Grapes | AJ36: =C36&" "&AI36&"" -> Al Fakher Grapes | AK36: =S36 -> 5297 | AL36: =AH36 -> 31782 | AM36: =AL36/$AL$185 -> 0.0075550314
A37: 4890 | B37: الفاخر برتقال 1 كلغ | C37: Al Fakher | D37: Orange | E37: 1kg | F37: =C37&" "&D37&" "&E37 -> Al Fakher Orange 1kg | K37: 50 | M37: 77 | N37: 23 | O37: 50 | S37: =SUM(G37:R37) -> 200 | T37: =F37 -> Al Fakher Orange 1kg | U37: 6 | V37: =G37*$U37 -> 0 | W37: =H37*$U37 -> 0 | X37: =I37*$U37 -> 0 | Y37: =J37*$U37 -> 0 | Z37: =K37*$U37 -> 300 | AA37: =L37*$U37 -> 0 | AB37: =M37*$U37 -> 462 | AC37: =N37*$U37 -> 138 | ... AG37: =R37*$U37 -> 0 | AH37: =SUM(V37:AG37) -> 1200 | AI37: Other Flavors | AJ37: =C37&" "&AI37&"" -> Al Fakher Other Flavors | AK37: =S37 -> 200 | AL37: =AH37 -> 1200 | AM37: =AL37/$AL$185 -> 0.00028525699
A38: 4891 | B38: الفاخرخامض 1 كلغ | C38: Al Fakher | D38: Lemon | E38: 1kg | F38: =C38&" "&D38&" "&E38 -> Al Fakher Lemon 1kg | S38: =SUM(G38:R38) -> 0 | T38: =F38 -> Al Fakher Lemon 1kg | U38: 6 | V38: =G38*$U38 -> 0 | W38: =H38*$U38 -> 0 | X38: =I38*$U38 -> 0 | Y38: =J38*$U38 -> 0 | Z38: =K38*$U38 -> 0 | AA38: =L38*$U38 -> 0 | AB38: =M38*$U38 -> 0 | AC38: =N38*$U38 -> 0 | ... AG38: =R38*$U38 -> 0 | AH38: =SUM(V38:AG38) -> 0 | AI38: Other Flavors | AJ38: =C38&" "&AI38&"" -> Al Fakher Other Flavors | AK38: =S38 -> 0 | AL38: =AH38 -> 0 | AM38: =AL38/$AL$185 -> 0
A39: 4892 | B39: الفاخر تفاحتين 1 كلغ | C39: Al Fakher | D39: Two Apple | E39: 1kg | F39: =C39&" "&D39&" "&E39 -> Al Fakher Two Apple 1kg | G39: 550 | H39: 1390 | I39: 3323 | J39: 1267 | K39: 1390 | L39: 965 | M39: 2133 | N39: 767 | O39: 2056 | P39: 2643 | Q39: 2441 | S39: =SUM(G39:R39) -> 18925 | T39: =F39 -> Al Fakher Two Apple 1kg | U39: 6 | V39: =G39*$U39 -> 3300 | W39: =H39*$U39 -> 8340 | X39: =I39*$U39 -> 19938 | Y39: =J39*$U39 -> 7602 | Z39: =K39*$U39 -> 8340 | AA39: =L39*$U39 -> 5790 | AB39: =M39*$U39 -> 12798 | AC39: =N39*$U39 -> 4602 | ... AG39: =R39*$U39 -> 0 | AH39: =SUM(V39:AG39) -> 113550 | AI39: Two Apple | AJ39: =C39&" "&AI39&"" -> Al Fakher Two Apple | AK39: =S39 -> 18925 | AL39: =AH39 -> 113550 | AM39: =AL39/$AL$185 -> 0.026992443
A40: 4893 | B40: الفاخر مانغا 1 كلغ | C40: Al Fakher | D40: Mango | E40: 1kg | F40: =C40&" "&D40&" "&E40 -> Al Fakher Mango 1kg | S40: =SUM(G40:R40) -> 0 | T40: =F40 -> Al Fakher Mango 1kg | U40: 6 | V40: =G40*$U40 -> 0 | W40: =H40*$U40 -> 0 | X40: =I40*$U40 -> 0 | Y40: =J40*$U40 -> 0 | Z40: =K40*$U40 -> 0 | AA40: =L40*$U40 -> 0 | AB40: =M40*$U40 -> 0 | AC40: =N40*$U40 -> 0 | ... AG40: =R40*$U40 -> 0 | AH40: =SUM(V40:AG40) -> 0 | AI40: Other Flavors | AJ40: =C40&" "&AI40&"" -> Al Fakher Other Flavors | AK40: =S40 -> 0 | AL40: =AH40 -> 0 | AM40: =AL40/$AL$185 -> 0
A41: 4894 | B41: الفاخر بطيخ 1 كلغ | C41: Al Fakher | D41: Watermelon | E41: 1kg | F41: =C41&" "&D41&" "&E41 -> Al Fakher Watermelon 1kg | H41: 14 | K41: 12 | L41: 8 | S41: =SUM(G41:R41) -> 34 | T41: =F41 -> Al Fakher Watermelon 1kg | U41: 6 | V41: =G41*$U41 -> 0 | W41: =H41*$U41 -> 84 | X41: =I41*$U41 -> 0 | Y41: =J41*$U41 -> 0 | Z41: =K41*$U41 -> 72 | AA41: =L41*$U41 -> 48 | AB41: =M41*$U41 -> 0 | AC41: =N41*$U41 -> 0 | ... AG41: =R41*$U41 -> 0 | AH41: =SUM(V41:AG41) -> 204 | AI41: Other Flavors | AJ41: =C41&" "&AI41&"" -> Al Fakher Other Flavors | AK41: =S41 -> 34 | AL41: =AH41 -> 204 | AM41: =AL41/$AL$185 -> 4.8493689e-05
A42: 4895 | B42: الفاخر ورد 1 كلغ | C42: Al Fakher | D42: Rose | E42: 1kg | F42: =C42&" "&D42&" "&E42 -> Al Fakher Rose 1kg | S42: =SUM(G42:R42) -> 0 | T42: =F42 -> Al Fakher Rose 1kg | U42: 6 | V42: =G42*$U42 -> 0 | W42: =H42*$U42 -> 0 | X42: =I42*$U42 -> 0 | Y42: =J42*$U42 -> 0 | Z42: =K42*$U42 -> 0 | AA42: =L42*$U42 -> 0 | AB42: =M42*$U42 -> 0 | AC42: =N42*$U42 -> 0 | ... AG42: =R42*$U42 -> 0 | AH42: =SUM(V42:AG42) -> 0 | AI42: Other Flavors | AJ42: =C42&" "&AI42&"" -> Al Fakher Other Flavors | AK42: =S42 -> 0 | AL42: =AH42 -> 0 | AM42: =AL42/$AL$185 -> 0
A43: 4896 | B43: الفاخر علكة مع نعنع 1 كلغ | C43: Al Fakher | D43: Gum Mint | E43: 1kg | F43: =C43&" "&D43&" "&E43 -> Al Fakher Gum Mint 1kg | G43: 30 | H43: 23 | I43: 52 | J43: 6 | K43: 27 | L43: 11 | S43: =SUM(G43:R43) -> 149 | T43: =F43 -> Al Fakher Gum Mint 1kg | U43: 6 | V43: =G43*$U43 -> 180 | W43: =H43*$U43 -> 138 | X43: =I43*$U43 -> 312 | Y43: =J43*$U43 -> 36 | Z43: =K43*$U43 -> 162 | AA43: =L43*$U43 -> 66 | AB43: =M43*$U43 -> 0 | AC43: =N43*$U43 -> 0 | ... AG43: =R43*$U43 -> 0 | AH43: =SUM(V43:AG43) -> 894 | AI43: Gum | AJ43: =C43&" "&AI43&"" -> Al Fakher Gum | AK43: =S43 -> 149 | AL43: =AH43 -> 894 | AM43: =AL43/$AL$185 -> 0.00021251646
A44: 4897 | B44: الفاخر برتقال مع نعنع 1 كلغ | C44: Al Fakher | D44: Orange & Mint | E44: 1kg | F44: =C44&" "&D44&" "&E44 -> Al Fakher Orange & Mint 1kg | G44: 425 | K44: 28 | L44: 22 | O44: 50 | S44: =SUM(G44:R44) -> 525 | T44: =F44 -> Al Fakher Orange & Mint 1kg | U44: 6 | V44: =G44*$U44 -> 2550 | W44: =H44*$U44 -> 0 | X44: =I44*$U44 -> 0 | Y44: =J44*$U44 -> 0 | Z44: =K44*$U44 -> 168 | AA44: =L44*$U44 -> 132 | AB44: =M44*$U44 -> 0 | AC44: =N44*$U44 -> 0 | ... AG44: =R44*$U44 -> 0 | AH44: =SUM(V44:AG44) -> 3150 | AI44: Other Flavors | AJ44: =C44&" "&AI44&"" -> Al Fakher Other Flavors | AK44: =S44 -> 525 | AL44: =AH44 -> 3150 | AM44: =AL44/$AL$185 -> 0.0007487996
A45: 4898 | B45: الفاخر شمام 50غ | C45: Al Fakher | D45: Melon | E45: 50g | F45: =C45&" "&D45&" "&E45 -> Al Fakher Melon 50g | S45: =SUM(G45:R45) -> 0 | T45: =F45 -> Al Fakher Melon 50g | U45: 6 | V45: =G45*$U45 -> 0 | W45: =H45*$U45 -> 0 | X45: =I45*$U45 -> 0 | Y45: =J45*$U45 -> 0 | Z45: =K45*$U45 -> 0 | AA45: =L45*$U45 -> 0 | AB45: =M45*$U45 -> 0 | AC45: =N45*$U45 -> 0 | ... AG45: =R45*$U45 -> 0 | AH45: =SUM(V45:AG45) -> 0 | AI45: Other Flavors | AJ45: =C45&" "&AI45&"" -> Al Fakher Other Flavors | AK45: =S45 -> 0 | AL45: =AH45 -> 0 | AM45: =AL45/$AL$185 -> 0
A46: 4899 | B46: الفاخر ماجيك لوف 50 gr | C46: Al Fakher | D46: Magic love | E46: 50g | F46: =C46&" "&D46&" "&E46 -> Al Fakher Magic love 50g | H46: 86 | I46: 65 | J46: 20 | K46: 41 | L46: 20 | M46: 46 | N46: 158 | O46: 46 | P46: 4 | S46: =SUM(G46:R46) -> 486 | T46: =F46 -> Al Fakher Magic love 50g | U46: 6 | V46: =G46*$U46 -> 0 | W46: =H46*$U46 -> 516 | X46: =I46*$U46 -> 390 | Y46: =J46*$U46 -> 120 | Z46: =K46*$U46 -> 246 | AA46: =L46*$U46 -> 120 | AB46: =M46*$U46 -> 276 | AC46: =N46*$U46 -> 948 | ... AG46: =R46*$U46 -> 0 | AH46: =SUM(V46:AG46) -> 2916 | AI46: Other Flavors | AJ46: =C46&" "&AI46&"" -> Al Fakher Other Flavors | AK46: =S46 -> 486 | AL46: =AH46 -> 2916 | AM46: =AL46/$AL$185 -> 0.00069317449
A47: 4923 | B47: الفاخر توت بري 50 غ | C47: Al Fakher | D47: blueberry | E47: 50g | F47: =C47&" "&D47&" "&E47 -> Al Fakher blueberry 50g | H47: 50 | K47: 100 | L47: 50 | M47: 50 | N47: 50 | O47: 16 | P47: 54 | Q47: 10 | S47: =SUM(G47:R47) -> 380 | T47: =F47 -> Al Fakher blueberry 50g | U47: 6 | V47: =G47*$U47 -> 0 | W47: =H47*$U47 -> 300 | X47: =I47*$U47 -> 0 | Y47: =J47*$U47 -> 0 | Z47: =K47*$U47 -> 600 | AA47: =L47*$U47 -> 300 | AB47: =M47*$U47 -> 300 | AC47: =N47*$U47 -> 300 | ... AG47: =R47*$U47 -> 0 | AH47: =SUM(V47:AG47) -> 2280 | AI47: Other Flavors | AJ47: =C47&" "&AI47&"" -> Al Fakher Other Flavors | AK47: =S47 -> 380 | AL47: =AH47 -> 2280 | AM47: =AL47/$AL$185 -> 0.00054198828
A48: 4973 | B48: معسل الفاخر تفاحتين 250 غ | C48: Al Fakher | D48: Two apple | E48: 250g | F48: =C48&" "&D48&" "&E48 -> Al Fakher Two apple 250g | H48: 1069 | I48: 1816 | J48: 2200 | K48: 1910 | L48: 800 | M48: 3139 | N48: 878 | O48: 1695 | P48: 2449 | Q48: 1218 | S48: =SUM(G48:R48) -> 17174 | T48: =F48 -> Al Fakher Two apple 250g | U48: 6 | V48: =G48*$U48 -> 0 | W48: =H48*$U48 -> 6414 | X48: =I48*$U48 -> 10896 | Y48: =J48*$U48 -> 13200 | Z48: =K48*$U48 -> 11460 | AA48: =L48*$U48 -> 4800 | AB48: =M48*$U48 -> 18834 | AC48: =N48*$U48 -> 5268 | ... AG48: =R48*$U48 -> 0 | AH48: =SUM(V48:AG48) -> 103044 | AI48: Two Apple | AJ48: =C48&" "&AI48&"" -> Al Fakher Two Apple | AK48: =S48 -> 17174 | AL48: =AH48 -> 103044 | AM48: =AL48/$AL$185 -> 0.024495018
A49: 4975 | B49: معسل الفاخر عنب 250 غ | C49: Al Fakher | D49: Grapes | E49: 250g | F49: =C49&" "&D49&" "&E49 -> Al Fakher Grapes 250g | G49: 115 | H49: 139 | I49: 140 | J49: 54 | K49: 85 | L49: 27 | M49: 74 | N49: 121 | O49: 52 | P49: 57 | S49: =SUM(G49:R49) -> 864 | T49: =F49 -> Al Fakher Grapes 250g | U49: 6 | V49: =G49*$U49 -> 690 | W49: =H49*$U49 -> 834 | X49: =I49*$U49 -> 840 | Y49: =J49*$U49 -> 324 | Z49: =K49*$U49 -> 510 | AA49: =L49*$U49 -> 162 | AB49: =M49*$U49 -> 444 | AC49: =N49*$U49 -> 726 | ... AG49: =R49*$U49 -> 0 | AH49: =SUM(V49:AG49) -> 5184 | AI49: Grapes | AJ49: =C49&" "&AI49&"" -> Al Fakher Grapes | AK49: =S49 -> 864 | AL49: =AH49 -> 5184 | AM49: =AL49/$AL$185 -> 0.0012323102
A50: 4979 | B50: معسل الفاخر فراوله 50 غ | C50: Al Fakher | D50: Strawberry | E50: 50g | F50: =C50&" "&D50&" "&E50 -> Al Fakher Strawberry 50g | M50: 50 | S50: =SUM(G50:R50) -> 50 | T50: =F50 -> Al Fakher Strawberry 50g | U50: 6 | V50: =G50*$U50 -> 0 | W50: =H50*$U50 -> 0 | X50: =I50*$U50 -> 0 | Y50: =J50*$U50 -> 0 | Z50: =K50*$U50 -> 0 | AA50: =L50*$U50 -> 0 | AB50: =M50*$U50 -> 300 | AC50: =N50*$U50 -> 0 | ... AG50: =R50*$U50 -> 0 | AH50: =SUM(V50:AG50) -> 300 | AI50: Other Flavors | AJ50: =C50&" "&AI50&"" -> Al Fakher Other Flavors | AK50: =S50 -> 50 | AL50: =AH50 -> 300 | AM50: =AL50/$AL$185 -> 7.1314248e-05
A51: 4980 | B51: معسل الفاخر تفاحتين 50 غ كرتون | C51: Al Fakher | D51: Two Apple | E51: 50g | F51: =C51&" "&D51&" "&E51 -> Al Fakher Two Apple 50g | G51: 925 | H51: 3011 | I51: 14457 | J51: 1637 | K51: 7701 | L51: 5595 | M51: 4400 | N51: 3337 | O51: 6363 | P51: 2506 | Q51: 676 | S51: =SUM(G51:R51) -> 50608 | T51: =F51 -> Al Fakher Two Apple 50g | U51: 6 | V51: =G51*$U51 -> 5550 | W51: =H51*$U51 -> 18066 | X51: =I51*$U51 -> 86742 | Y51: =J51*$U51 -> 9822 | Z51: =K51*$U51 -> 46206 | AA51: =L51*$U51 -> 33570 | AB51: =M51*$U51 -> 26400 | AC51: =N51*$U51 -> 20022 | ... AG51: =R51*$U51 -> 0 | AH51: =SUM(V51:AG51) -> 303648 | AI51: Two Apple | AJ51: =C51&" "&AI51&"" -> Al Fakher Two Apple | AK51: =S51 -> 50608 | AL51: =AH51 -> 303648 | AM51: =AL51/$AL$185 -> 0.072181429
A52: 4981 | B52: معسل الفاخر عنب 50 غ | C52: Al Fakher | D52: Grapes | E52: 50g | F52: =C52&" "&D52&" "&E52 -> Al Fakher Grapes 50g | G52: 25 | H52: 315 | I52: 374 | J52: 143 | K52: 294 | L52: 112 | M52: 192 | N52: 571 | O52: 174 | P52: 26 | S52: =SUM(G52:R52) -> 2226 | T52: =F52 -> Al Fakher Grapes 50g | U52: 6 | V52: =G52*$U52 -> 150 | W52: =H52*$U52 -> 1890 | X52: =I52*$U52 -> 2244 | Y52: =J52*$U52 -> 858 | Z52: =K52*$U52 -> 1764 | AA52: =L52*$U52 -> 672 | AB52: =M52*$U52 -> 1152 | AC52: =N52*$U52 -> 3426 | ... AG52: =R52*$U52 -> 0 | AH52: =SUM(V52:AG52) -> 13356 | AI52: Grapes | AJ52: =C52&" "&AI52&"" -> Al Fakher Grapes | AK52: =S52 -> 2226 | AL52: =AH52 -> 13356 | AM52: =AL52/$AL$185 -> 0.0031749103
A53: 4982 | B53: معسل الفاخر ورد 50 غ | C53: Al Fakher | D53: Rose | E53: 50g | F53: =C53&" "&D53&" "&E53 -> Al Fakher Rose 50g | H53: 50 | M53: 50 | O53: 50 | S53: =SUM(G53:R53) -> 150 | T53: =F53 -> Al Fakher Rose 50g | U53: 6 | V53: =G53*$U53 -> 0 | W53: =H53*$U53 -> 300 | X53: =I53*$U53 -> 0 | Y53: =J53*$U53 -> 0 | Z53: =K53*$U53 -> 0 | AA53: =L53*$U53 -> 0 | AB53: =M53*$U53 -> 300 | AC53: =N53*$U53 -> 0 | ... AG53: =R53*$U53 -> 0 | AH53: =SUM(V53:AG53) -> 900 | AI53: Other Flavors | AJ53: =C53&" "&AI53&"" -> Al Fakher Other Flavors | AK53: =S53 -> 150 | AL53: =AH53 -> 900 | AM53: =AL53/$AL$185 -> 0.00021394274
A54: 4983 | B54: معسل الفاحر نعنع 50 غ | C54: Al Fakher | D54: Mint | E54: 50g | F54: =C54&" "&D54&" "&E54 -> Al Fakher Mint 50g | G54: 50 | H54: 250 | I54: 433 | J54: 77 | K54: 347 | L54: 152 | M54: 179 | N54: 465 | O54: 201 | P54: 71 | Q54: 228 | S54: =SUM(G54:R54) -> 2453 | T54: =F54 -> Al Fakher Mint 50g | U54: 6 | V54: =G54*$U54 -> 300 | W54: =H54*$U54 -> 1500 | X54: =I54*$U54 -> 2598 | Y54: =J54*$U54 -> 462 | Z54: =K54*$U54 -> 2082 | AA54: =L54*$U54 -> 912 | AB54: =M54*$U54 -> 1074 | AC54: =N54*$U54 -> 2790 | ... AG54: =R54*$U54 -> 0 | AH54: =SUM(V54:AG54) -> 14718 | AI54: Mint | AJ54: =C54&" "&AI54&"" -> Al Fakher Mint | AK54: =S54 -> 2453 | AL54: =AH54 -> 14718 | AM54: =AL54/$AL$185 -> 0.003498677
A55: 4994 | B55: معسل الفاحر برتقال 50 غ | C55: Al Fakher | D55: Orange | E55: 50g | F55: =C55&" "&D55&" "&E55 -> Al Fakher Orange 50g | K55: 50 | L55: 34 | M55: 21 | N55: 45 | O55: 48 | Q55: 2 | S55: =SUM(G55:R55) -> 200 | T55: =F55 -> Al Fakher Orange 50g | U55: 6 | V55: =G55*$U55 -> 0 | W55: =H55*$U55 -> 0 | X55: =I55*$U55 -> 0 | Y55: =J55*$U55 -> 0 | Z55: =K55*$U55 -> 300 | AA55: =L55*$U55 -> 204 | AB55: =M55*$U55 -> 126 | AC55: =N55*$U55 -> 270 | ... AG55: =R55*$U55 -> 0 | AH55: =SUM(V55:AG55) -> 1200 | AI55: Other Flavors | AJ55: =C55&" "&AI55&"" -> Al Fakher Other Flavors | AK55: =S55 -> 200 | AL55: =AH55 -> 1200 | AM55: =AL55/$AL$185 -> 0.00028525699
A56: 4997 | B56: معسل الفاحر خامض 50 غ | C56: Al Fakher | D56: Lemon | E56: 50g | F56: =C56&" "&D56&" "&E56 -> Al Fakher Lemon 50g | H56: 10 | I56: 20 | S56: =SUM(G56:R56) -> 30 | T56: =F56 -> Al Fakher Lemon 50g | U56: 6 | V56: =G56*$U56 -> 0 | W56: =H56*$U56 -> 60 | X56: =I56*$U56 -> 120 | Y56: =J56*$U56 -> 0 | Z56: =K56*$U56 -> 0 | AA56: =L56*$U56 -> 0 | AB56: =M56*$U56 -> 0 | AC56: =N56*$U56 -> 0 | ... AG56: =R56*$U56 -> 0 | AH56: =SUM(V56:AG56) -> 180 | AI56: Other Flavors | AJ56: =C56&" "&AI56&"" -> Al Fakher Other Flavors | AK56: =S56 -> 30 | AL56: =AH56 -> 180 | AM56: =AL56/$AL$185 -> 4.2788549e-05
A57: 5000 | B57: الفاخر سوبر ليمون ونعناع 50غ | C57: Al Fakher | D57: Super Lemon Mint | E57: 50g | F57: =C57&" "&D57&" "&E57 -> Al Fakher Super Lemon Mint 50g | S57: =SUM(G57:R57) -> 0 | T57: =F57 -> Al Fakher Super Lemon Mint 50g | U57: 6 | V57: =G57*$U57 -> 0 | W57: =H57*$U57 -> 0 | X57: =I57*$U57 -> 0 | Y57: =J57*$U57 -> 0 | Z57: =K57*$U57 -> 0 | AA57: =L57*$U57 -> 0 | AB57: =M57*$U57 -> 0 | AC57: =N57*$U57 -> 0 | ... AG57: =R57*$U57 -> 0 | AH57: =SUM(V57:AG57) -> 0 | AI57: Lemon Mint | AJ57: =C57&" "&AI57&"" -> Al Fakher Lemon Mint | AK57: =S57 -> 0 | AL57: =AH57 -> 0 | AM57: =AL57/$AL$185 -> 0
A58: 5001 | B58: الفاخر سوبر ليمون ونعناع 1 كلع | C58: Al Fakher | D58: Super Lemon Mint | E58: 1kg | F58: =C58&" "&D58&" "&E58 -> Al Fakher Super Lemon Mint 1kg | S58: =SUM(G58:R58) -> 0 | T58: =F58 -> Al Fakher Super Lemon Mint 1kg | U58: 6 | V58: =G58*$U58 -> 0 | W58: =H58*$U58 -> 0 | X58: =I58*$U58 -> 0 | Y58: =J58*$U58 -> 0 | Z58: =K58*$U58 -> 0 | AA58: =L58*$U58 -> 0 | AB58: =M58*$U58 -> 0 | AC58: =N58*$U58 -> 0 | ... AG58: =R58*$U58 -> 0 | AH58: =SUM(V58:AG58) -> 0 | AI58: Lemon Mint | AJ58: =C58&" "&AI58&"" -> Al Fakher Lemon Mint | AK58: =S58 -> 0 | AL58: =AH58 -> 0 | AM58: =AL58/$AL$185 -> 0
A59: 5002 | B59: الفاخر سوبر ليمون ونعناع 250غ | C59: Al Fakher | D59: Super Lemon Mint | E59: 250g | F59: =C59&" "&D59&" "&E59 -> Al Fakher Super Lemon Mint 250g | S59: =SUM(G59:R59) -> 0 | T59: =F59 -> Al Fakher Super Lemon Mint 250g | U59: 6 | V59: =G59*$U59 -> 0 | W59: =H59*$U59 -> 0 | X59: =I59*$U59 -> 0 | Y59: =J59*$U59 -> 0 | Z59: =K59*$U59 -> 0 | AA59: =L59*$U59 -> 0 | AB59: =M59*$U59 -> 0 | AC59: =N59*$U59 -> 0 | ... AG59: =R59*$U59 -> 0 | AH59: =SUM(V59:AG59) -> 0 | AI59: Lemon Mint | AJ59: =C59&" "&AI59&"" -> Al Fakher Lemon Mint | AK59: =S59 -> 0 | AL59: =AH59 -> 0 | AM59: =AL59/$AL$185 -> 0
A60: 5012 | B60: شربتلي تفاحتين 250غ | C60: Sharbatli | D60: Two Apple | E60: 250g | R60: 1 | S60: =SUM(G60:R60) -> 1 | T60: =F60 -> 0 | U60: 6 | V60: =G60*$U60 -> 0 | W60: =H60*$U60 -> 0 | X60: =I60*$U60 -> 0 | Y60: =J60*$U60 -> 0 | Z60: =K60*$U60 -> 0 | AA60: =L60*$U60 -> 0 | AB60: =M60*$U60 -> 0 | AC60: =N60*$U60 -> 0 | ... AG60: =R60*$U60 -> 6 | AH60: =SUM(V60:AG60) -> 6 | AI60: Two Apple | AJ60: =C60&" "&AI60&"" -> Sharbatli Two Apple | AK60: =S60 -> 1 | AL60: =AH60 -> 6 | AM60: =AL60/$AL$185 -> 1.426285e-06
A61: 5013 | B61: شربتلي حامض ونعنع 50غ | C61: Sharbatli | D61: Lemon Mint | E61: 50g | F61: =C61&" "&D61&" "&E61 -> Sharbatli Lemon Mint 50g | Q61: 1 | R61: 90 | S61: =SUM(G61:R61) -> 91 | T61: =F61 -> Sharbatli Lemon Mint 50g | U61: 6 | V61: =G61*$U61 -> 0 | W61: =H61*$U61 -> 0 | X61: =I61*$U61 -> 0 | Y61: =J61*$U61 -> 0 | Z61: =K61*$U61 -> 0 | AA61: =L61*$U61 -> 0 | AB61: =M61*$U61 -> 0 | AC61: =N61*$U61 -> 0 | ... AG61: =R61*$U61 -> 540 | AH61: =SUM(V61:AG61) -> 546 | AI61: Lemon Mint | AJ61: =C61&" "&AI61&"" -> Sharbatli Lemon Mint | AK61: =S61 -> 91 | AL61: =AH61 -> 546 | AM61: =AL61/$AL$185 -> 0.00012979193
A62: 5014 | B62: شربتلي حامض ونعنع 250غ | C62: Sharbatli | D62: Lemon Mint | E62: 250g | R62: 126 | S62: =SUM(G62:R62) -> 126 | T62: =F62 -> 0 | U62: 6 | V62: =G62*$U62 -> 0 | W62: =H62*$U62 -> 0 | X62: =I62*$U62 -> 0 | Y62: =J62*$U62 -> 0 | Z62: =K62*$U62 -> 0 | AA62: =L62*$U62 -> 0 | AB62: =M62*$U62 -> 0 | AC62: =N62*$U62 -> 0 | ... AG62: =R62*$U62 -> 756 | AH62: =SUM(V62:AG62) -> 756 | AI62: Lemon Mint | AJ62: =C62&" "&AI62&"" -> Sharbatli Lemon Mint | AK62: =S62 -> 126 | AL62: =AH62 -> 756 | AM62: =AL62/$AL$185 -> 0.0001797119
A63: 5019 | B63: شربتلي حامض ونعنع سوفت 50غ | C63: Sharbatli | D63: Lemon Mint | E63: 50g | R63: 25 | S63: =SUM(G63:R63) -> 25 | T63: =F63 -> 0 | U63: 6 | V63: =G63*$U63 -> 0 | W63: =H63*$U63 -> 0 | X63: =I63*$U63 -> 0 | Y63: =J63*$U63 -> 0 | Z63: =K63*$U63 -> 0 | AA63: =L63*$U63 -> 0 | AB63: =M63*$U63 -> 0 | AC63: =N63*$U63 -> 0 | ... AG63: =R63*$U63 -> 150 | AH63: =SUM(V63:AG63) -> 150 | AI63: Lemon Mint | AJ63: =C63&" "&AI63&"" -> Sharbatli Lemon Mint | AK63: =S63 -> 25 | AL63: =AH63 -> 150 | AM63: =AL63/$AL$185 -> 3.5657124e-05
A64: 5021 | B64: شربتلي كوفي كريم 50غ | C64: Sharbatli | D64: Coffee Cream | E64: 50g | R64: 30 | S64: =SUM(G64:R64) -> 30 | T64: =F64 -> 0 | U64: 6 | V64: =G64*$U64 -> 0 | W64: =H64*$U64 -> 0 | X64: =I64*$U64 -> 0 | Y64: =J64*$U64 -> 0 | Z64: =K64*$U64 -> 0 | AA64: =L64*$U64 -> 0 | AB64: =M64*$U64 -> 0 | AC64: =N64*$U64 -> 0 | ... AG64: =R64*$U64 -> 180 | AH64: =SUM(V64:AG64) -> 180 | AI64: Other Flavors | AJ64: =C64&" "&AI64&"" -> Sharbatli Other Flavors | AK64: =S64 -> 30 | AL64: =AH64 -> 180 | AM64: =AL64/$AL$185 -> 4.2788549e-05
A65: 5120 | B65: الهنا تفاحتين 50غ | C65: Al Hana | D65: Two Apple | E65: 50g | F65: =C65&" "&D65&" "&E65 -> Al Hana Two Apple 50g | G65: 25 | H65: 54 | I65: 147 | J65: 215 | K65: 20 | L65: 37 | S65: =SUM(G65:R65) -> 498 | T65: =F65 -> Al Hana Two Apple 50g | U65: 6 | V65: =G65*$U65 -> 150 | W65: =H65*$U65 -> 324 | X65: =I65*$U65 -> 882 | Y65: =J65*$U65 -> 1290 | Z65: =K65*$U65 -> 120 | AA65: =L65*$U65 -> 222 | AB65: =M65*$U65 -> 0 | AC65: =N65*$U65 -> 0 | ... AG65: =R65*$U65 -> 0 | AH65: =SUM(V65:AG65) -> 2988 | AI65: Two Apple | AJ65: =C65&" "&AI65&"" -> Al Hana Two Apple | AK65: =S65 -> 498 | AL65: =AH65 -> 2988 | AM65: =AL65/$AL$185 -> 0.00071028991
A66: 5121 | B66: الهنا تفاحتين 250غ | C66: Al Hana | D66: Two Apple | E66: 250g | F66: =C66&" "&D66&" "&E66 -> Al Hana Two Apple 250g | I66: 137 | J66: 68 | K66: 5 | L66: 101 | S66: =SUM(G66:R66) -> 311 | T66: =F66 -> Al Hana Two Apple 250g | U66: 6 | V66: =G66*$U66 -> 0 | W66: =H66*$U66 -> 0 | X66: =I66*$U66 -> 822 | Y66: =J66*$U66 -> 408 | Z66: =K66*$U66 -> 30 | AA66: =L66*$U66 -> 606 | AB66: =M66*$U66 -> 0 | AC66: =N66*$U66 -> 0 | ... AG66: =R66*$U66 -> 0 | AH66: =SUM(V66:AG66) -> 1866 | AI66: Two Apple | AJ66: =C66&" "&AI66&"" -> Al Hana Two Apple | AK66: =S66 -> 311 | AL66: =AH66 -> 1866 | AM66: =AL66/$AL$185 -> 0.00044357462
A67: 5122 | B67: الهنا حامض ونعنع 50غ | C67: Al Hana | D67: Lemon Mint | E67: 50g | F67: =C67&" "&D67&" "&E67 -> Al Hana Lemon Mint 50g | I67: 62 | J67: 409 | K67: 15 | L67: 200 | S67: =SUM(G67:R67) -> 686 | T67: =F67 -> Al Hana Lemon Mint 50g | U67: 6 | V67: =G67*$U67 -> 0 | W67: =H67*$U67 -> 0 | X67: =I67*$U67 -> 372 | Y67: =J67*$U67 -> 2454 | Z67: =K67*$U67 -> 90 | AA67: =L67*$U67 -> 1200 | AB67: =M67*$U67 -> 0 | AC67: =N67*$U67 -> 0 | ... AG67: =R67*$U67 -> 0 | AH67: =SUM(V67:AG67) -> 4116 | AI67: Lemon Mint | AJ67: =C67&" "&AI67&"" -> Al Hana Lemon Mint | AK67: =S67 -> 686 | AL67: =AH67 -> 4116 | AM67: =AL67/$AL$185 -> 0.00097843148
A68: 5123 | B68: الهنا حامض ونعنع 250غ | C68: Al Hana | D68: Lemon Mint | E68: 250g | F68: =C68&" "&D68&" "&E68 -> Al Hana Lemon Mint 250g | I68: 73 | J68: 76 | K68: 5 | L68: 147 | S68: =SUM(G68:R68) -> 301 | T68: =F68 -> Al Hana Lemon Mint 250g | U68: 6 | V68: =G68*$U68 -> 0 | W68: =H68*$U68 -> 0 | X68: =I68*$U68 -> 438 | Y68: =J68*$U68 -> 456 | Z68: =K68*$U68 -> 30 | AA68: =L68*$U68 -> 882 | AB68: =M68*$U68 -> 0 | AC68: =N68*$U68 -> 0 | ... AG68: =R68*$U68 -> 0 | AH68: =SUM(V68:AG68) -> 1806 | AI68: Lemon Mint | AJ68: =C68&" "&AI68&"" -> Al Hana Lemon Mint | AK68: =S68 -> 301 | AL68: =AH68 -> 1806 | AM68: =AL68/$AL$185 -> 0.00042931177
A69: 5124 | B69: الهنا علكه و نعنع 50غ | C69: Al Hana | D69: Gum Mint | E69: 50g | F69: =C69&" "&D69&" "&E69 -> Al Hana Gum Mint 50g | I69: 22 | J69: 39 | K69: 2 | L69: 14 | S69: =SUM(G69:R69) -> 77 | T69: =F69 -> Al Hana Gum Mint 50g | U69: 6 | V69: =G69*$U69 -> 0 | W69: =H69*$U69 -> 0 | X69: =I69*$U69 -> 132 | Y69: =J69*$U69 -> 234 | Z69: =K69*$U69 -> 12 | AA69: =L69*$U69 -> 84 | AB69: =M69*$U69 -> 0 | AC69: =N69*$U69 -> 0 | ... AG69: =R69*$U69 -> 0 | AH69: =SUM(V69:AG69) -> 462 | AI69: Gum | AJ69: =C69&" "&AI69&"" -> Al Hana Gum | AK69: =S69 -> 77 | AL69: =AH69 -> 462 | AM69: =AL69/$AL$185 -> 0.00010982394
A70: 5125 | B70: الهنا علكه و نعنع 250 غ | C70: Al Hana | D70: Gum Mint | E70: 250g | F70: =C70&" "&D70&" "&E70 -> Al Hana Gum Mint 250g | I70: 12 | J70: 13 | S70: =SUM(G70:R70) -> 25 | T70: =F70 -> Al Hana Gum Mint 250g | U70: 6 | V70: =G70*$U70 -> 0 | W70: =H70*$U70 -> 0 | X70: =I70*$U70 -> 72 | Y70: =J70*$U70 -> 78 | Z70: =K70*$U70 -> 0 | AA70: =L70*$U70 -> 0 | AB70: =M70*$U70 -> 0 | AC70: =N70*$U70 -> 0 | ... AG70: =R70*$U70 -> 0 | AH70: =SUM(V70:AG70) -> 150 | AI70: Gum | AJ70: =C70&" "&AI70&"" -> Al Hana Gum | AK70: =S70 -> 25 | AL70: =AH70 -> 150 | AM70: =AL70/$AL$185 -> 3.5657124e-05
A71: 5126 | B71: الهنا عنب و نعنع 50غ | C71: Al Hana | D71: Grapes Mint | E71: 50g | F71: =C71&" "&D71&" "&E71 -> Al Hana Grapes Mint 50g | I71: 37 | J71: 35 | K71: 3 | L71: 112 | S71: =SUM(G71:R71) -> 187 | T71: =F71 -> Al Hana Grapes Mint 50g | U71: 6 | V71: =G71*$U71 -> 0 | W71: =H71*$U71 -> 0 | X71: =I71*$U71 -> 222 | Y71: =J71*$U71 -> 210 | Z71: =K71*$U71 -> 18 | AA71: =L71*$U71 -> 672 | AB71: =M71*$U71 -> 0 | AC71: =N71*$U71 -> 0 | ... AG71: =R71*$U71 -> 0 | AH71: =SUM(V71:AG71) -> 1122 | AI71: Grapes Mint | AJ71: =C71&" "&AI71&"" -> Al Hana Grapes Mint | AK71: =S71 -> 187 | AL71: =AH71 -> 1122 | AM71: =AL71/$AL$185 -> 0.00026671529
A72: 5127 | B72: الهنا عنب و نعنع 250غ | C72: Al Hana | D72: Grapes Mint | E72: 250g | F72: =C72&" "&D72&" "&E72 -> Al Hana Grapes Mint 250g | S72: =SUM(G72:R72) -> 0 | T72: =F72 -> Al Hana Grapes Mint 250g | U72: 6 | V72: =G72*$U72 -> 0 | W72: =H72*$U72 -> 0 | X72: =I72*$U72 -> 0 | Y72: =J72*$U72 -> 0 | Z72: =K72*$U72 -> 0 | AA72: =L72*$U72 -> 0 | AB72: =M72*$U72 -> 0 | AC72: =N72*$U72 -> 0 | ... AG72: =R72*$U72 -> 0 | AH72: =SUM(V72:AG72) -> 0 | AI72: Grapes Mint | AJ72: =C72&" "&AI72&"" -> Al Hana Grapes Mint | AK72: =S72 -> 0 | AL72: =AH72 -> 0 | AM72: =AL72/$AL$185 -> 0
A73: 5128 | B73: الهنا سامر فايب 50غ | C73: Al Hana | D73: Summer Vape | E73: 50g | F73: =C73&" "&D73&" "&E73 -> Al Hana Summer Vape 50g | I73: 22 | J73: 25 | L73: 38 | S73: =SUM(G73:R73) -> 85 | T73: =F73 -> Al Hana Summer Vape 50g | U73: 6 | V73: =G73*$U73 -> 0 | W73: =H73*$U73 -> 0 | X73: =I73*$U73 -> 132 | Y73: =J73*$U73 -> 150 | Z73: =K73*$U73 -> 0 | AA73: =L73*$U73 -> 228 | AB73: =M73*$U73 -> 0 | AC73: =N73*$U73 -> 0 | ... AG73: =R73*$U73 -> 0 | AH73: =SUM(V73:AG73) -> 510 | AI73: Other Flavors | AJ73: =C73&" "&AI73&"" -> Al Hana Other Flavors | AK73: =S73 -> 85 | AL73: =AH73 -> 510 | AM73: =AL73/$AL$185 -> 0.00012123422
A74: 5129 | B74: الهنا سامر فايب 250 غ | C74: Al Hana | D74: Summer Vape | E74: 250g | F74: =C74&" "&D74&" "&E74 -> Al Hana Summer Vape 250g | S74: =SUM(G74:R74) -> 0 | T74: =F74 -> Al Hana Summer Vape 250g | U74: 6 | V74: =G74*$U74 -> 0 | W74: =H74*$U74 -> 0 | X74: =I74*$U74 -> 0 | Y74: =J74*$U74 -> 0 | Z74: =K74*$U74 -> 0 | AA74: =L74*$U74 -> 0 | AB74: =M74*$U74 -> 0 | AC74: =N74*$U74 -> 0 | ... AG74: =R74*$U74 -> 0 | AH74: =SUM(V74:AG74) -> 0 | AI74: Other Flavors | AJ74: =C74&" "&AI74&"" -> Al Hana Other Flavors | AK74: =S74 -> 0 | AL74: =AH74 -> 0 | AM74: =AL74/$AL$185 -> 0
A75: 5131 | B75: نخلة نعنع 50غ | C75: Nakhla | D75: Peach | E75: 50g | F75: =C75&" "&D75&" "&E75 -> Nakhla Peach 50g | S75: =SUM(G75:R75) -> 0 | T75: =F75 -> Nakhla Peach 50g | U75: 12.5 | V75: =G75*$U75 -> 0 | W75: =H75*$U75 -> 0 | X75: =I75*$U75 -> 0 | Y75: =J75*$U75 -> 0 | Z75: =K75*$U75 -> 0 | AA75: =L75*$U75 -> 0 | AB75: =M75*$U75 -> 0 | AC75: =N75*$U75 -> 0 | ... AG75: =R75*$U75 -> 0 | AH75: =SUM(V75:AG75) -> 0 | AI75: Other Flavors | AJ75: =C75&" "&AI75&"" -> Nakhla Other Flavors | AK75: =S75 -> 0 | AL75: =AH75 -> 0 | AM75: =AL75/$AL$185 -> 0
A76: 5132 | B76: نخلة حامض 50غ | C76: Nakhla | D76: Lemon | E76: 50g | F76: =C76&" "&D76&" "&E76 -> Nakhla Lemon 50g | H76: 76 | L76: 5 | N76: 3 | S76: =SUM(G76:R76) -> 84 | T76: =F76 -> Nakhla Lemon 50g | U76: 12.5 | V76: =G76*$U76 -> 0 | W76: =H76*$U76 -> 950 | X76: =I76*$U76 -> 0 | Y76: =J76*$U76 -> 0 | Z76: =K76*$U76 -> 0 | AA76: =L76*$U76 -> 62.5 | AB76: =M76*$U76 -> 0 | AC76: =N76*$U76 -> 37.5 | ... AG76: =R76*$U76 -> 0 | AH76: =SUM(V76:AG76) -> 1050 | AI76: Other Flavors | AJ76: =C76&" "&AI76&"" -> Nakhla Other Flavors | AK76: =S76 -> 84 | AL76: =AH76 -> 1050 | AM76: =AL76/$AL$185 -> 0.00024959987
A77: 5133 | B77: نخله ايس بطبخ و نعنع 50 | C77: Nakhla | D77: Ice Watermelon Mint | E77: 50g | F77: =C77&" "&D77&" "&E77 -> Nakhla Ice Watermelon Mint 50g | S77: =SUM(G77:R77) -> 0 | T77: =F77 -> Nakhla Ice Watermelon Mint 50g | U77: 12.5 | V77: =G77*$U77 -> 0 | W77: =H77*$U77 -> 0 | X77: =I77*$U77 -> 0 | Y77: =J77*$U77 -> 0 | Z77: =K77*$U77 -> 0 | AA77: =L77*$U77 -> 0 | AB77: =M77*$U77 -> 0 | AC77: =N77*$U77 -> 0 | ... AG77: =R77*$U77 -> 0 | AH77: =SUM(V77:AG77) -> 0 | AI77: Other Flavors | AJ77: =C77&" "&AI77&"" -> Nakhla Other Flavors | AK77: =S77 -> 0 | AL77: =AH77 -> 0 | AM77: =AL77/$AL$185 -> 0
A78: 5134 | B78: نخلة ايس تفاحتين و نعنع 50غ | C78: Nakhla | D78: Ice Two Apple Mint | E78: 50g | F78: =C78&" "&D78&" "&E78 -> Nakhla Ice Two Apple Mint 50g | S78: =SUM(G78:R78) -> 0 | T78: =F78 -> Nakhla Ice Two Apple Mint 50g | U78: 12.5 | V78: =G78*$U78 -> 0 | W78: =H78*$U78 -> 0 | X78: =I78*$U78 -> 0 | Y78: =J78*$U78 -> 0 | Z78: =K78*$U78 -> 0 | AA78: =L78*$U78 -> 0 | AB78: =M78*$U78 -> 0 | AC78: =N78*$U78 -> 0 | ... AG78: =R78*$U78 -> 0 | AH78: =SUM(V78:AG78) -> 0 | AI78: Two Apple | AJ78: =C78&" "&AI78&"" -> Nakhla Two Apple | AK78: =S78 -> 0 | AL78: =AH78 -> 0 | AM78: =AL78/$AL$185 -> 0
A79: 5135 | B79: نخلة نعنع 250غ | C79: Nakhla | D79: Mint | E79: 250g | F79: =C79&" "&D79&" "&E79 -> Nakhla Mint 250g | I79: 24 | S79: =SUM(G79:R79) -> 24 | T79: =F79 -> Nakhla Mint 250g | U79: 10 | V79: =G79*$U79 -> 0 | W79: =H79*$U79 -> 0 | X79: =I79*$U79 -> 240 | Y79: =J79*$U79 -> 0 | Z79: =K79*$U79 -> 0 | AA79: =L79*$U79 -> 0 | AB79: =M79*$U79 -> 0 | AC79: =N79*$U79 -> 0 | ... AG79: =R79*$U79 -> 0 | AH79: =SUM(V79:AG79) -> 240 | AI79: Mint | AJ79: =C79&" "&AI79&"" -> Nakhla Mint | AK79: =S79 -> 24 | AL79: =AH79 -> 240 | AM79: =AL79/$AL$185 -> 5.7051398e-05
A80: 5137 | B80: نخلة حامض 250غ | C80: Nakhla | D80: Lemon | E80: 250g | F80: =C80&" "&D80&" "&E80 -> Nakhla Lemon 250g | S80: =SUM(G80:R80) -> 0 | T80: =F80 -> Nakhla Lemon 250g | U80: 10 | V80: =G80*$U80 -> 0 | W80: =H80*$U80 -> 0 | X80: =I80*$U80 -> 0 | Y80: =J80*$U80 -> 0 | Z80: =K80*$U80 -> 0 | AA80: =L80*$U80 -> 0 | AB80: =M80*$U80 -> 0 | AC80: =N80*$U80 -> 0 | ... AG80: =R80*$U80 -> 0 | AH80: =SUM(V80:AG80) -> 0 | AI80: Other Flavors | AJ80: =C80&" "&AI80&"" -> Nakhla Other Flavors | AK80: =S80 -> 0 | AL80: =AH80 -> 0 | AM80: =AL80/$AL$185 -> 0
A81: 5138 | B81: نخلة عنب 1 كلغ | C81: Nakhla | D81: Grapes | E81: 1kg | F81: =C81&" "&D81&" "&E81 -> Nakhla Grapes 1kg | S81: =SUM(G81:R81) -> 0 | T81: =F81 -> Nakhla Grapes 1kg | U81: 10 | V81: =G81*$U81 -> 0 | W81: =H81*$U81 -> 0 | X81: =I81*$U81 -> 0 | Y81: =J81*$U81 -> 0 | Z81: =K81*$U81 -> 0 | AA81: =L81*$U81 -> 0 | AB81: =M81*$U81 -> 0 | AC81: =N81*$U81 -> 0 | ... AG81: =R81*$U81 -> 0 | AH81: =SUM(V81:AG81) -> 0 | AI81: Grapes | AJ81: =C81&" "&AI81&"" -> Nakhla Grapes | AK81: =S81 -> 0 | AL81: =AH81 -> 0 | AM81: =AL81/$AL$185 -> 0
A82: 5139 | B82: نخلة عنب 50غ | C82: Nakhla | D82: Grapes | E82: 50g | F82: =C82&" "&D82&" "&E82 -> Nakhla Grapes 50g | H82: 75 | I82: 75 | N82: 59 | S82: =SUM(G82:R82) -> 209 | T82: =F82 -> Nakhla Grapes 50g | U82: 12.5 | V82: =G82*$U82 -> 0 | W82: =H82*$U82 -> 937.5 | X82: =I82*$U82 -> 937.5 | Y82: =J82*$U82 -> 0 | Z82: =K82*$U82 -> 0 | AA82: =L82*$U82 -> 0 | AB82: =M82*$U82 -> 0 | AC82: =N82*$U82 -> 737.5 | ... AG82: =R82*$U82 -> 0 | AH82: =SUM(V82:AG82) -> 2612.5 | AI82: Grapes | AJ82: =C82&" "&AI82&"" -> Nakhla Grapes | AK82: =S82 -> 209 | AL82: =AH82 -> 2612.5 | AM82: =AL82/$AL$185 -> 0.00062102824
A83: 5140 | B83: نخله عنب 250غ | C83: Nakhla | D83: Grapes | E83: 250g | F83: =C83&" "&D83&" "&E83 -> Nakhla Grapes 250g | J83: 148 | N83: 9 | S83: =SUM(G83:R83) -> 157 | T83: =F83 -> Nakhla Grapes 250g | U83: 12.5 | V83: =G83*$U83 -> 0 | W83: =H83*$U83 -> 0 | X83: =I83*$U83 -> 0 | Y83: =J83*$U83 -> 1850 | Z83: =K83*$U83 -> 0 | AA83: =L83*$U83 -> 0 | AB83: =M83*$U83 -> 0 | AC83: =N83*$U83 -> 112.5 | ... AG83: =R83*$U83 -> 0 | AH83: =SUM(V83:AG83) -> 1962.5 | AI83: Grapes | AJ83: =C83&" "&AI83&"" -> Nakhla Grapes | AK83: =S83 -> 157 | AL83: =AH83 -> 1962.5 | AM83: =AL83/$AL$185 -> 0.00046651404
A84: 5145 | B84: نخله تفاحتين 50غ | C84: Nakhla | D84: Two Apple | E84: 50g | F84: =C84&" "&D84&" "&E84 -> Nakhla Two Apple 50g | M84: 8089 | N84: 10701 | O84: =3812+1951 -> 5763 | P84: 3698 | Q84: 4857 | R84: 264 | S84: =SUM(G84:R84) -> 33372 | T84: =F84 -> Nakhla Two Apple 50g | U84: 12.5 | V84: =G84*$U84 -> 0 | W84: =H84*$U84 -> 0 | X84: =I84*$U84 -> 0 | Y84: =J84*$U84 -> 0 | Z84: =K84*$U84 -> 0 | AA84: =L84*$U84 -> 0 | AB84: =M84*$U84 -> 101112.5 | AC84: =N84*$U84 -> 133762.5 | ... AG84: =R84*$U84 -> 3300 | AH84: =SUM(V84:AG84) -> 417150 | AI84: Two Apple | AJ84: =C84&" "&AI84&"" -> Nakhla Two Apple | AK84: =S84 -> 33372 | AL84: =AH84 -> 417150 | AM84: =AL84/$AL$185 -> 0.099162462
A85: 5146 | B85: نخله تفاحتين 250غ | C85: Nakhla | D85: Two Apple | E85: 250g | F85: =C85&" "&D85&" "&E85 -> Nakhla Two Apple 250g | M85: 12759 | N85: 16435 | O85: =4595+4373 -> 8968 | P85: 7770 | Q85: 5711 | R85: 2286 | S85: =SUM(G85:R85) -> 53929 | T85: =F85 -> Nakhla Two Apple 250g | U85: 10 | V85: =G85*$U85 -> 0 | W85: =H85*$U85 -> 0 | X85: =I85*$U85 -> 0 | Y85: =J85*$U85 -> 0 | Z85: =K85*$U85 -> 0 | AA85: =L85*$U85 -> 0 | AB85: =M85*$U85 -> 127590 | AC85: =N85*$U85 -> 164350 | ... AG85: =R85*$U85 -> 22860 | AH85: =SUM(V85:AG85) -> 539290 | AI85: Two Apple | AJ85: =C85&" "&AI85&"" -> Nakhla Two Apple | AK85: =S85 -> 53929 | AL85: =AH85 -> 539290 | AM85: =AL85/$AL$185 -> 0.12819687
A86: 5162 | B86: الهنا لوف 50 غ | C86: Al Hana | D86: Love | E86: 50g | F86: =C86&" "&D86&" "&E86 -> Al Hana Love 50g | S86: =SUM(G86:R86) -> 0 | T86: =F86 -> Al Hana Love 50g | U86: 6 | V86: =G86*$U86 -> 0 | W86: =H86*$U86 -> 0 | X86: =I86*$U86 -> 0 | Y86: =J86*$U86 -> 0 | Z86: =K86*$U86 -> 0 | AA86: =L86*$U86 -> 0 | AB86: =M86*$U86 -> 0 | AC86: =N86*$U86 -> 0 | ... AG86: =R86*$U86 -> 0 | AH86: =SUM(V86:AG86) -> 0 | AI86: Other Flavors | AJ86: =C86&" "&AI86&"" -> Al Hana Other Flavors | AK86: =S86 -> 0 | AL86: =AH86 -> 0 | AM86: =AL86/$AL$185 -> 0
A87: 5163 | B87: الهنا بلوبيري 50 غ | C87: Al Hana | D87: BlueBerry | E87: 50g | F87: =C87&" "&D87&" "&E87 -> Al Hana BlueBerry 50g | I87: 34 | J87: 19 | L87: 1 | S87: =SUM(G87:R87) -> 54 | T87: =F87 -> Al Hana BlueBerry 50g | U87: 6 | V87: =G87*$U87 -> 0 | W87: =H87*$U87 -> 0 | X87: =I87*$U87 -> 204 | Y87: =J87*$U87 -> 114 | Z87: =K87*$U87 -> 0 | AA87: =L87*$U87 -> 6 | AB87: =M87*$U87 -> 0 | AC87: =N87*$U87 -> 0 | ... AG87: =R87*$U87 -> 0 | AH87: =SUM(V87:AG87) -> 324 | AI87: Other Flavors | AJ87: =C87&" "&AI87&"" -> Al Hana Other Flavors | AK87: =S87 -> 54 | AL87: =AH87 -> 324 | AM87: =AL87/$AL$185 -> 7.7019388e-05
A88: 5304 | B88: الأسطورة تفاحتين بحريني 1 كلغ | C88: Al Ostoura | D88: Two Apple Bahraini | E88: 1kg | F88: =C88&" "&D88&" "&E88 -> Al Ostoura Two Apple Bahraini 1kg | H88: 15 | M88: 10 | O88: =2+3 -> 5 | P88: 1 | S88: =SUM(G88:R88) -> 31 | T88: =F88 -> Al Ostoura Two Apple Bahraini 1kg | U88: 6 | V88: =G88*$U88 -> 0 | W88: =H88*$U88 -> 90 | X88: =I88*$U88 -> 0 | Y88: =J88*$U88 -> 0 | Z88: =K88*$U88 -> 0 | AA88: =L88*$U88 -> 0 | AB88: =M88*$U88 -> 60 | AC88: =N88*$U88 -> 0 | ... AG88: =R88*$U88 -> 0 | AH88: =SUM(V88:AG88) -> 186 | AI88: Two Apple | AJ88: =C88&" "&AI88&"" -> Al Ostoura Two Apple | AK88: =S88 -> 31 | AL88: =AH88 -> 186 | AM88: =AL88/$AL$185 -> 4.4214834e-05
A89: 5305 | B89: الأسطورة برتقال 50غ | C89: Al Ostoura | D89: Orange | E89: 50g | F89: =C89&" "&D89&" "&E89 -> Al Ostoura Orange 50g | S89: =SUM(G89:R89) -> 0 | T89: =F89 -> Al Ostoura Orange 50g | U89: 6 | V89: =G89*$U89 -> 0 | W89: =H89*$U89 -> 0 | X89: =I89*$U89 -> 0 | Y89: =J89*$U89 -> 0 | Z89: =K89*$U89 -> 0 | AA89: =L89*$U89 -> 0 | AB89: =M89*$U89 -> 0 | AC89: =N89*$U89 -> 0 | ... AG89: =R89*$U89 -> 0 | AH89: =SUM(V89:AG89) -> 0 | AI89: Other Flavors | AJ89: =C89&" "&AI89&"" -> Al Ostoura Other Flavors | AK89: =S89 -> 0 | AL89: =AH89 -> 0 | AM89: =AL89/$AL$185 -> 0
A90: 5306 | B90: الأسطورة برتقال ونعنع 50غ | C90: Al Ostoura | D90: Orange & Mint | E90: 50g | F90: =C90&" "&D90&" "&E90 -> Al Ostoura Orange & Mint 50g | S90: =SUM(G90:R90) -> 0 | T90: =F90 -> Al Ostoura Orange & Mint 50g | U90: 6 | V90: =G90*$U90 -> 0 | W90: =H90*$U90 -> 0 | X90: =I90*$U90 -> 0 | Y90: =J90*$U90 -> 0 | Z90: =K90*$U90 -> 0 | AA90: =L90*$U90 -> 0 | AB90: =M90*$U90 -> 0 | AC90: =N90*$U90 -> 0 | ... AG90: =R90*$U90 -> 0 | AH90: =SUM(V90:AG90) -> 0 | AI90: Other Flavors | AJ90: =C90&" "&AI90&"" -> Al Ostoura Other Flavors | AK90: =S90 -> 0 | AL90: =AH90 -> 0 | AM90: =AL90/$AL$185 -> 0
A91: 5307 | B91: الأسطورة منغا 50غ | C91: Al Ostoura | D91: Mango | E91: 50g | F91: =C91&" "&D91&" "&E91 -> Al Ostoura Mango 50g | S91: =SUM(G91:R91) -> 0 | T91: =F91 -> Al Ostoura Mango 50g | U91: 6 | V91: =G91*$U91 -> 0 | W91: =H91*$U91 -> 0 | X91: =I91*$U91 -> 0 | Y91: =J91*$U91 -> 0 | Z91: =K91*$U91 -> 0 | AA91: =L91*$U91 -> 0 | AB91: =M91*$U91 -> 0 | AC91: =N91*$U91 -> 0 | ... AG91: =R91*$U91 -> 0 | AH91: =SUM(V91:AG91) -> 0 | AI91: Other Flavors | AJ91: =C91&" "&AI91&"" -> Al Ostoura Other Flavors | AK91: =S91 -> 0 | AL91: =AH91 -> 0 | AM91: =AL91/$AL$185 -> 0
A92: 5308 | B92: الأسطورة علكة 50غ | C92: Al Ostoura | D92: Gum | E92: 50g | F92: =C92&" "&D92&" "&E92 -> Al Ostoura Gum 50g | S92: =SUM(G92:R92) -> 0 | T92: =F92 -> Al Ostoura Gum 50g | U92: 6 | V92: =G92*$U92 -> 0 | W92: =H92*$U92 -> 0 | X92: =I92*$U92 -> 0 | Y92: =J92*$U92 -> 0 | Z92: =K92*$U92 -> 0 | AA92: =L92*$U92 -> 0 | AB92: =M92*$U92 -> 0 | AC92: =N92*$U92 -> 0 | ... AG92: =R92*$U92 -> 0 | AH92: =SUM(V92:AG92) -> 0 | AI92: Gum | AJ92: =C92&" "&AI92&"" -> Al Ostoura Gum | AK92: =S92 -> 0 | AL92: =AH92 -> 0 | AM92: =AL92/$AL$185 -> 0
A93: 5309 | B93: الأسطورة سوس 50غ | C93: Al Ostoura | D93: Liquorice | E93: 50g | F93: =C93&" "&D93&" "&E93 -> Al Ostoura Liquorice 50g | L93: 4 | M93: 2 | S93: =SUM(G93:R93) -> 6 | T93: =F93 -> Al Ostoura Liquorice 50g | U93: 6 | V93: =G93*$U93 -> 0 | W93: =H93*$U93 -> 0 | X93: =I93*$U93 -> 0 | Y93: =J93*$U93 -> 0 | Z93: =K93*$U93 -> 0 | AA93: =L93*$U93 -> 24 | AB93: =M93*$U93 -> 12 | AC93: =N93*$U93 -> 0 | ... AG93: =R93*$U93 -> 0 | AH93: =SUM(V93:AG93) -> 36 | AI93: Other Flavors | AJ93: =C93&" "&AI93&"" -> Al Ostoura Other Flavors | AK93: =S93 -> 6 | AL93: =AH93 -> 36 | AM93: =AL93/$AL$185 -> 8.5577097e-06
A94: 5310 | B94: الأسطورة لوف 50غ | C94: Al Ostoura | D94: Love | E94: 50g | F94: =C94&" "&D94&" "&E94 -> Al Ostoura Love 50g | S94: =SUM(G94:R94) -> 0 | T94: =F94 -> Al Ostoura Love 50g | U94: 6 | V94: =G94*$U94 -> 0 | W94: =H94*$U94 -> 0 | X94: =I94*$U94 -> 0 | Y94: =J94*$U94 -> 0 | Z94: =K94*$U94 -> 0 | AA94: =L94*$U94 -> 0 | AB94: =M94*$U94 -> 0 | AC94: =N94*$U94 -> 0 | ... AG94: =R94*$U94 -> 0 | AH94: =SUM(V94:AG94) -> 0 | AI94: Other Flavors | AJ94: =C94&" "&AI94&"" -> Al Ostoura Other Flavors | AK94: =S94 -> 0 | AL94: =AH94 -> 0 | AM94: =AL94/$AL$185 -> 0
A95: 5311 | B95: الأسطورة معسل أسود 50غ | C95: Al Ostoura | D95: Black | E95: 50g | F95: =C95&" "&D95&" "&E95 -> Al Ostoura Black 50g | S95: =SUM(G95:R95) -> 0 | T95: =F95 -> Al Ostoura Black 50g | U95: 6 | V95: =G95*$U95 -> 0 | W95: =H95*$U95 -> 0 | X95: =I95*$U95 -> 0 | Y95: =J95*$U95 -> 0 | Z95: =K95*$U95 -> 0 | AA95: =L95*$U95 -> 0 | AB95: =M95*$U95 -> 0 | AC95: =N95*$U95 -> 0 | ... AG95: =R95*$U95 -> 0 | AH95: =SUM(V95:AG95) -> 0 | AI95: Other Flavors | AJ95: =C95&" "&AI95&"" -> Al Ostoura Other Flavors | AK95: =S95 -> 0 | AL95: =AH95 -> 0 | AM95: =AL95/$AL$185 -> 0
A96: 5312 | B96: الأسطورة معسل أسود 250غ | C96: Al Ostoura | D96: Black | E96: 250g | F96: =C96&" "&D96&" "&E96 -> Al Ostoura Black 250g | S96: =SUM(G96:R96) -> 0 | T96: =F96 -> Al Ostoura Black 250g | U96: 6 | V96: =G96*$U96 -> 0 | W96: =H96*$U96 -> 0 | X96: =I96*$U96 -> 0 | Y96: =J96*$U96 -> 0 | Z96: =K96*$U96 -> 0 | AA96: =L96*$U96 -> 0 | AB96: =M96*$U96 -> 0 | AC96: =N96*$U96 -> 0 | ... AG96: =R96*$U96 -> 0 | AH96: =SUM(V96:AG96) -> 0 | AI96: Other Flavors | AJ96: =C96&" "&AI96&"" -> Al Ostoura Other Flavors | AK96: =S96 -> 0 | AL96: =AH96 -> 0 | AM96: =AL96/$AL$185 -> 0
A97: 5323 | B97: الأسطورة خمس تفاحات 50غ | C97: Al Ostoura | D97: Five Apple | E97: 50g | F97: =C97&" "&D97&" "&E97 -> Al Ostoura Five Apple 50g | G97: 54 | H97: 77 | I97: 11 | K97: 4 | L97: 5 | M97: 10 | O97: 5 | Q97: 2 | S97: =SUM(G97:R97) -> 168 | T97: =F97 -> Al Ostoura Five Apple 50g | U97: 6 | V97: =G97*$U97 -> 324 | W97: =H97*$U97 -> 462 | X97: =I97*$U97 -> 66 | Y97: =J97*$U97 -> 0 | Z97: =K97*$U97 -> 24 | AA97: =L97*$U97 -> 30 | AB97: =M97*$U97 -> 60 | AC97: =N97*$U97 -> 0 | ... AG97: =R97*$U97 -> 0 | AH97: =SUM(V97:AG97) -> 1008 | AI97: Two Apple | AJ97: =C97&" "&AI97&"" -> Al Ostoura Two Apple | AK97: =S97 -> 168 | AL97: =AH97 -> 1008 | AM97: =AL97/$AL$185 -> 0.00023961587
A98: 5324 | B98: الأسطورة خمس تفاحات 250غ | C98: Al Ostoura | D98: Five Apple | E98: 250g | F98: =C98&" "&D98&" "&E98 -> Al Ostoura Five Apple 250g | G98: 43 | H98: 33 | I98: 1 | K98: 3 | L98: 3 | N98: 2 | S98: =SUM(G98:R98) -> 85 | T98: =F98 -> Al Ostoura Five Apple 250g | U98: 6 | V98: =G98*$U98 -> 258 | W98: =H98*$U98 -> 198 | X98: =I98*$U98 -> 6 | Y98: =J98*$U98 -> 0 | Z98: =K98*$U98 -> 18 | AA98: =L98*$U98 -> 18 | AB98: =M98*$U98 -> 0 | AC98: =N98*$U98 -> 12 | ... AG98: =R98*$U98 -> 0 | AH98: =SUM(V98:AG98) -> 510 | AI98: Two Apple | AJ98: =C98&" "&AI98&"" -> Al Ostoura Two Apple | AK98: =S98 -> 85 | AL98: =AH98 -> 510 | AM98: =AL98/$AL$185 -> 0.00012123422
A99: 5325 | B99: الأسطورة تفاحتين 50غ | C99: Al Ostoura | D99: Two Apple | E99: 50g | F99: =C99&" "&D99&" "&E99 -> Al Ostoura Two Apple 50g | J99: 330 | K99: 203 | L99: 106 | M99: 110 | N99: 191 | O99: =73+112 -> 185 | P99: 95 | Q99: 37 | R99: 41 | S99: =SUM(G99:R99) -> 1298 | T99: =F99 -> Al Ostoura Two Apple 50g | U99: 6 | V99: =G99*$U99 -> 0 | W99: =H99*$U99 -> 0 | X99: =I99*$U99 -> 0 | Y99: =J99*$U99 -> 1980 | Z99: =K99*$U99 -> 1218 | AA99: =L99*$U99 -> 636 | AB99: =M99*$U99 -> 660 | AC99: =N99*$U99 -> 1146 | ... AG99: =R99*$U99 -> 246 | AH99: =SUM(V99:AG99) -> 7788 | AI99: Two Apple | AJ99: =C99&" "&AI99&"" -> Al Ostoura Two Apple | AK99: =S99 -> 1298 | AL99: =AH99 -> 7788 | AM99: =AL99/$AL$185 -> 0.0018513179
A100: 5326 | B100: الأسطورة خامض و نعنع 50غ | C100: Al Ostoura | D100: Lemon Mint | E100: 50g | F100: =C100&" "&D100&" "&E100 -> Al Ostoura Lemon Mint 50g | G100: 48 | H100: 64 | I100: 11 | J100: 9 | K100: 17 | L100: 14 | M100: 12 | N100: 6 | O100: =13+16 -> 29 | P100: 1 | Q100: 1 | S100: =SUM(G100:R100) -> 212 | T100: =F100 -> Al Ostoura Lemon Mint 50g | U100: 6 | V100: =G100*$U100 -> 288 | W100: =H100*$U100 -> 384 | X100: =I100*$U100 -> 66 | Y100: =J100*$U100 -> 54 | Z100: =K100*$U100 -> 102 | AA100: =L100*$U100 -> 84 | AB100: =M100*$U100 -> 72 | AC100: =N100*$U100 -> 36 | ... AG100: =R100*$U100 -> 0 | AH100: =SUM(V100:AG100) -> 1272 | AI100: Lemon Mint | AJ100: =C100&" "&AI100&"" -> Al Ostoura Lemon Mint | AK100: =S100 -> 212 | AL100: =AH100 -> 1272 | AM100: =AL100/$AL$185 -> 0.00030237241
...

Sheet Regie Sales 2023
A1: Item | B1: Supplier | C1: Flavor | D1: Format | E1: SKU | F1: Jan | G1: Feb | H1: March | I1: Apr | J1: May | K1: June | L1: July | M1: Aug | N1: Sep | O1: Oct | P1: Nov | Q1: Dec | R1: Total | S1: SKU | T1: Weight/MasterCase | U1: Jan | V1: Feb | W1: March | X1: Apr | Y1: May | Z1: June | AA1: July | AB1: Aug | AC1: Sep | AD1: Oct | AE1: Nov | AF1: Dec | AG1: Total | AH1: Flavors | AI1: Flavors | AJ1: MasterCase | AK1: KG | AL1: Share KG %
A2: 6111 | B2: Al Basha | C2: Two Apple | D2: 250g | E2: Basha Two Apple 250g | F2: 381 | G2: 244 | H2: 276 | I2: 133 | J2: 170 | K2: 23 | L2: 78 | N2: 428 | O2: 87 | P2: 0 | Q2: 90 | R2: =SUM(F2:Q2) -> 1910 | S2: =E2 -> Basha Two Apple 250g | T2: 10 | U2: =F2*$T2 -> 3810 | V2: =G2*$T2 -> 2440 | W2: =H2*$T2 -> 2760 | X2: =I2*$T2 -> 1330 | Y2: =J2*$T2 -> 1700 | Z2: =K2*$T2 -> 230 | AA2: =L2*$T2 -> 780 | AB2: =M2*$T2 -> 0 | ... AF2: =Q2*$T2 -> 900 | AG2: =SUM(U2:AF2) -> 19100 | AH2: Two Apple | AI2: =B2&" "&AH2&"" -> Al Basha Two Apple | AJ2: =R2 -> 1910 | AK2: =AG2 -> 19100 | AL2: =AG2/$AG$126 -> 0.0042350262
A3: 6113 | B3: Al Basha | C3: Lemon Mint | D3: 250g | E3: Basha Two Apple 250g | K3: 400 | L3: 51 | N3: 151 | O3: 127 | P3: 150 | Q3: 310 | R3: =SUM(F3:Q3) -> 1189 | S3: =E3 -> Basha Two Apple 250g | T3: 10 | U3: =F3*$T3 -> 0 | V3: =G3*$T3 -> 0 | W3: =H3*$T3 -> 0 | X3: =I3*$T3 -> 0 | Y3: =J3*$T3 -> 0 | Z3: =K3*$T3 -> 4000 | AA3: =L3*$T3 -> 510 | AB3: =M3*$T3 -> 0 | ... AF3: =Q3*$T3 -> 3100 | AG3: =SUM(U3:AF3) -> 11890 | AH3: Lemon Mint | AI3: =B3&" "&AH3&"" -> Al Basha Lemon Mint | AJ3: =R3 -> 1189 | AK3: =AG3 -> 11890 | AL3: =AG3/$AG$126 -> 0.0026363593
A4: 6112 | B4: Al Basha | C4: Two Apple | D4: 1kg | E4: Basha Two Apple 1000g | F4: 343 | G4: 201 | H4: 44 | I4: 45 | J4: 160 | K4: 33 | L4: 142 | N4: 125 | O4: 80 | P4: 0 | Q4: 150 | R4: =SUM(F4:Q4) -> 1323 | S4: =E4 -> Basha Two Apple 1000g | T4: 10 | U4: =F4*$T4 -> 3430 | V4: =G4*$T4 -> 2010 | W4: =H4*$T4 -> 440 | X4: =I4*$T4 -> 450 | Y4: =J4*$T4 -> 1600 | Z4: =K4*$T4 -> 330 | AA4: =L4*$T4 -> 1420 | AB4: =M4*$T4 -> 0 | ... AF4: =Q4*$T4 -> 1500 | AG4: =SUM(U4:AF4) -> 13230 | AH4: Two Apple | AI4: =B4&" "&AH4&"" -> Al Basha Two Apple | AJ4: =R4 -> 1323 | AK4: =AG4 -> 13230 | AL4: =AG4/$AG$126 -> 0.0029334763
A5: 6120 | B5: Al Fakher | C5: Grape Mint | D5: 1kg | E5: =B5&" "&C5&" "&D5 -> Al Fakher Grape Mint 1kg | F5: 121 | J5: 841 | K5: 233 | L5: 499 | M5: 348 | N5: 594 | O5: 596 | P5: 250 | Q5: 306 | R5: =SUM(F5:Q5) -> 3788 | S5: =E5 -> Al Fakher Grape Mint 1kg | T5: 6 | U5: =F5*$T5 -> 726 | V5: =G5*$T5 -> 0 | W5: =H5*$T5 -> 0 | X5: =I5*$T5 -> 0 | Y5: =J5*$T5 -> 5046 | Z5: =K5*$T5 -> 1398 | AA5: =L5*$T5 -> 2994 | AB5: =M5*$T5 -> 2088 | ... AF5: =Q5*$T5 -> 1836 | AG5: =SUM(U5:AF5) -> 22728 | AH5: Grape Mint | AI5: =B5&" "&AH5&"" -> Al Fakher Grape Mint | AJ5: =R5 -> 3788 | AK5: =AG5 -> 22728 | AL5: =AG5/$AG$126 -> 0.0050394595
A6: 6121 | B6: Al Fakher | C6: Grapes | D6: 1kg | E6: =B6&" "&C6&" "&D6 -> Al Fakher Grapes 1kg | F6: 229 | J6: 926 | K6: 0 | L6: 934 | M6: 542 | N6: 367 | O6: 0 | P6: 0 | Q6: 0 | R6: =SUM(F6:Q6) -> 2998 | S6: =E6 -> Al Fakher Grapes 1kg | T6: 6 | U6: =F6*$T6 -> 1374 | V6: =G6*$T6 -> 0 | W6: =H6*$T6 -> 0 | X6: =I6*$T6 -> 0 | Y6: =J6*$T6 -> 5556 | Z6: =K6*$T6 -> 0 | AA6: =L6*$T6 -> 5604 | AB6: =M6*$T6 -> 3252 | ... AF6: =Q6*$T6 -> 0 | AG6: =SUM(U6:AF6) -> 17988 | AH6: Grapes | AI6: =B6&" "&AH6&"" -> Al Fakher Grapes | AJ6: =R6 -> 2998 | AK6: =AG6 -> 17988 | AL6: =AG6/$AG$126 -> 0.0039884634
A7: 6122 | B7: Al Fakher | C7: Lemon Mint | D7: 1kg | E7: =B7&" "&C7&" "&D7 -> Al Fakher Lemon Mint 1kg | F7: 298 | G7: 339 | H7: 87 | I7: 82 | J7: 67 | K7: 90 | L7: 285 | M7: 220 | N7: 406 | O7: 350 | P7: 376 | Q7: 354 | R7: =SUM(F7:Q7) -> 2954 | S7: =E7 -> Al Fakher Lemon Mint 1kg | T7: 6 | U7: =F7*$T7 -> 1788 | V7: =G7*$T7 -> 2034 | W7: =H7*$T7 -> 522 | X7: =I7*$T7 -> 492 | Y7: =J7*$T7 -> 402 | Z7: =K7*$T7 -> 540 | AA7: =L7*$T7 -> 1710 | AB7: =M7*$T7 -> 1320 | ... AF7: =Q7*$T7 -> 2124 | AG7: =SUM(U7:AF7) -> 17724 | AH7: Lemon Mint | AI7: =B7&" "&AH7&"" -> Al Fakher Lemon Mint | AJ7: =R7 -> 2954 | AK7: =AG7 -> 17724 | AL7: =AG7/$AG$126 -> 0.0039299269
A8: 6123 | B8: Al Fakher | C8: Mint | D8: 1kg | E8: =B8&" "&C8&" "&D8 -> Al Fakher Mint 1kg | F8: 406 | G8: 260 | J8: 470 | K8: 110 | L8: 571 | M8: 236 | N8: 417 | O8: 190 | P8: 60 | Q8: 82 | R8: =SUM(F8:Q8) -> 2802 | S8: =E8 -> Al Fakher Mint 1kg | T8: 6 | U8: =F8*$T8 -> 2436 | V8: =G8*$T8 -> 1560 | W8: =H8*$T8 -> 0 | X8: =I8*$T8 -> 0 | Y8: =J8*$T8 -> 2820 | Z8: =K8*$T8 -> 660 | AA8: =L8*$T8 -> 3426 | AB8: =M8*$T8 -> 1416 | ... AF8: =Q8*$T8 -> 492 | AG8: =SUM(U8:AF8) -> 16812 | AH8: Mint | AI8: =B8&" "&AH8&"" -> Al Fakher Mint | AJ8: =R8 -> 2802 | AK8: =AG8 -> 16812 | AL8: =AG8/$AG$126 -> 0.00372771
A9: 6124 | B9: Al Fakher | C9: Two Apple | D9: 1kg | E9: =B9&" "&C9&" "&D9 -> Al Fakher Two Apple 1kg | F9: 1462 | H9: 1568 | I9: 2726 | J9: 2421 | K9: 1905 | L9: 3040 | M9: 2761 | N9: 5556 | O9: 3884 | P9: 3575 | Q9: 0 | R9: =SUM(F9:Q9) -> 28898 | S9: =E9 -> Al Fakher Two Apple 1kg | T9: 6 | U9: =F9*$T9 -> 8772 | V9: =G9*$T9 -> 0 | W9: =H9*$T9 -> 9408 | X9: =I9*$T9 -> 16356 | Y9: =J9*$T9 -> 14526 | Z9: =K9*$T9 -> 11430 | AA9: =L9*$T9 -> 18240 | AB9: =M9*$T9 -> 16566 | ... AF9: =Q9*$T9 -> 0 | AG9: =SUM(U9:AF9) -> 173388 | AH9: Two Apple | AI9: =B9&" "&AH9&"" -> Al Fakher Two Apple | AJ9: =R9 -> 28898 | AK9: =AG9 -> 173388 | AL9: =AG9/$AG$126 -> 0.038445169
A10: 6125 | B10: Al Fakher | C10: Grape Mint | D10: 250g | E10: =B10&" "&C10&" "&D10 -> Al Fakher Grape Mint 250g | F10: 432 | G10: 118 | J10: 426 | K10: 0 | L10: 220 | M10: 142 | N10: 125 | O10: 148 | P10: 83 | Q10: 273 | R10: =SUM(F10:Q10) -> 1967 | S10: =E10 -> Al Fakher Grape Mint 250g | T10: 6 | U10: =F10*$T10 -> 2592 | V10: =G10*$T10 -> 708 | W10: =H10*$T10 -> 0 | X10: =I10*$T10 -> 0 | Y10: =J10*$T10 -> 2556 | Z10: =K10*$T10 -> 0 | AA10: =L10*$T10 -> 1320 | AB10: =M10*$T10 -> 852 | ... AF10: =Q10*$T10 -> 1638 | AG10: =SUM(U10:AF10) -> 11802 | AH10: Grape Mint | AI10: =B10&" "&AH10&"" -> Al Fakher Grape Mint | AJ10: =R10 -> 1967 | AK10: =AG10 -> 11802 | AL10: =AG10/$AG$126 -> 0.0026168471
A11: 6126 | B11: Al Fakher | C11: Grapes | D11: 250g | E11: =B11&" "&C11&" "&D11 -> Al Fakher Grapes 250g | F11: 308 | G11: 583 | H11: 144 | I11: 84 | J11: 0 | K11: 0 | L11: 312 | M11: 104 | N11: 149 | O11: 325 | P11: 187 | Q11: 325 | R11: =SUM(F11:Q11) -> 2521 | S11: =E11 -> Al Fakher Grapes 250g | T11: 6 | U11: =F11*$T11 -> 1848 | V11: =G11*$T11 -> 3498 | W11: =H11*$T11 -> 864 | X11: =I11*$T11 -> 504 | Y11: =J11*$T11 -> 0 | Z11: =K11*$T11 -> 0 | AA11: =L11*$T11 -> 1872 | AB11: =M11*$T11 -> 624 | ... AF11: =Q11*$T11 -> 1950 | AG11: =SUM(U11:AF11) -> 15126 | AH11: Grapes | AI11: =B11&" "&AH11&"" -> Al Fakher Grapes | AJ11: =R11 -> 2521 | AK11: =AG11 -> 15126 | AL11: =AG11/$AG$126 -> 0.0033538747
A12: 6127 | B12: Al Fakher | C12: Lemon Mint | D12: 250g | E12: =B12&" "&C12&" "&D12 -> Al Fakher Lemon Mint 250g | F12: 344 | G12: 164 | H12: 95 | I12: 77 | J12: 115 | K12: 86 | L12: 191 | M12: 192 | N12: 179 | O12: 115 | P12: 196 | Q12: 242 | R12: =SUM(F12:Q12) -> 1996 | S12: =E12 -> Al Fakher Lemon Mint 250g | T12: 6 | U12: =F12*$T12 -> 2064 | V12: =G12*$T12 -> 984 | W12: =H12*$T12 -> 570 | X12: =I12*$T12 -> 462 | Y12: =J12*$T12 -> 690 | Z12: =K12*$T12 -> 516 | AA12: =L12*$T12 -> 1146 | AB12: =M12*$T12 -> 1152 | ... AF12: =Q12*$T12 -> 1452 | AG12: =SUM(U12:AF12) -> 11976 | AH12: Lemon Mint | AI12: =B12&" "&AH12&"" -> Al Fakher Lemon Mint | AJ12: =R12 -> 1996 | AK12: =AG12 -> 11976 | AL12: =AG12/$AG$126 -> 0.002655428
A13: 6128 | B13: Al Fakher | C13: Two Apple | D13: 250g | E13: =B13&" "&C13&" "&D13 -> Al Fakher Two Apple 250g | F13: 2366 | G13: 22 | H13: 87 | I13: 2582 | J13: 2031 | K13: 1245 | L13: 2704 | M13: 2998 | N13: =3401-87 -> 3314 | O13: 3003 | P13: 0 | Q13: 0 | R13: =SUM(F13:Q13) -> 20352 | S13: =E13 -> Al Fakher Two Apple 250g | T13: 6 | U13: =F13*$T13 -> 14196 | V13: =G13*$T13 -> 132 | W13: =H13*$T13 -> 522 | X13: =I13*$T13 -> 15492 | Y13: =J13*$T13 -> 12186 | Z13: =K13*$T13 -> 7470 | AA13: =L13*$T13 -> 16224 | AB13: =M13*$T13 -> 17988 | ... AF13: =Q13*$T13 -> 0 | AG13: =SUM(U13:AF13) -> 122112 | AH13: Two Apple | AI13: =B13&" "&AH13&"" -> Al Fakher Two Apple | AJ13: =R13 -> 20352 | AK13: =AG13 -> 122112 | AL13: =AG13/$AG$126 -> 0.027075786
A14: 6129 | B14: Al Fakher | C14: Blueberry Mint | D14: 50g | E14: =B14&" "&C14&" "&D14 -> Al Fakher Blueberry Mint 50g | H14: 37 | I14: 15 | J14: 2 | K14: 8 | L14: 39 | M14: 41 | N14: 0 | O14: 10 | P14: 3 | Q14: 38 | R14: =SUM(F14:Q14) -> 193 | S14: =E14 -> Al Fakher Blueberry Mint 50g | T14: 6 | U14: =F14*$T14 -> 0 | V14: =G14*$T14 -> 0 | W14: =H14*$T14 -> 222 | X14: =I14*$T14 -> 90 | Y14: =J14*$T14 -> 12 | Z14: =K14*$T14 -> 48 | AA14: =L14*$T14 -> 234 | AB14: =M14*$T14 -> 246 | ... AF14: =Q14*$T14 -> 228 | AG14: =SUM(U14:AF14) -> 1158 | AH14: Other Flavors | AI14: =B14&" "&AH14&"" -> Al Fakher Other Flavors | AJ14: =R14 -> 193 | AK14: =AG14 -> 1158 | AL14: =AG14/$AG$126 -> 0.00025676232
A15: 6130 | B15: Al Fakher | C15: Blueberry | D15: 50g | E15: =B15&" "&C15&" "&D15 -> Al Fakher Blueberry 50g | F15: 144 | G15: 23 | H15: 0 | I15: 72 | J15: 39 | K15: 15 | L15: 104 | M15: 29 | N15: 74 | O15: 21 | P15: 52 | Q15: 97 | R15: =SUM(F15:Q15) -> 670 | S15: =E15 -> Al Fakher Blueberry 50g | T15: 6 | U15: =F15*$T15 -> 864 | V15: =G15*$T15 -> 138 | W15: =H15*$T15 -> 0 | X15: =I15*$T15 -> 432 | Y15: =J15*$T15 -> 234 | Z15: =K15*$T15 -> 90 | AA15: =L15*$T15 -> 624 | AB15: =M15*$T15 -> 174 | ... AF15: =Q15*$T15 -> 582 | AG15: =SUM(U15:AF15) -> 4020 | AH15: Other Flavors | AI15: =B15&" "&AH15&"" -> Al Fakher Other Flavors | AJ15: =R15 -> 670 | AK15: =AG15 -> 4020 | AL15: =AG15/$AG$126 -> 0.00089135107
A16: 6131 | B16: Al Fakher | C16: Buble Gum | D16: 50g | E16: =B16&" "&C16&" "&D16 -> Al Fakher Buble Gum 50g | I16: 34 | J16: 0 | K16: 2 | L16: 34 | M16: 11 | N16: 2 | O16: 5 | P16: 29 | Q16: 1 | R16: =SUM(F16:Q16) -> 118 | S16: =E16 -> Al Fakher Buble Gum 50g | T16: 6 | U16: =F16*$T16 -> 0 | V16: =G16*$T16 -> 0 | W16: =H16*$T16 -> 0 | X16: =I16*$T16 -> 204 | Y16: =J16*$T16 -> 0 | Z16: =K16*$T16 -> 12 | AA16: =L16*$T16 -> 204 | AB16: =M16*$T16 -> 66 | ... AF16: =Q16*$T16 -> 6 | AG16: =SUM(U16:AF16) -> 708 | AH16: Gum | AI16: =B16&" "&AH16&"" -> Al Fakher Gum | AJ16: =R16 -> 118 | AK16: =AG16 -> 708 | AL16: =AG16/$AG$126 -> 0.00015698422
A17: 6132 | B17: Al Fakher | C17: Grape Mint | D17: 50g | E17: =B17&" "&C17&" "&D17 -> Al Fakher Grape Mint 50g | F17: 663 | G17: 5 | H17: 120 | I17: 198 | J17: 156 | K17: 182 | L17: 335 | M17: 167 | N17: 236 | O17: 106 | P17: 146 | Q17: 280 | R17: =SUM(F17:Q17) -> 2594 | S17: =E17 -> Al Fakher Grape Mint 50g | T17: 6 | U17: =F17*$T17 -> 3978 | V17: =G17*$T17 -> 30 | W17: =H17*$T17 -> 720 | X17: =I17*$T17 -> 1188 | Y17: =J17*$T17 -> 936 | Z17: =K17*$T17 -> 1092 | AA17: =L17*$T17 -> 2010 | AB17: =M17*$T17 -> 1002 | ... AF17: =Q17*$T17 -> 1680 | AG17: =SUM(U17:AF17) -> 15564 | AH17: Grape Mint | AI17: =B17&" "&AH17&"" -> Al Fakher Grape Mint | AJ17: =R17 -> 2594 | AK17: =AG17 -> 15564 | AL17: =AG17/$AG$126 -> 0.003450992
A18: 6133 | B18: Al Fakher | C18: Grapes | D18: 50g | E18: =B18&" "&C18&" "&D18 -> Al Fakher Grapes 50g | F18: 523 | G18: 32 | H18: 87 | I18: 173 | J18: 160 | K18: 140 | L18: 433 | M18: 224 | N18: 266 | O18: 214 | P18: 249 | Q18: 364 | R18: =SUM(F18:Q18) -> 2865 | S18: =E18 -> Al Fakher Grapes 50g | T18: 6 | U18: =F18*$T18 -> 3138 | V18: =G18*$T18 -> 192 | W18: =H18*$T18 -> 522 | X18: =I18*$T18 -> 1038 | Y18: =J18*$T18 -> 960 | Z18: =K18*$T18 -> 840 | AA18: =L18*$T18 -> 2598 | AB18: =M18*$T18 -> 1344 | ... AF18: =Q18*$T18 -> 2184 | AG18: =SUM(U18:AF18) -> 17190 | AH18: Grapes | AI18: =B18&" "&AH18&"" -> Al Fakher Grapes | AJ18: =R18 -> 2865 | AK18: =AG18 -> 17190 | AL18: =AG18/$AG$126 -> 0.0038115236
A19: 6134 | B19: Al Fakher | C19: Gum Mustek | D19: 50g | E19: =B19&" "&C19&" "&D19 -> Al Fakher Gum Mustek 50g | I19: 18 | J19: 0 | K19: 4 | L19: 30 | M19: 5 | N19: 50 | O19: 12 | P19: 16 | Q19: 6 | R19: =SUM(F19:Q19) -> 141 | S19: =E19 -> Al Fakher Gum Mustek 50g | T19: 6 | U19: =F19*$T19 -> 0 | V19: =G19*$T19 -> 0 | W19: =H19*$T19 -> 0 | X19: =I19*$T19 -> 108 | Y19: =J19*$T19 -> 0 | Z19: =K19*$T19 -> 24 | AA19: =L19*$T19 -> 180 | AB19: =M19*$T19 -> 30 | ... AF19: =Q19*$T19 -> 36 | AG19: =SUM(U19:AF19) -> 846 | AH19: Gum | AI19: =B19&" "&AH19&"" -> Al Fakher Gum | AJ19: =R19 -> 141 | AK19: =AG19 -> 846 | AL19: =AG19/$AG$126 -> 0.00018758284
A20: 6135 | B20: Al Fakher | C20: Gum Mint | D20: 50g | E20: =B20&" "&C20&" "&D20 -> Al Fakher Gum Mint 50g | H20: 52 | I20: 43 | J20: 53 | K20: 35 | L20: 68 | M20: 54 | N20: 49 | O20: 66 | P20: 60 | Q20: 34 | R20: =SUM(F20:Q20) -> 514 | S20: =E20 -> Al Fakher Gum Mint 50g | T20: 6 | U20: =F20*$T20 -> 0 | V20: =G20*$T20 -> 0 | W20: =H20*$T20 -> 312 | X20: =I20*$T20 -> 258 | Y20: =J20*$T20 -> 318 | Z20: =K20*$T20 -> 210 | AA20: =L20*$T20 -> 408 | AB20: =M20*$T20 -> 324 | ... AF20: =Q20*$T20 -> 204 | AG20: =SUM(U20:AF20) -> 3084 | AH20: Gum | AI20: =B20&" "&AH20&"" -> Al Fakher Gum | AJ20: =R20 -> 514 | AK20: =AG20 -> 3084 | AL20: =AG20/$AG$126 -> 0.00068381261
A21: 6136 | B21: Al Fakher | C21: Gum | D21: 50g | E21: =B21&" "&C21&" "&D21 -> Al Fakher Gum 50g | I21: 5 | J21: 46 | K21: 32 | L21: 54 | M21: 5 | N21: 34 | O21: 10 | P21: 29 | Q21: 3 | R21: =SUM(F21:Q21) -> 218 | S21: =E21 -> Al Fakher Gum 50g | T21: 6 | U21: =F21*$T21 -> 0 | V21: =G21*$T21 -> 0 | W21: =H21*$T21 -> 0 | X21: =I21*$T21 -> 30 | Y21: =J21*$T21 -> 276 | Z21: =K21*$T21 -> 192 | AA21: =L21*$T21 -> 324 | AB21: =M21*$T21 -> 30 | ... AF21: =Q21*$T21 -> 18 | AG21: =SUM(U21:AF21) -> 1308 | AH21: Gum | AI21: =B21&" "&AH21&"" -> Al Fakher Gum | AJ21: =R21 -> 218 | AK21: =AG21 -> 1308 | AL21: =AG21/$AG$126 -> 0.00029002169
A22: 6137 | B22: Al Fakher | C22: Lemon Mint | D22: 50g | E22: =B22&" "&C22&" "&D22 -> Al Fakher Lemon Mint 50g | F22: 295 | H22: 138 | I22: 145 | J22: 269 | K22: 238 | L22: 259 | M22: 226 | N22: 198 | O22: 211 | P22: 203 | Q22: 143 | R22: =SUM(F22:Q22) -> 2325 | S22: =E22 -> Al Fakher Lemon Mint 50g | T22: 6 | U22: =F22*$T22 -> 1770 | V22: =G22*$T22 -> 0 | W22: =H22*$T22 -> 828 | X22: =I22*$T22 -> 870 | Y22: =J22*$T22 -> 1614 | Z22: =K22*$T22 -> 1428 | AA22: =L22*$T22 -> 1554 | AB22: =M22*$T22 -> 1356 | ... AF22: =Q22*$T22 -> 858 | AG22: =SUM(U22:AF22) -> 13950 | AH22: Lemon Mint | AI22: =B22&" "&AH22&"" -> Al Fakher Lemon Mint | AJ22: =R22 -> 2325 | AK22: =AG22 -> 13950 | AL22: =AG22/$AG$126 -> 0.0030931212
A23: 6138 | B23: Al Fakher | C23: Magic Love | D23: 50g | E23: =B23&" "&C23&" "&D23 -> Al Fakher Magic Love 50g | I23: 156 | J23: 82 | K23: 11 | L23: 109 | M23: 96 | N23: =161-4 -> 157 | O23: 35 | P23: 46 | Q23: 40 | R23: =SUM(F23:Q23) -> 732 | S23: =E23 -> Al Fakher Magic Love 50g | T23: 6 | U23: =F23*$T23 -> 0 | V23: =G23*$T23 -> 0 | W23: =H23*$T23 -> 0 | X23: =I23*$T23 -> 936 | Y23: =J23*$T23 -> 492 | Z23: =K23*$T23 -> 66 | AA23: =L23*$T23 -> 654 | AB23: =M23*$T23 -> 576 | ... AF23: =Q23*$T23 -> 240 | AG23: =SUM(U23:AF23) -> 4392 | AH23: Other Flavors | AI23: =B23&" "&AH23&"" -> Al Fakher Other Flavors | AJ23: =R23 -> 732 | AK23: =AG23 -> 4392 | AL23: =AG23/$AG$126 -> 0.0009738343
A24: 6139 | B24: Al Fakher | C24: Mint | D24: 50g | E24: =B24&" "&C24&" "&D24 -> Al Fakher Mint 50g | F24: 83 | H24: 492 | I24: 162 | J24: 158 | K24: 145 | L24: 376 | M24: 261 | N24: 328 | O24: 202 | P24: 243 | Q24: 381 | R24: =SUM(F24:Q24) -> 2831 | S24: =E24 -> Al Fakher Mint 50g | T24: 6 | U24: =F24*$T24 -> 498 | V24: =G24*$T24 -> 0 | W24: =H24*$T24 -> 2952 | X24: =I24*$T24 -> 972 | Y24: =J24*$T24 -> 948 | Z24: =K24*$T24 -> 870 | AA24: =L24*$T24 -> 2256 | AB24: =M24*$T24 -> 1566 | ... AF24: =Q24*$T24 -> 2286 | AG24: =SUM(U24:AF24) -> 16986 | AH24: Mint | AI24: =B24&" "&AH24&"" -> Al Fakher Mint | AJ24: =R24 -> 2831 | AK24: =AG24 -> 16986 | AL24: =AG24/$AG$126 -> 0.0037662909
A25: 6140 | B25: Al Fakher | C25: Two Apple | D25: 50g | E25: =B25&" "&C25&" "&D25 -> Al Fakher Two Apple 50g | F25: 164 | G25: 6510 | H25: 8610 | I25: 5216 | J25: 2636 | K25: 2716 | L25: 7680 | M25: 7322 | N25: 9291 | O25: 7743 | P25: 6334 | Q25: 10531 | R25: =SUM(F25:Q25) -> 74753 | S25: =E25 -> Al Fakher Two Apple 50g | T25: 6 | U25: =F25*$T25 -> 984 | V25: =G25*$T25 -> 39060 | W25: =H25*$T25 -> 51660 | X25: =I25*$T25 -> 31296 | Y25: =J25*$T25 -> 15816 | Z25: =K25*$T25 -> 16296 | AA25: =L25*$T25 -> 46080 | AB25: =M25*$T25 -> 43932 | ... AF25: =Q25*$T25 -> 63186 | AG25: =SUM(U25:AF25) -> 448518 | AH25: Two Apple | AI25: =B25&" "&AH25&"" -> Al Fakher Two Apple | AJ25: =R25 -> 74753 | AK25: =AG25 -> 448518 | AL25: =AG25/$AG$126 -> 0.099449502
A26: 6141 | B26: Al Fakher | C26: Two apple Egyptian | D26: 50g | E26: =B26&" "&C26&" "&D26 -> Al Fakher Two apple Egyptian 50g | J26: 200 | K26: 220 | L26: 82 | M26: 84 | N26: 31 | O26: 31 | P26: 66 | Q26: 168 | R26: =SUM(F26:Q26) -> 882 | S26: =E26 -> Al Fakher Two apple Egyptian 50g | T26: 6 | U26: =F26*$T26 -> 0 | V26: =G26*$T26 -> 0 | W26: =H26*$T26 -> 0 | X26: =I26*$T26 -> 0 | Y26: =J26*$T26 -> 1200 | Z26: =K26*$T26 -> 1320 | AA26: =L26*$T26 -> 492 | AB26: =M26*$T26 -> 504 | ... AF26: =Q26*$T26 -> 1008 | AG26: =SUM(U26:AF26) -> 5292 | AH26: Two Apple | AI26: =B26&" "&AH26&"" -> Al Fakher Two Apple | AJ26: =R26 -> 882 | AK26: =AG26 -> 5292 | AL26: =AG26/$AG$126 -> 0.0011733905
A27: 6142 | B27: Al Fakher | C27: Lemonade Mint | D27: 50g | E27: =B27&" "&C27&" "&D27 -> Al Fakher Lemonade Mint 50g | L27: 55 | M27: 113 | N27: 18 | O27: 1 | P27: 6 | Q27: 15 | R27: =SUM(F27:Q27) -> 208 | S27: =E27 -> Al Fakher Lemonade Mint 50g | T27: 6 | U27: =F27*$T27 -> 0 | V27: =G27*$T27 -> 0 | W27: =H27*$T27 -> 0 | X27: =I27*$T27 -> 0 | Y27: =J27*$T27 -> 0 | Z27: =K27*$T27 -> 0 | AA27: =L27*$T27 -> 330 | AB27: =M27*$T27 -> 678 | ... AF27: =Q27*$T27 -> 90 | AG27: =SUM(U27:AF27) -> 1248 | AH27: Lemon Mint | AI27: =B27&" "&AH27&"" -> Al Fakher Lemon Mint | AJ27: =R27 -> 208 | AK27: =AG27 -> 1248 | AL27: =AG27/$AG$126 -> 0.00027671794
A28: 6143 | B28: Al Fakher | C28: Pear Lemon | D28: 50g | E28: =B28&" "&C28&" "&D28 -> Al Fakher Pear Lemon 50g | L28: 51 | M28: 80 | N28: 16 | O28: 1 | P28: 0 | Q28: 15 | R28: =SUM(F28:Q28) -> 163 | S28: =E28 -> Al Fakher Pear Lemon 50g | T28: 6 | U28: =F28*$T28 -> 0 | V28: =G28*$T28 -> 0 | W28: =H28*$T28 -> 0 | X28: =I28*$T28 -> 0 | Y28: =J28*$T28 -> 0 | Z28: =K28*$T28 -> 0 | AA28: =L28*$T28 -> 306 | AB28: =M28*$T28 -> 480 | ... AF28: =Q28*$T28 -> 90 | AG28: =SUM(U28:AF28) -> 978 | AH28: Other Flavors | AI28: =B28&" "&AH28&"" -> Al Fakher Other Flavors | AJ28: =R28 -> 163 | AK28: =AG28 -> 978 | AL28: =AG28/$AG$126 -> 0.00021685108
A29: 5430 | B29: Beiruti | C29: Two Apple | D29: 50g | E29: =B29&" "&C29&" "&D29 -> Beiruti Two Apple 50g | K29: 10 | Q29: 40 | R29: =SUM(F29:Q29) -> 50 | S29: =E29 -> Beiruti Two Apple 50g | T29: 6 | U29: =F29*$T29 -> 0 | V29: =G29*$T29 -> 0 | W29: =H29*$T29 -> 0 | X29: =I29*$T29 -> 0 | Y29: =J29*$T29 -> 0 | Z29: =K29*$T29 -> 60 | AA29: =L29*$T29 -> 0 | AB29: =M29*$T29 -> 0 | ... AF29: =Q29*$T29 -> 240 | AG29: =SUM(U29:AF29) -> 300 | AH29: Two Apple | AI29: =B29&" "&AH29&"" -> Beiruti Two Apple | AJ29: =R29 -> 50 | AK29: =AG29 -> 300 | AL29: =AG29/$AG$126 -> 6.6518736e-05
A30: 5434 | B30: Beiruti | C30: Mint | D30: 50g | E30: =B30&" "&C30&" "&D30 -> Beiruti Mint 50g | K30: 20 | Q30: 206 | R30: =SUM(F30:Q30) -> 226 | S30: =E30 -> Beiruti Mint 50g | T30: 6 | U30: =F30*$T30 -> 0 | V30: =G30*$T30 -> 0 | W30: =H30*$T30 -> 0 | X30: =I30*$T30 -> 0 | Y30: =J30*$T30 -> 0 | Z30: =K30*$T30 -> 120 | AA30: =L30*$T30 -> 0 | AB30: =M30*$T30 -> 0 | ... AF30: =Q30*$T30 -> 1236 | AG30: =SUM(U30:AF30) -> 1356 | AH30: Mint | AI30: =B30&" "&AH30&"" -> Beiruti Mint | AJ30: =R30 -> 226 | AK30: =AG30 -> 1356 | AL30: =AG30/$AG$126 -> 0.00030066469
A31: 5435 | B31: Beiruti | C31: Gum Mint | D31: 50g | E31: =B31&" "&C31&" "&D31 -> Beiruti Gum Mint 50g | K31: 20 | Q31: 202 | R31: =SUM(F31:Q31) -> 222 | S31: =E31 -> Beiruti Gum Mint 50g | T31: 6 | U31: =F31*$T31 -> 0 | V31: =G31*$T31 -> 0 | W31: =H31*$T31 -> 0 | X31: =I31*$T31 -> 0 | Y31: =J31*$T31 -> 0 | Z31: =K31*$T31 -> 120 | AA31: =L31*$T31 -> 0 | AB31: =M31*$T31 -> 0 | ... AF31: =Q31*$T31 -> 1212 | AG31: =SUM(U31:AF31) -> 1332 | AH31: Gum | AI31: =B31&" "&AH31&"" -> Beiruti Gum | AJ31: =R31 -> 222 | AK31: =AG31 -> 1332 | AL31: =AG31/$AG$126 -> 0.00029534319
A32: 6060 | B32: H Hooka | C32: Two Apple | D32: 50g | E32: =B32&" "&C32&" "&D32 -> H Hooka Two Apple 50g | K32: 5 | O32: 144 | R32: =SUM(F32:Q32) -> 149 | S32: =E32 -> H Hooka Two Apple 50g | T32: 6 | U32: =F32*$T32 -> 0 | V32: =G32*$T32 -> 0 | W32: =H32*$T32 -> 0 | X32: =I32*$T32 -> 0 | Y32: =J32*$T32 -> 0 | Z32: =K32*$T32 -> 30 | AA32: =L32*$T32 -> 0 | AB32: =M32*$T32 -> 0 | ... AF32: =Q32*$T32 -> 0 | AG32: =SUM(U32:AF32) -> 894 | AH32: Two Apple | AI32: =B32&" "&AH32&"" -> H Hooka Two Apple | AJ32: =R32 -> 149 | AK32: =AG32 -> 894 | AL32: =AG32/$AG$126 -> 0.00019822583
A33: 6061 | B33: H Hooka | C33: Two Apple | D33: 50g | E33: =B33&" "&C33&" "&D33 -> H Hooka Two Apple 50g | O33: 72 | R33: =SUM(F33:Q33) -> 72 | S33: =E33 -> H Hooka Two Apple 50g | T33: 6 | U33: =F33*$T33 -> 0 | V33: =G33*$T33 -> 0 | W33: =H33*$T33 -> 0 | X33: =I33*$T33 -> 0 | Y33: =J33*$T33 -> 0 | Z33: =K33*$T33 -> 0 | AA33: =L33*$T33 -> 0 | AB33: =M33*$T33 -> 0 | ... AF33: =Q33*$T33 -> 0 | AG33: =SUM(U33:AF33) -> 432 | AH33: Two Apple | AI33: =B33&" "&AH33&"" -> H Hooka Two Apple | AJ33: =R33 -> 72 | AK33: =AG33 -> 432 | AL33: =AG33/$AG$126 -> 9.578698e-05
A34: 6062 | B34: H Hooka | C34: Two Apple | D34: 50g | E34: =B34&" "&C34&" "&D34 -> H Hooka Two Apple 50g | O34: 144 | R34: =SUM(F34:Q34) -> 144 | S34: =E34 -> H Hooka Two Apple 50g | T34: 6 | U34: =F34*$T34 -> 0 | V34: =G34*$T34 -> 0 | W34: =H34*$T34 -> 0 | X34: =I34*$T34 -> 0 | Y34: =J34*$T34 -> 0 | Z34: =K34*$T34 -> 0 | AA34: =L34*$T34 -> 0 | AB34: =M34*$T34 -> 0 | ... AF34: =Q34*$T34 -> 0 | AG34: =SUM(U34:AF34) -> 864 | AH34: Two Apple | AI34: =B34&" "&AH34&"" -> H Hooka Two Apple | AJ34: =R34 -> 144 | AK34: =AG34 -> 864 | AL34: =AG34/$AG$126 -> 0.00019157396
A35: 6063 | B35: H Hooka | C35: Lemon Mint | D35: 50g | E35: =B35&" "&C35&" "&D35 -> H Hooka Lemon Mint 50g | K35: 6 | O35: 144 | R35: =SUM(F35:Q35) -> 150 | S35: =E35 -> H Hooka Lemon Mint 50g | T35: 6 | U35: =F35*$T35 -> 0 | V35: =G35*$T35 -> 0 | W35: =H35*$T35 -> 0 | X35: =I35*$T35 -> 0 | Y35: =J35*$T35 -> 0 | Z35: =K35*$T35 -> 36 | AA35: =L35*$T35 -> 0 | AB35: =M35*$T35 -> 0 | ... AF35: =Q35*$T35 -> 0 | AG35: =SUM(U35:AF35) -> 900 | AH35: Lemon Mint | AI35: =B35&" "&AH35&"" -> H Hooka Lemon Mint | AJ35: =R35 -> 150 | AK35: =AG35 -> 900 | AL35: =AG35/$AG$126 -> 0.00019955621
A36: 6064 | B36: H Hooka | C36: Lemon Mint | D36: 50g | E36: =B36&" "&C36&" "&D36 -> H Hooka Lemon Mint 50g | O36: 72 | R36: =SUM(F36:Q36) -> 72 | S36: =E36 -> H Hooka Lemon Mint 50g | T36: 6 | U36: =F36*$T36 -> 0 | V36: =G36*$T36 -> 0 | W36: =H36*$T36 -> 0 | X36: =I36*$T36 -> 0 | Y36: =J36*$T36 -> 0 | Z36: =K36*$T36 -> 0 | AA36: =L36*$T36 -> 0 | AB36: =M36*$T36 -> 0 | ... AF36: =Q36*$T36 -> 0 | AG36: =SUM(U36:AF36) -> 432 | AH36: Lemon Mint | AI36: =B36&" "&AH36&"" -> H Hooka Lemon Mint | AJ36: =R36 -> 72 | AK36: =AG36 -> 432 | AL36: =AG36/$AG$126 -> 9.578698e-05
A37: 6065 | B37: H Hooka | C37: Lemon Mint | D37: 50g | E37: =B37&" "&C37&" "&D37 -> H Hooka Lemon Mint 50g | O37: 144 | R37: =SUM(F37:Q37) -> 144 | S37: =E37 -> H Hooka Lemon Mint 50g | T37: 6 | U37: =F37*$T37 -> 0 | V37: =G37*$T37 -> 0 | W37: =H37*$T37 -> 0 | X37: =I37*$T37 -> 0 | Y37: =J37*$T37 -> 0 | Z37: =K37*$T37 -> 0 | AA37: =L37*$T37 -> 0 | AB37: =M37*$T37 -> 0 | ... AF37: =Q37*$T37 -> 0 | AG37: =SUM(U37:AF37) -> 864 | AH37: Lemon Mint | AI37: =B37&" "&AH37&"" -> H Hooka Lemon Mint | AJ37: =R37 -> 144 | AK37: =AG37 -> 864 | AL37: =AG37/$AG$126 -> 0.00019157396
A38: 6066 | B38: H Hooka | C38: Grapes | D38: 50g | E38: =B38&" "&C38&" "&D38 -> H Hooka Grapes 50g | K38: 2 | O38: 36 | R38: =SUM(F38:Q38) -> 38 | S38: =E38 -> H Hooka Grapes 50g | T38: 6 | U38: =F38*$T38 -> 0 | V38: =G38*$T38 -> 0 | W38: =H38*$T38 -> 0 | X38: =I38*$T38 -> 0 | Y38: =J38*$T38 -> 0 | Z38: =K38*$T38 -> 12 | AA38: =L38*$T38 -> 0 | AB38: =M38*$T38 -> 0 | ... AF38: =Q38*$T38 -> 0 | AG38: =SUM(U38:AF38) -> 228 | AH38: Grapes | AI38: =B38&" "&AH38&"" -> H Hooka Grapes | AJ38: =R38 -> 38 | AK38: =AG38 -> 228 | AL38: =AG38/$AG$126 -> 5.055424e-05
A39: 6068 | B39: H Hooka | C39: Mylady | D39: 50g | E39: =B39&" "&C39&" "&D39 -> H Hooka Mylady 50g | K39: 2 | O39: 36 | R39: =SUM(F39:Q39) -> 38 | S39: =E39 -> H Hooka Mylady 50g | T39: 6 | U39: =F39*$T39 -> 0 | V39: =G39*$T39 -> 0 | W39: =H39*$T39 -> 0 | X39: =I39*$T39 -> 0 | Y39: =J39*$T39 -> 0 | Z39: =K39*$T39 -> 12 | AA39: =L39*$T39 -> 0 | AB39: =M39*$T39 -> 0 | ... AF39: =Q39*$T39 -> 0 | AG39: =SUM(U39:AF39) -> 228 | AH39: Other Flavors | AI39: =B39&" "&AH39&"" -> H Hooka Other Flavors | AJ39: =R39 -> 38 | AK39: =AG39 -> 228 | AL39: =AG39/$AG$126 -> 5.055424e-05
A40: 6075 | B40: H Hooka | C40: Blueberry | D40: 50g | E40: =B40&" "&C40&" "&D40 -> H Hooka Blueberry 50g | K40: 2 | O40: 36 | R40: =SUM(F40:Q40) -> 38 | S40: =E40 -> H Hooka Blueberry 50g | T40: 6 | U40: =F40*$T40 -> 0 | V40: =G40*$T40 -> 0 | W40: =H40*$T40 -> 0 | X40: =I40*$T40 -> 0 | Y40: =J40*$T40 -> 0 | Z40: =K40*$T40 -> 12 | AA40: =L40*$T40 -> 0 | AB40: =M40*$T40 -> 0 | ... AF40: =Q40*$T40 -> 0 | AG40: =SUM(U40:AF40) -> 228 | AH40: Other Flavors | AI40: =B40&" "&AH40&"" -> H Hooka Other Flavors | AJ40: =R40 -> 38 | AK40: =AG40 -> 228 | AL40: =AG40/$AG$126 -> 5.055424e-05
A41: 6077 | B41: H Hooka | C41: Love | D41: 50g | E41: =B41&" "&C41&" "&D41 -> H Hooka Love 50g | O41: 36 | R41: =SUM(F41:Q41) -> 36 | S41: =E41 -> H Hooka Love 50g | T41: 6 | U41: =F41*$T41 -> 0 | V41: =G41*$T41 -> 0 | W41: =H41*$T41 -> 0 | X41: =I41*$T41 -> 0 | Y41: =J41*$T41 -> 0 | Z41: =K41*$T41 -> 0 | AA41: =L41*$T41 -> 0 | AB41: =M41*$T41 -> 0 | ... AF41: =Q41*$T41 -> 0 | AG41: =SUM(U41:AF41) -> 216 | AH41: Other Flavors | AI41: =B41&" "&AH41&"" -> H Hooka Other Flavors | AJ41: =R41 -> 36 | AK41: =AG41 -> 216 | AL41: =AG41/$AG$126 -> 4.789349e-05
A42: 6078 | B42: H Hooka | C42: Mylady | D42: 50g | E42: =B42&" "&C42&" "&D42 -> H Hooka Mylady 50g | O42: 36 | R42: =SUM(F42:Q42) -> 36 | S42: =E42 -> H Hooka Mylady 50g | T42: 6 | U42: =F42*$T42 -> 0 | V42: =G42*$T42 -> 0 | W42: =H42*$T42 -> 0 | X42: =I42*$T42 -> 0 | Y42: =J42*$T42 -> 0 | Z42: =K42*$T42 -> 0 | AA42: =L42*$T42 -> 0 | AB42: =M42*$T42 -> 0 | ... AF42: =Q42*$T42 -> 0 | AG42: =SUM(U42:AF42) -> 216 | AH42: Other Flavors | AI42: =B42&" "&AH42&"" -> H Hooka Other Flavors | AJ42: =R42 -> 36 | AK42: =AG42 -> 216 | AL42: =AG42/$AG$126 -> 4.789349e-05
A43: 6079 | B43: H Hooka | C43: Grapes | D43: 50g | E43: =B43&" "&C43&" "&D43 -> H Hooka Grapes 50g | O43: 36 | R43: =SUM(F43:Q43) -> 36 | S43: =E43 -> H Hooka Grapes 50g | T43: 6 | U43: =F43*$T43 -> 0 | V43: =G43*$T43 -> 0 | W43: =H43*$T43 -> 0 | X43: =I43*$T43 -> 0 | Y43: =J43*$T43 -> 0 | Z43: =K43*$T43 -> 0 | AA43: =L43*$T43 -> 0 | AB43: =M43*$T43 -> 0 | ... AF43: =Q43*$T43 -> 0 | AG43: =SUM(U43:AF43) -> 216 | AH43: Grapes | AI43: =B43&" "&AH43&"" -> H Hooka Grapes | AJ43: =R43 -> 36 | AK43: =AG43 -> 216 | AL43: =AG43/$AG$126 -> 4.789349e-05
A44: 6076 | B44: H Hooka | C44: Love | D44: 50g | E44: =B44&" "&C44&" "&D44 -> H Hooka Love 50g | K44: 2 | O44: 36 | R44: =SUM(F44:Q44) -> 38 | S44: =E44 -> H Hooka Love 50g | T44: 6 | U44: =F44*$T44 -> 0 | V44: =G44*$T44 -> 0 | W44: =H44*$T44 -> 0 | X44: =I44*$T44 -> 0 | Y44: =J44*$T44 -> 0 | Z44: =K44*$T44 -> 12 | AA44: =L44*$T44 -> 0 | AB44: =M44*$T44 -> 0 | ... AF44: =Q44*$T44 -> 0 | AG44: =SUM(U44:AF44) -> 228 | AH44: Other Flavors | AI44: =B44&" "&AH44&"" -> H Hooka Other Flavors | AJ44: =R44 -> 38 | AK44: =AG44 -> 228 | AL44: =AG44/$AG$126 -> 5.055424e-05
A45: 5480 | B45: True Passion | C45: Lemon Mint | D45: 50g | E45: =B45&" "&C45&" "&D45 -> True Passion Lemon Mint 50g | K45: 11 | P45: 48 | R45: =SUM(F45:Q45) -> 59 | S45: =E45 -> True Passion Lemon Mint 50g | T45: 6 | U45: =F45*$T45 -> 0 | V45: =G45*$T45 -> 0 | W45: =H45*$T45 -> 0 | X45: =I45*$T45 -> 0 | Y45: =J45*$T45 -> 0 | Z45: =K45*$T45 -> 66 | AA45: =L45*$T45 -> 0 | AB45: =M45*$T45 -> 0 | ... AF45: =Q45*$T45 -> 0 | AG45: =SUM(U45:AF45) -> 354 | AH45: Lemon Mint | AI45: =B45&" "&AH45&"" -> True Passion Lemon Mint | AJ45: =R45 -> 59 | AK45: =AG45 -> 354 | AL45: =AG45/$AG$126 -> 7.8492109e-05
A46: 5481 | B46: True Passion | C46: Lemon Mint | D46: 250g | E46: =B46&" "&C46&" "&D46 -> True Passion Lemon Mint 250g | K46: 11 | P46: 10 | R46: =SUM(F46:Q46) -> 21 | S46: =E46 -> True Passion Lemon Mint 250g | T46: 6 | U46: =F46*$T46 -> 0 | V46: =G46*$T46 -> 0 | W46: =H46*$T46 -> 0 | X46: =I46*$T46 -> 0 | Y46: =J46*$T46 -> 0 | Z46: =K46*$T46 -> 66 | AA46: =L46*$T46 -> 0 | AB46: =M46*$T46 -> 0 | ... AF46: =Q46*$T46 -> 0 | AG46: =SUM(U46:AF46) -> 126 | AH46: Lemon Mint | AI46: =B46&" "&AH46&"" -> True Passion Lemon Mint | AJ46: =R46 -> 21 | AK46: =AG46 -> 126 | AL46: =AG46/$AG$126 -> 2.7937869e-05
A47: 5482 | B47: True Passion | C47: Mint | D47: 50G | E47: =B47&" "&C47&" "&D47 -> True Passion Mint 50G | K47: 11 | P47: 11 | R47: =SUM(F47:Q47) -> 22 | S47: =E47 -> True Passion Mint 50G | T47: 6 | U47: =F47*$T47 -> 0 | V47: =G47*$T47 -> 0 | W47: =H47*$T47 -> 0 | X47: =I47*$T47 -> 0 | Y47: =J47*$T47 -> 0 | Z47: =K47*$T47 -> 66 | AA47: =L47*$T47 -> 0 | AB47: =M47*$T47 -> 0 | ... AF47: =Q47*$T47 -> 0 | AG47: =SUM(U47:AF47) -> 132 | AH47: Mint | AI47: =B47&" "&AH47&"" -> True Passion Mint | AJ47: =R47 -> 22 | AK47: =AG47 -> 132 | AL47: =AG47/$AG$126 -> 2.9268244e-05
A48: 5483 | B48: True Passion | C48: Two Apple | D48: 50g | E48: =B48&" "&C48&" "&D48 -> True Passion Two Apple 50g | K48: 11 | P48: 46 | R48: =SUM(F48:Q48) -> 57 | S48: =E48 -> True Passion Two Apple 50g | T48: 6 | U48: =F48*$T48 -> 0 | V48: =G48*$T48 -> 0 | W48: =H48*$T48 -> 0 | X48: =I48*$T48 -> 0 | Y48: =J48*$T48 -> 0 | Z48: =K48*$T48 -> 66 | AA48: =L48*$T48 -> 0 | AB48: =M48*$T48 -> 0 | ... AF48: =Q48*$T48 -> 0 | AG48: =SUM(U48:AF48) -> 342 | AH48: Two Apple | AI48: =B48&" "&AH48&"" -> True Passion Two Apple | AJ48: =R48 -> 57 | AK48: =AG48 -> 342 | AL48: =AG48/$AG$126 -> 7.5831359e-05
A49: 5484 | B49: True Passion | C49: Two Apple | D49: 250g | E49: =B49&" "&C49&" "&D49 -> True Passion Two Apple 250g | K49: 11 | P49: 10 | R49: =SUM(F49:Q49) -> 21 | S49: =E49 -> True Passion Two Apple 250g | T49: 6 | U49: =F49*$T49 -> 0 | V49: =G49*$T49 -> 0 | W49: =H49*$T49 -> 0 | X49: =I49*$T49 -> 0 | Y49: =J49*$T49 -> 0 | Z49: =K49*$T49 -> 66 | AA49: =L49*$T49 -> 0 | AB49: =M49*$T49 -> 0 | ... AF49: =Q49*$T49 -> 0 | AG49: =SUM(U49:AF49) -> 126 | AH49: Two Apple | AI49: =B49&" "&AH49&"" -> True Passion Two Apple | AJ49: =R49 -> 21 | AK49: =AG49 -> 126 | AL49: =AG49/$AG$126 -> 2.7937869e-05
A50: 5485 | B50: True Passion | C50: Blueberry Lemon | D50: 50g | E50: =B50&" "&C50&" "&D50 -> True Passion Blueberry Lemon 50g | K50: 21 | P50: 11 | R50: =SUM(F50:Q50) -> 32 | S50: =E50 -> True Passion Blueberry Lemon 50g | T50: 6 | U50: =F50*$T50 -> 0 | V50: =G50*$T50 -> 0 | W50: =H50*$T50 -> 0 | X50: =I50*$T50 -> 0 | Y50: =J50*$T50 -> 0 | Z50: =K50*$T50 -> 126 | AA50: =L50*$T50 -> 0 | AB50: =M50*$T50 -> 0 | ... AF50: =Q50*$T50 -> 0 | AG50: =SUM(U50:AF50) -> 192 | AH50: Other Flavors | AI50: =B50&" "&AH50&"" -> True Passion Other Flavors | AJ50: =R50 -> 32 | AK50: =AG50 -> 192 | AL50: =AG50/$AG$126 -> 4.2571991e-05
A51: 5486 | B51: True Passion | C51: Golden Apple | D51: 50g | E51: =B51&" "&C51&" "&D51 -> True Passion Golden Apple 50g | K51: 11 | P51: 46 | R51: =SUM(F51:Q51) -> 57 | S51: =E51 -> True Passion Golden Apple 50g | T51: 6 | U51: =F51*$T51 -> 0 | V51: =G51*$T51 -> 0 | W51: =H51*$T51 -> 0 | X51: =I51*$T51 -> 0 | Y51: =J51*$T51 -> 0 | Z51: =K51*$T51 -> 66 | AA51: =L51*$T51 -> 0 | AB51: =M51*$T51 -> 0 | ... AF51: =Q51*$T51 -> 0 | AG51: =SUM(U51:AF51) -> 342 | AH51: Other Flavors | AI51: =B51&" "&AH51&"" -> True Passion Other Flavors | AJ51: =R51 -> 57 | AK51: =AG51 -> 342 | AL51: =AG51/$AG$126 -> 7.5831359e-05
A52: 5487 | B52: True Passion | C52: Golden Apple | D52: 250g | E52: =B52&" "&C52&" "&D52 -> True Passion Golden Apple 250g | K52: 11 | P52: 10 | R52: =SUM(F52:Q52) -> 21 | S52: =E52 -> True Passion Golden Apple 250g | T52: 6 | U52: =F52*$T52 -> 0 | V52: =G52*$T52 -> 0 | W52: =H52*$T52 -> 0 | X52: =I52*$T52 -> 0 | Y52: =J52*$T52 -> 0 | Z52: =K52*$T52 -> 66 | AA52: =L52*$T52 -> 0 | AB52: =M52*$T52 -> 0 | ... AF52: =Q52*$T52 -> 0 | AG52: =SUM(U52:AF52) -> 126 | AH52: Other Flavors | AI52: =B52&" "&AH52&"" -> True Passion Other Flavors | AJ52: =R52 -> 21 | AK52: =AG52 -> 126 | AL52: =AG52/$AG$126 -> 2.7937869e-05
A53: 5488 | B53: True Passion | C53: Line Lemon | D53: 50g | E53: =B53&" "&C53&" "&D53 -> True Passion Line Lemon 50g | K53: 12 | P53: 62 | R53: =SUM(F53:Q53) -> 74 | S53: =E53 -> True Passion Line Lemon 50g | T53: 6 | U53: =F53*$T53 -> 0 | V53: =G53*$T53 -> 0 | W53: =H53*$T53 -> 0 | X53: =I53*$T53 -> 0 | Y53: =J53*$T53 -> 0 | Z53: =K53*$T53 -> 72 | AA53: =L53*$T53 -> 0 | AB53: =M53*$T53 -> 0 | ... AF53: =Q53*$T53 -> 0 | AG53: =SUM(U53:AF53) -> 444 | AH53: Other Flavors | AI53: =B53&" "&AH53&"" -> True Passion Other Flavors | AJ53: =R53 -> 74 | AK53: =AG53 -> 444 | AL53: =AG53/$AG$126 -> 9.844773e-05
A54: 5489 | B54: True Passion | C54: Love Story | D54: 50g | E54: =B54&" "&C54&" "&D54 -> True Passion Love Story 50g | K54: 11 | P54: 11 | R54: =SUM(F54:Q54) -> 22 | S54: =E54 -> True Passion Love Story 50g | T54: 6 | U54: =F54*$T54 -> 0 | V54: =G54*$T54 -> 0 | W54: =H54*$T54 -> 0 | X54: =I54*$T54 -> 0 | Y54: =J54*$T54 -> 0 | Z54: =K54*$T54 -> 66 | AA54: =L54*$T54 -> 0 | AB54: =M54*$T54 -> 0 | ... AF54: =Q54*$T54 -> 0 | AG54: =SUM(U54:AF54) -> 132 | AH54: Other Flavors | AI54: =B54&" "&AH54&"" -> True Passion Other Flavors | AJ54: =R54 -> 22 | AK54: =AG54 -> 132 | AL54: =AG54/$AG$126 -> 2.9268244e-05
A55: 5490 | B55: True Passion | C55: Luxury Tobacco | D55: 50g | E55: =B55&" "&C55&" "&D55 -> True Passion Luxury Tobacco 50g | P55: 11 | R55: =SUM(F55:Q55) -> 11 | S55: =E55 -> True Passion Luxury Tobacco 50g | T55: 6 | U55: =F55*$T55 -> 0 | V55: =G55*$T55 -> 0 | W55: =H55*$T55 -> 0 | X55: =I55*$T55 -> 0 | Y55: =J55*$T55 -> 0 | Z55: =K55*$T55 -> 0 | AA55: =L55*$T55 -> 0 | AB55: =M55*$T55 -> 0 | ... AF55: =Q55*$T55 -> 0 | AG55: =SUM(U55:AF55) -> 66 | AH55: Other Flavors | AI55: =B55&" "&AH55&"" -> True Passion Other Flavors | AJ55: =R55 -> 11 | AK55: =AG55 -> 66 | AL55: =AG55/$AG$126 -> 1.4634122e-05
A56: 5460 | B56: Al Joud | C56: Two Apple | D56: 50g | E56: =B56&" "&C56&" "&D56 -> Al Joud Two Apple 50g | I56: 5 | J56: 4 | R56: =SUM(F56:Q56) -> 9 | S56: =E56 -> Al Joud Two Apple 50g | T56: 10 | U56: =F56*$T56 -> 0 | V56: =G56*$T56 -> 0 | W56: =H56*$T56 -> 0 | X56: =I56*$T56 -> 50 | Y56: =J56*$T56 -> 40 | Z56: =K56*$T56 -> 0 | AA56: =L56*$T56 -> 0 | AB56: =M56*$T56 -> 0 | ... AF56: =Q56*$T56 -> 0 | AG56: =SUM(U56:AF56) -> 90 | AH56: Two Apple | AI56: =B56&" "&AH56&"" -> Al Joud Two Apple | AJ56: =R56 -> 9 | AK56: =AG56 -> 90 | AL56: =AG56/$AG$126 -> 1.9955621e-05
A57: 5461 | B57: Al Joud | C57: Two Apple | D57: 250g | E57: =B57&" "&C57&" "&D57 -> Al Joud Two Apple 250g | I57: 5 | J57: 3 | R57: =SUM(F57:Q57) -> 8 | S57: =E57 -> Al Joud Two Apple 250g | T57: 10 | U57: =F57*$T57 -> 0 | V57: =G57*$T57 -> 0 | W57: =H57*$T57 -> 0 | X57: =I57*$T57 -> 50 | Y57: =J57*$T57 -> 30 | Z57: =K57*$T57 -> 0 | AA57: =L57*$T57 -> 0 | AB57: =M57*$T57 -> 0 | ... AF57: =Q57*$T57 -> 0 | AG57: =SUM(U57:AF57) -> 80 | AH57: Two Apple | AI57: =B57&" "&AH57&"" -> Al Joud Two Apple | AJ57: =R57 -> 8 | AK57: =AG57 -> 80 | AL57: =AG57/$AG$126 -> 1.773833e-05
A58: 5468 | B58: Al Joud | C58: Gum Mint | D58: 50g | E58: =B58&" "&C58&" "&D58 -> Al Joud Gum Mint 50g | I58: 10 | P58: 21 | R58: =SUM(F58:Q58) -> 31 | S58: =E58 -> Al Joud Gum Mint 50g | T58: 6 | U58: =F58*$T58 -> 0 | V58: =G58*$T58 -> 0 | W58: =H58*$T58 -> 0 | X58: =I58*$T58 -> 60 | Y58: =J58*$T58 -> 0 | Z58: =K58*$T58 -> 0 | AA58: =L58*$T58 -> 0 | AB58: =M58*$T58 -> 0 | ... AF58: =Q58*$T58 -> 0 | AG58: =SUM(U58:AF58) -> 186 | AH58: Gum | AI58: =B58&" "&AH58&"" -> Al Joud Gum | AJ58: =R58 -> 31 | AK58: =AG58 -> 186 | AL58: =AG58/$AG$126 -> 4.1241617e-05
A59: 5469 | B59: Al Joud | C59: Gum | D59: 50g | E59: =B59&" "&C59&" "&D59 -> Al Joud Gum 50g | I59: 10 | P59: 20 | R59: =SUM(F59:Q59) -> 30 | S59: =E59 -> Al Joud Gum 50g | T59: 6 | U59: =F59*$T59 -> 0 | V59: =G59*$T59 -> 0 | W59: =H59*$T59 -> 0 | X59: =I59*$T59 -> 60 | Y59: =J59*$T59 -> 0 | Z59: =K59*$T59 -> 0 | AA59: =L59*$T59 -> 0 | AB59: =M59*$T59 -> 0 | ... AF59: =Q59*$T59 -> 0 | AG59: =SUM(U59:AF59) -> 180 | AH59: Gum | AI59: =B59&" "&AH59&"" -> Al Joud Gum | AJ59: =R59 -> 30 | AK59: =AG59 -> 180 | AL59: =AG59/$AG$126 -> 3.9911242e-05
A60: 5471 | B60: Al Joud | C60: Lemon Mint | D60: 50g | E60: =B60&" "&C60&" "&D60 -> Al Joud Lemon Mint 50g | I60: 116 | R60: =SUM(F60:Q60) -> 116 | S60: =E60 -> Al Joud Lemon Mint 50g | T60: 6 | U60: =F60*$T60 -> 0 | V60: =G60*$T60 -> 0 | W60: =H60*$T60 -> 0 | X60: =I60*$T60 -> 696 | Y60: =J60*$T60 -> 0 | Z60: =K60*$T60 -> 0 | AA60: =L60*$T60 -> 0 | AB60: =M60*$T60 -> 0 | ... AF60: =Q60*$T60 -> 0 | AG60: =SUM(U60:AF60) -> 696 | AH60: Lemon Mint | AI60: =B60&" "&AH60&"" -> Al Joud Lemon Mint | AJ60: =R60 -> 116 | AK60: =AG60 -> 696 | AL60: =AG60/$AG$126 -> 0.00015432347
A61: 5313 | B61: Al Ostoura | C61: Lemon Mint | D61: 50g | E61: =B61&" "&C61&" "&D61 -> Al Ostoura Lemon Mint 50g | N61: 5 | R61: =SUM(F61:Q61) -> 5 | S61: =E61 -> Al Ostoura Lemon Mint 50g | T61: 10 | U61: =F61*$T61 -> 0 | V61: =G61*$T61 -> 0 | W61: =H61*$T61 -> 0 | X61: =I61*$T61 -> 0 | Y61: =J61*$T61 -> 0 | Z61: =K61*$T61 -> 0 | AA61: =L61*$T61 -> 0 | AB61: =M61*$T61 -> 0 | ... AF61: =Q61*$T61 -> 0 | AG61: =SUM(U61:AF61) -> 50 | AH61: Lemon Mint | AI61: =B61&" "&AH61&"" -> Al Ostoura Lemon Mint | AJ61: =R61 -> 5 | AK61: =AG61 -> 50 | AL61: =AG61/$AG$126 -> 1.1086456e-05
A62: 5323 | B62: Al Ostoura | C62: Five Apple | D62: 50g | E62: =B62&" "&C62&" "&D62 -> Al Ostoura Five Apple 50g | H62: 1 | O62: 1 | R62: =SUM(F62:Q62) -> 2 | S62: =E62 -> Al Ostoura Five Apple 50g | T62: 6 | U62: =F62*$T62 -> 0 | V62: =G62*$T62 -> 0 | W62: =H62*$T62 -> 6 | X62: =I62*$T62 -> 0 | Y62: =J62*$T62 -> 0 | Z62: =K62*$T62 -> 0 | AA62: =L62*$T62 -> 0 | AB62: =M62*$T62 -> 0 | ... AF62: =Q62*$T62 -> 0 | AG62: =SUM(U62:AF62) -> 12 | AH62: Other Flavors | AI62: =B62&" "&AH62&"" -> Al Ostoura Other Flavors | AJ62: =R62 -> 2 | AK62: =AG62 -> 12 | AL62: =AG62/$AG$126 -> 2.6607495e-06
A63: 5325 | B63: Al Ostoura | C63: Two Apple | D63: 50g | E63: =B63&" "&C63&" "&D63 -> Al Ostoura Two Apple 50g | F63: 28 | G63: 3 | H63: 26 | K63: 291 | L63: 12 | O63: 23 | R63: =SUM(F63:Q63) -> 383 | S63: =E63 -> Al Ostoura Two Apple 50g | T63: 6 | U63: =F63*$T63 -> 168 | V63: =G63*$T63 -> 18 | W63: =H63*$T63 -> 156 | X63: =I63*$T63 -> 0 | Y63: =J63*$T63 -> 0 | Z63: =K63*$T63 -> 1746 | AA63: =L63*$T63 -> 72 | AB63: =M63*$T63 -> 0 | ... AF63: =Q63*$T63 -> 0 | AG63: =SUM(U63:AF63) -> 2298 | AH63: Two Apple | AI63: =B63&" "&AH63&"" -> Al Ostoura Two Apple | AJ63: =R63 -> 383 | AK63: =AG63 -> 2298 | AL63: =AG63/$AG$126 -> 0.00050953352
A64: 5326 | B64: Al Ostoura | C64: Lemon Mint | D64: 50g | E64: =B64&" "&C64&" "&D64 -> Al Ostoura Lemon Mint 50g | F64: 5 | K64: 52 | L64: 1 | R64: =SUM(F64:Q64) -> 58 | S64: =E64 -> Al Ostoura Lemon Mint 50g | T64: 6 | U64: =F64*$T64 -> 30 | V64: =G64*$T64 -> 0 | W64: =H64*$T64 -> 0 | X64: =I64*$T64 -> 0 | Y64: =J64*$T64 -> 0 | Z64: =K64*$T64 -> 312 | AA64: =L64*$T64 -> 6 | AB64: =M64*$T64 -> 0 | ... AF64: =Q64*$T64 -> 0 | AG64: =SUM(U64:AF64) -> 348 | AH64: Lemon Mint | AI64: =B64&" "&AH64&"" -> Al Ostoura Lemon Mint | AJ64: =R64 -> 58 | AK64: =AG64 -> 348 | AL64: =AG64/$AG$126 -> 7.7161734e-05
A65: 5329 | B65: Al Ostoura | C65: Two Apple | D65: 250g | E65: =B65&" "&C65&" "&D65 -> Al Ostoura Two Apple 250g | F65: 5 | G65: 2 | H65: 645 | K65: 20 | L65: 1 | O65: 9 | R65: =SUM(F65:Q65) -> 682 | S65: =E65 -> Al Ostoura Two Apple 250g | T65: 10 | U65: =F65*$T65 -> 50 | V65: =G65*$T65 -> 20 | W65: =H65*$T65 -> 6450 | X65: =I65*$T65 -> 0 | Y65: =J65*$T65 -> 0 | Z65: =K65*$T65 -> 200 | AA65: =L65*$T65 -> 10 | AB65: =M65*$T65 -> 0 | ... AF65: =Q65*$T65 -> 0 | AG65: =SUM(U65:AF65) -> 6820 | AH65: Two Apple | AI65: =B65&" "&AH65&"" -> Al Ostoura Two Apple | AJ65: =R65 -> 682 | AK65: =AG65 -> 6820 | AL65: =AG65/$AG$126 -> 0.0015121926
A66: 5330 | B66: Al Ostoura | C66: Lemon Mint | D66: 250g | E66: =B66&" "&C66&" "&D66 -> Al Ostoura Lemon Mint 250g | F66: 1 | H66: 7 | K66: 24 | O66: 26 | R66: =SUM(F66:Q66) -> 58 | S66: =E66 -> Al Ostoura Lemon Mint 250g | T66: 6 | U66: =F66*$T66 -> 6 | V66: =G66*$T66 -> 0 | W66: =H66*$T66 -> 42 | X66: =I66*$T66 -> 0 | Y66: =J66*$T66 -> 0 | Z66: =K66*$T66 -> 144 | AA66: =L66*$T66 -> 0 | AB66: =M66*$T66 -> 0 | ... AF66: =Q66*$T66 -> 0 | AG66: =SUM(U66:AF66) -> 348 | AH66: Lemon Mint | AI66: =B66&" "&AH66&"" -> Al Ostoura Lemon Mint | AJ66: =R66 -> 58 | AK66: =AG66 -> 348 | AL66: =AG66/$AG$126 -> 7.7161734e-05
A67: 5338 | B67: Al Ostoura | C67: Two Apple Tin | D67: 250g | E67: =B67&" "&C67&" "&D67 -> Al Ostoura Two Apple Tin 250g | F67: 2 | R67: =SUM(F67:Q67) -> 2 | S67: =E67 -> Al Ostoura Two Apple Tin 250g | T67: 6 | U67: =F67*$T67 -> 12 | V67: =G67*$T67 -> 0 | W67: =H67*$T67 -> 0 | X67: =I67*$T67 -> 0 | Y67: =J67*$T67 -> 0 | Z67: =K67*$T67 -> 0 | AA67: =L67*$T67 -> 0 | AB67: =M67*$T67 -> 0 | ... AF67: =Q67*$T67 -> 0 | AG67: =SUM(U67:AF67) -> 12 | AH67: Two Apple | AI67: =B67&" "&AH67&"" -> Al Ostoura Two Apple | AJ67: =R67 -> 2 | AK67: =AG67 -> 12 | AL67: =AG67/$AG$126 -> 2.6607495e-06
A68: 5380 | B68: Khalil Maamoun | C68: Two Apple Tin | D68: 250g | E68: =B68&" "&C68&" "&D68 -> Khalil Maamoun Two Apple Tin 250g | G68: 862 | R68: =SUM(F68:Q68) -> 862 | S68: =E68 -> Khalil Maamoun Two Apple Tin 250g | T68: 7.5 | U68: =F68*$T68 -> 0 | V68: =G68*$T68 -> 6465 | W68: =H68*$T68 -> 0 | X68: =I68*$T68 -> 0 | Y68: =J68*$T68 -> 0 | Z68: =K68*$T68 -> 0 | AA68: =L68*$T68 -> 0 | AB68: =M68*$T68 -> 0 | ... AF68: =Q68*$T68 -> 0 | AG68: =SUM(U68:AF68) -> 6465 | AH68: Two Apple | AI68: =B68&" "&AH68&"" -> Khalil Maamoun Two Apple | AJ68: =R68 -> 862 | AK68: =AG68 -> 6465 | AL68: =AG68/$AG$126 -> 0.0014334788
A69: 5382 | B69: Khalil Maamoun | C69: Two Apple | D69: 50g | E69: =B69&" "&C69&" "&D69 -> Khalil Maamoun Two Apple 50g | G69: 391 | R69: =SUM(F69:Q69) -> 391 | S69: =E69 -> Khalil Maamoun Two Apple 50g | T69: 6 | U69: =F69*$T69 -> 0 | V69: =G69*$T69 -> 2346 | W69: =H69*$T69 -> 0 | X69: =I69*$T69 -> 0 | Y69: =J69*$T69 -> 0 | Z69: =K69*$T69 -> 0 | AA69: =L69*$T69 -> 0 | AB69: =M69*$T69 -> 0 | ... AF69: =Q69*$T69 -> 0 | AG69: =SUM(U69:AF69) -> 2346 | AH69: Two Apple | AI69: =B69&" "&AH69&"" -> Khalil Maamoun Two Apple | AJ69: =R69 -> 391 | AK69: =AG69 -> 2346 | AL69: =AG69/$AG$126 -> 0.00052017652
A70: 5383 | B70: Khalil Maamoun | C70: Lemon Mint | D70: 50g | E70: =B70&" "&C70&" "&D70 -> Khalil Maamoun Lemon Mint 50g | F70: 6 | G70: 150 | P70: 6 | R70: =SUM(F70:Q70) -> 162 | S70: =E70 -> Khalil Maamoun Lemon Mint 50g | T70: 6 | U70: =F70*$T70 -> 36 | V70: =G70*$T70 -> 900 | W70: =H70*$T70 -> 0 | X70: =I70*$T70 -> 0 | Y70: =J70*$T70 -> 0 | Z70: =K70*$T70 -> 0 | AA70: =L70*$T70 -> 0 | AB70: =M70*$T70 -> 0 | ... AF70: =Q70*$T70 -> 0 | AG70: =SUM(U70:AF70) -> 972 | AH70: Lemon Mint | AI70: =B70&" "&AH70&"" -> Khalil Maamoun Lemon Mint | AJ70: =R70 -> 162 | AK70: =AG70 -> 972 | AL70: =AG70/$AG$126 -> 0.00021552071
A71: 5384 | B71: Khalil Maamoun | C71: Two Apple Cartoon | D71: 250g | E71: =B71&" "&C71&" "&D71 -> Khalil Maamoun Two Apple Cartoon 250g | G71: 306 | P71: 6 | R71: =SUM(F71:Q71) -> 312 | S71: =E71 -> Khalil Maamoun Two Apple Cartoon 250g | T71: 10 | U71: =F71*$T71 -> 0 | V71: =G71*$T71 -> 3060 | W71: =H71*$T71 -> 0 | X71: =I71*$T71 -> 0 | Y71: =J71*$T71 -> 0 | Z71: =K71*$T71 -> 0 | AA71: =L71*$T71 -> 0 | AB71: =M71*$T71 -> 0 | ... AF71: =Q71*$T71 -> 0 | AG71: =SUM(U71:AF71) -> 3120 | AH71: Two Apple | AI71: =B71&" "&AH71&"" -> Khalil Maamoun Two Apple | AJ71: =R71 -> 312 | AK71: =AG71 -> 3120 | AL71: =AG71/$AG$126 -> 0.00069179486
A72: 5386 | B72: Khalil Maamoun | C72: Orange & Mint | D72: 250g | E72: =B72&" "&C72&" "&D72 -> Khalil Maamoun Orange & Mint 250g | G72: 150 | R72: =SUM(F72:Q72) -> 150 | S72: =E72 -> Khalil Maamoun Orange & Mint 250g | T72: 10 | U72: =F72*$T72 -> 0 | V72: =G72*$T72 -> 1500 | W72: =H72*$T72 -> 0 | X72: =I72*$T72 -> 0 | Y72: =J72*$T72 -> 0 | Z72: =K72*$T72 -> 0 | AA72: =L72*$T72 -> 0 | AB72: =M72*$T72 -> 0 | ... AF72: =Q72*$T72 -> 0 | AG72: =SUM(U72:AF72) -> 1500 | AH72: Other Flavors | AI72: =B72&" "&AH72&"" -> Khalil Maamoun Other Flavors | AJ72: =R72 -> 150 | AK72: =AG72 -> 1500 | AL72: =AG72/$AG$126 -> 0.00033259368
A73: 5389 | B73: Khalil Maamoun | C73: Five Apple | D73: 50g | E73: =B73&" "&C73&" "&D73 -> Khalil Maamoun Five Apple 50g | G73: 200 | R73: =SUM(F73:Q73) -> 200 | S73: =E73 -> Khalil Maamoun Five Apple 50g | T73: 6 | U73: =F73*$T73 -> 0 | V73: =G73*$T73 -> 1200 | W73: =H73*$T73 -> 0 | X73: =I73*$T73 -> 0 | Y73: =J73*$T73 -> 0 | Z73: =K73*$T73 -> 0 | AA73: =L73*$T73 -> 0 | AB73: =M73*$T73 -> 0 | ... AF73: =Q73*$T73 -> 0 | AG73: =SUM(U73:AF73) -> 1200 | AH73: Other Flavors | AI73: =B73&" "&AH73&"" -> Khalil Maamoun Other Flavors | AJ73: =R73 -> 200 | AK73: =AG73 -> 1200 | AL73: =AG73/$AG$126 -> 0.00026607495
A74: 5393 | B74: Khalil Maamoun | C74: Gum | D74: 50g | E74: =B74&" "&C74&" "&D74 -> Khalil Maamoun Gum 50g | G74: 34 | R74: =SUM(F74:Q74) -> 34 | S74: =E74 -> Khalil Maamoun Gum 50g | T74: 6 | U74: =F74*$T74 -> 0 | V74: =G74*$T74 -> 204 | W74: =H74*$T74 -> 0 | X74: =I74*$T74 -> 0 | Y74: =J74*$T74 -> 0 | Z74: =K74*$T74 -> 0 | AA74: =L74*$T74 -> 0 | AB74: =M74*$T74 -> 0 | ... AF74: =Q74*$T74 -> 0 | AG74: =SUM(U74:AF74) -> 204 | AH74: Gum | AI74: =B74&" "&AH74&"" -> Khalil Maamoun Gum | AJ74: =R74 -> 34 | AK74: =AG74 -> 204 | AL74: =AG74/$AG$126 -> 4.5232741e-05
A75: 5396 | B75: Khalil Maamoun | C75: Black Hadi | D75: 250g | E75: =B75&" "&C75&" "&D75 -> Khalil Maamoun Black Hadi 250g | F75: 2 | G75: 100 | R75: =SUM(F75:Q75) -> 102 | S75: =E75 -> Khalil Maamoun Black Hadi 250g | T75: 10 | U75: =F75*$T75 -> 20 | V75: =G75*$T75 -> 1000 | W75: =H75*$T75 -> 0 | X75: =I75*$T75 -> 0 | Y75: =J75*$T75 -> 0 | Z75: =K75*$T75 -> 0 | AA75: =L75*$T75 -> 0 | AB75: =M75*$T75 -> 0 | ... AF75: =Q75*$T75 -> 0 | AG75: =SUM(U75:AF75) -> 1020 | AH75: Other Flavors | AI75: =B75&" "&AH75&"" -> Khalil Maamoun Other Flavors | AJ75: =R75 -> 102 | AK75: =AG75 -> 1020 | AL75: =AG75/$AG$126 -> 0.0002261637
A76: 5397 | B76: Khalil Maamoun | C76: Two Apple Bahraini | D76: 250g | E76: =B76&" "&C76&" "&D76 -> Khalil Maamoun Two Apple Bahraini 250g | G76: 176 | P76: 1 | R76: =SUM(F76:Q76) -> 177 | S76: =E76 -> Khalil Maamoun Two Apple Bahraini 250g | T76: 10 | U76: =F76*$T76 -> 0 | V76: =G76*$T76 -> 1760 | W76: =H76*$T76 -> 0 | X76: =I76*$T76 -> 0 | Y76: =J76*$T76 -> 0 | Z76: =K76*$T76 -> 0 | AA76: =L76*$T76 -> 0 | AB76: =M76*$T76 -> 0 | ... AF76: =Q76*$T76 -> 0 | AG76: =SUM(U76:AF76) -> 1770 | AH76: Two Apple | AI76: =B76&" "&AH76&"" -> Khalil Maamoun Two Apple | AJ76: =R76 -> 177 | AK76: =AG76 -> 1770 | AL76: =AG76/$AG$126 -> 0.00039246054
A77: 5398 | B77: Khalil Maamoun | C77: Two Apple Bahraini | D77: 50g | E77: =B77&" "&C77&" "&D77 -> Khalil Maamoun Two Apple Bahraini 50g | G77: 500 | R77: =SUM(F77:Q77) -> 500 | S77: =E77 -> Khalil Maamoun Two Apple Bahraini 50g | T77: 6 | U77: =F77*$T77 -> 0 | V77: =G77*$T77 -> 3000 | W77: =H77*$T77 -> 0 | X77: =I77*$T77 -> 0 | Y77: =J77*$T77 -> 0 | Z77: =K77*$T77 -> 0 | AA77: =L77*$T77 -> 0 | AB77: =M77*$T77 -> 0 | ... AF77: =Q77*$T77 -> 0 | AG77: =SUM(U77:AF77) -> 3000 | AH77: Two Apple | AI77: =B77&" "&AH77&"" -> Khalil Maamoun Two Apple | AJ77: =R77 -> 500 | AK77: =AG77 -> 3000 | AL77: =AG77/$AG$126 -> 0.00066518736
A78: 5340 | B78: MALAKI | C78: Lemon Mint | D78: 50g | E78: =B78&" "&C78&" "&D78 -> MALAKI Lemon Mint 50g | H78: 15 | I78: 15 | R78: =SUM(F78:Q78) -> 30 | S78: =E78 -> MALAKI Lemon Mint 50g | T78: 6 | U78: =F78*$T78 -> 0 | V78: =G78*$T78 -> 0 | W78: =H78*$T78 -> 90 | X78: =I78*$T78 -> 90 | Y78: =J78*$T78 -> 0 | Z78: =K78*$T78 -> 0 | AA78: =L78*$T78 -> 0 | AB78: =M78*$T78 -> 0 | ... AF78: =Q78*$T78 -> 0 | AG78: =SUM(U78:AF78) -> 180 | AH78: Lemon Mint | AI78: =B78&" "&AH78&"" -> MALAKI Lemon Mint | AJ78: =R78 -> 30 | AK78: =AG78 -> 180 | AL78: =AG78/$AG$126 -> 3.9911242e-05
A79: 5341 | B79: MALAKI | C79: Lemon Mint | D79: 250g | E79: =B79&" "&C79&" "&D79 -> MALAKI Lemon Mint 250g | H79: 10 | I79: 10 | R79: =SUM(F79:Q79) -> 20 | S79: =E79 -> MALAKI Lemon Mint 250g | T79: 6 | U79: =F79*$T79 -> 0 | V79: =G79*$T79 -> 0 | W79: =H79*$T79 -> 60 | X79: =I79*$T79 -> 60 | Y79: =J79*$T79 -> 0 | Z79: =K79*$T79 -> 0 | AA79: =L79*$T79 -> 0 | AB79: =M79*$T79 -> 0 | ... AF79: =Q79*$T79 -> 0 | AG79: =SUM(U79:AF79) -> 120 | AH79: Lemon Mint | AI79: =B79&" "&AH79&"" -> MALAKI Lemon Mint | AJ79: =R79 -> 20 | AK79: =AG79 -> 120 | AL79: =AG79/$AG$126 -> 2.6607495e-05
A80: 5342 | B80: MALAKI | C80: Two Apple | D80: 50g | E80: =B80&" "&C80&" "&D80 -> MALAKI Two Apple 50g | H80: 20 | I80: 50 | R80: =SUM(F80:Q80) -> 70 | S80: =E80 -> MALAKI Two Apple 50g | T80: 6 | U80: =F80*$T80 -> 0 | V80: =G80*$T80 -> 0 | W80: =H80*$T80 -> 120 | X80: =I80*$T80 -> 300 | Y80: =J80*$T80 -> 0 | Z80: =K80*$T80 -> 0 | AA80: =L80*$T80 -> 0 | AB80: =M80*$T80 -> 0 | ... AF80: =Q80*$T80 -> 0 | AG80: =SUM(U80:AF80) -> 420 | AH80: Two Apple | AI80: =B80&" "&AH80&"" -> MALAKI Two Apple | AJ80: =R80 -> 70 | AK80: =AG80 -> 420 | AL80: =AG80/$AG$126 -> 9.3126231e-05
A81: 5343 | B81: MALAKI | C81: Two Apple | D81: 250g | E81: =B81&" "&C81&" "&D81 -> MALAKI Two Apple 250g | H81: 10 | I81: 50 | R81: =SUM(F81:Q81) -> 60 | S81: =E81 -> MALAKI Two Apple 250g | T81: 6 | U81: =F81*$T81 -> 0 | V81: =G81*$T81 -> 0 | W81: =H81*$T81 -> 60 | X81: =I81*$T81 -> 300 | Y81: =J81*$T81 -> 0 | Z81: =K81*$T81 -> 0 | AA81: =L81*$T81 -> 0 | AB81: =M81*$T81 -> 0 | ... AF81: =Q81*$T81 -> 0 | AG81: =SUM(U81:AF81) -> 360 | AH81: Two Apple | AI81: =B81&" "&AH81&"" -> MALAKI Two Apple | AJ81: =R81 -> 60 | AK81: =AG81 -> 360 | AL81: =AG81/$AG$126 -> 7.9822484e-05
A82: 5346 | B82: MALAKI | C82: Grapes | D82: 50g | E82: =B82&" "&C82&" "&D82 -> MALAKI Grapes 50g | H82: 10 | I82: 15 | R82: =SUM(F82:Q82) -> 25 | S82: =E82 -> MALAKI Grapes 50g | T82: 6 | U82: =F82*$T82 -> 0 | V82: =G82*$T82 -> 0 | W82: =H82*$T82 -> 60 | X82: =I82*$T82 -> 90 | Y82: =J82*$T82 -> 0 | Z82: =K82*$T82 -> 0 | AA82: =L82*$T82 -> 0 | AB82: =M82*$T82 -> 0 | ... AF82: =Q82*$T82 -> 0 | AG82: =SUM(U82:AF82) -> 150 | AH82: Grapes | AI82: =B82&" "&AH82&"" -> MALAKI Grapes | AJ82: =R82 -> 25 | AK82: =AG82 -> 150 | AL82: =AG82/$AG$126 -> 3.3259368e-05
A83: 5347 | B83: MALAKI | C83: Grapes | D83: 250g | E83: =B83&" "&C83&" "&D83 -> MALAKI Grapes 250g | H83: 10 | I83: 10 | R83: =SUM(F83:Q83) -> 20 | S83: =E83 -> MALAKI Grapes 250g | T83: 6 | U83: =F83*$T83 -> 0 | V83: =G83*$T83 -> 0 | W83: =H83*$T83 -> 60 | X83: =I83*$T83 -> 60 | Y83: =J83*$T83 -> 0 | Z83: =K83*$T83 -> 0 | AA83: =L83*$T83 -> 0 | AB83: =M83*$T83 -> 0 | ... AF83: =Q83*$T83 -> 0 | AG83: =SUM(U83:AF83) -> 120 | AH83: Grapes | AI83: =B83&" "&AH83&"" -> MALAKI Grapes | AJ83: =R83 -> 20 | AK83: =AG83 -> 120 | AL83: =AG83/$AG$126 -> 2.6607495e-05
A84: 5348 | B84: MALAKI | C84: Mint | D84: 50g | E84: =B84&" "&C84&" "&D84 -> MALAKI Mint 50g | H84: 10 | I84: 15 | R84: =SUM(F84:Q84) -> 25 | S84: =E84 -> MALAKI Mint 50g | T84: 6 | U84: =F84*$T84 -> 0 | V84: =G84*$T84 -> 0 | W84: =H84*$T84 -> 60 | X84: =I84*$T84 -> 90 | Y84: =J84*$T84 -> 0 | Z84: =K84*$T84 -> 0 | AA84: =L84*$T84 -> 0 | AB84: =M84*$T84 -> 0 | ... AF84: =Q84*$T84 -> 0 | AG84: =SUM(U84:AF84) -> 150 | AH84: Mint | AI84: =B84&" "&AH84&"" -> MALAKI Mint | AJ84: =R84 -> 25 | AK84: =AG84 -> 150 | AL84: =AG84/$AG$126 -> 3.3259368e-05
A85: 5349 | B85: MALAKI | C85: Mint | D85: 250g | E85: =B85&" "&C85&" "&D85 -> MALAKI Mint 250g | H85: 10 | I85: 10 | R85: =SUM(F85:Q85) -> 20 | S85: =E85 -> MALAKI Mint 250g | T85: 6 | U85: =F85*$T85 -> 0 | V85: =G85*$T85 -> 0 | W85: =H85*$T85 -> 60 | X85: =I85*$T85 -> 60 | Y85: =J85*$T85 -> 0 | Z85: =K85*$T85 -> 0 | AA85: =L85*$T85 -> 0 | AB85: =M85*$T85 -> 0 | ... AF85: =Q85*$T85 -> 0 | AG85: =SUM(U85:AF85) -> 120 | AH85: Mint | AI85: =B85&" "&AH85&"" -> MALAKI Mint | AJ85: =R85 -> 20 | AK85: =AG85 -> 120 | AL85: =AG85/$AG$126 -> 2.6607495e-05
A86: 5350 | B86: MALAKI | C86: Grape Mint | D86: 50g | E86: =B86&" "&C86&" "&D86 -> MALAKI Grape Mint 50g | H86: 10 | I86: 15 | R86: =SUM(F86:Q86) -> 25 | S86: =E86 -> MALAKI Grape Mint 50g | T86: 6 | U86: =F86*$T86 -> 0 | V86: =G86*$T86 -> 0 | W86: =H86*$T86 -> 60 | X86: =I86*$T86 -> 90 | Y86: =J86*$T86 -> 0 | Z86: =K86*$T86 -> 0 | AA86: =L86*$T86 -> 0 | AB86: =M86*$T86 -> 0 | ... AF86: =Q86*$T86 -> 0 | AG86: =SUM(U86:AF86) -> 150 | AH86: Grape Mint | AI86: =B86&" "&AH86&"" -> MALAKI Grape Mint | AJ86: =R86 -> 25 | AK86: =AG86 -> 150 | AL86: =AG86/$AG$126 -> 3.3259368e-05
A87: 5351 | B87: MALAKI | C87: Grape Mint | D87: 250g | E87: =B87&" "&C87&" "&D87 -> MALAKI Grape Mint 250g | H87: 10 | I87: 10 | R87: =SUM(F87:Q87) -> 20 | S87: =E87 -> MALAKI Grape Mint 250g | T87: 6 | U87: =F87*$T87 -> 0 | V87: =G87*$T87 -> 0 | W87: =H87*$T87 -> 60 | X87: =I87*$T87 -> 60 | Y87: =J87*$T87 -> 0 | Z87: =K87*$T87 -> 0 | AA87: =L87*$T87 -> 0 | AB87: =M87*$T87 -> 0 | ... AF87: =Q87*$T87 -> 0 | AG87: =SUM(U87:AF87) -> 120 | AH87: Grape Mint | AI87: =B87&" "&AH87&"" -> MALAKI Grape Mint | AJ87: =R87 -> 20 | AK87: =AG87 -> 120 | AL87: =AG87/$AG$126 -> 2.6607495e-05
A88: 6001 | B88: Mazaya | C88: Grapes | D88: 50g | E88: =B88&" "&C88&" "&D88 -> Mazaya Grapes 50g | F88: 123 | G88: 71 | H88: 314 | I88: 250 | J88: 284 | K88: 248 | L88: 257 | M88: 393 | N88: 481 | O88: 324 | P88: 362 | Q88: 278 | R88: =SUM(F88:Q88) -> 3385 | S88: =E88 -> Mazaya Grapes 50g | T88: 6 | U88: =F88*$T88 -> 738 | V88: =G88*$T88 -> 426 | W88: =H88*$T88 -> 1884 | X88: =I88*$T88 -> 1500 | Y88: =J88*$T88 -> 1704 | Z88: =K88*$T88 -> 1488 | AA88: =L88*$T88 -> 1542 | AB88: =M88*$T88 -> 2358 | ... AF88: =Q88*$T88 -> 1668 | AG88: =SUM(U88:AF88) -> 20310 | AH88: Grapes | AI88: =B88&" "&AH88&"" -> Mazaya Grapes | AJ88: =R88 -> 3385 | AK88: =AG88 -> 20310 | AL88: =AG88/$AG$126 -> 0.0045033185
A89: 6002 | B89: Mazaya | C89: Grape Mint | D89: 50g | E89: =B89&" "&C89&" "&D89 -> Mazaya Grape Mint 50g | F89: 162 | G89: 76 | H89: 311 | I89: 324 | J89: 350 | K89: 293 | L89: 420 | M89: 521 | N89: 516 | O89: 308 | P89: 360 | Q89: 83 | R89: =SUM(F89:Q89) -> 3724 | S89: =E89 -> Mazaya Grape Mint 50g | T89: 6 | U89: =F89*$T89 -> 972 | V89: =G89*$T89 -> 456 | W89: =H89*$T89 -> 1866 | X89: =I89*$T89 -> 1944 | Y89: =J89*$T89 -> 2100 | Z89: =K89*$T89 -> 1758 | AA89: =L89*$T89 -> 2520 | AB89: =M89*$T89 -> 3126 | ... AF89: =Q89*$T89 -> 498 | AG89: =SUM(U89:AF89) -> 22344 | AH89: Grape Mint | AI89: =B89&" "&AH89&"" -> Mazaya Grape Mint | AJ89: =R89 -> 3724 | AK89: =AG89 -> 22344 | AL89: =AG89/$AG$126 -> 0.0049543155
A90: 6003 | B90: Mazaya | C90: Mint | D90: 50g | E90: =B90&" "&C90&" "&D90 -> Mazaya Mint 50g | F90: 162 | G90: 113 | H90: 495 | I90: 388 | J90: 419 | K90: 392 | L90: 338 | M90: 429 | N90: 477 | O90: 406 | P90: 383 | Q90: 301 | R90: =SUM(F90:Q90) -> 4303 | S90: =E90 -> Mazaya Mint 50g | T90: 6 | U90: =F90*$T90 -> 972 | V90: =G90*$T90 -> 678 | W90: =H90*$T90 -> 2970 | X90: =I90*$T90 -> 2328 | Y90: =J90*$T90 -> 2514 | Z90: =K90*$T90 -> 2352 | AA90: =L90*$T90 -> 2028 | AB90: =M90*$T90 -> 2574 | ... AF90: =Q90*$T90 -> 1806 | AG90: =SUM(U90:AF90) -> 25818 | AH90: Mint | AI90: =B90&" "&AH90&"" -> Mazaya Mint | AJ90: =R90 -> 4303 | AK90: =AG90 -> 25818 | AL90: =AG90/$AG$126 -> 0.0057246025
A91: 6004 | B91: Mazaya | C91: Gum | D91: 50g | E91: =B91&" "&C91&" "&D91 -> Mazaya Gum 50g | F91: 187 | G91: 10 | H91: 288 | I91: 353 | J91: 507 | K91: 539 | L91: 266 | M91: 474 | N91: 488 | O91: 403 | P91: 330 | Q91: 287 | R91: =SUM(F91:Q91) -> 4132 | S91: =E91 -> Mazaya Gum 50g | T91: 6 | U91: =F91*$T91 -> 1122 | V91: =G91*$T91 -> 60 | W91: =H91*$T91 -> 1728 | X91: =I91*$T91 -> 2118 | Y91: =J91*$T91 -> 3042 | Z91: =K91*$T91 -> 3234 | AA91: =L91*$T91 -> 1596 | AB91: =M91*$T91 -> 2844 | ... AF91: =Q91*$T91 -> 1722 | AG91: =SUM(U91:AF91) -> 24792 | AH91: Gum | AI91: =B91&" "&AH91&"" -> Mazaya Gum | AJ91: =R91 -> 4132 | AK91: =AG91 -> 24792 | AL91: =AG91/$AG$126 -> 0.0054971084
A92: 6005 | B92: Mazaya | C92: Lemon Mint | D92: 50g | E92: =B92&" "&C92&" "&D92 -> Mazaya Lemon Mint 50g | F92: 1159 | G92: 527 | H92: 4868 | I92: 5365 | J92: 4192 | K92: 4257 | L92: 4914 | M92: 7478 | N92: 7518 | O92: 6521 | P92: 6212 | Q92: 134 | R92: =SUM(F92:Q92) -> 53145 | S92: =E92 -> Mazaya Lemon Mint 50g | T92: 6 | U92: =F92*$T92 -> 6954 | V92: =G92*$T92 -> 3162 | W92: =H92*$T92 -> 29208 | X92: =I92*$T92 -> 32190 | Y92: =J92*$T92 -> 25152 | Z92: =K92*$T92 -> 25542 | AA92: =L92*$T92 -> 29484 | AB92: =M92*$T92 -> 44868 | ... AF92: =Q92*$T92 -> 804 | AG92: =SUM(U92:AF92) -> 318870 | AH92: Lemon Mint | AI92: =B92&" "&AH92&"" -> Mazaya Lemon Mint | AJ92: =R92 -> 53145 | AK92: =AG92 -> 318870 | AL92: =AG92/$AG$126 -> 0.070702765
A93: 6006 | B93: Mazaya | C93: Gum Mint | D93: 50g | E93: =B93&" "&C93&" "&D93 -> Mazaya Gum Mint 50g | F93: 258 | G93: 32 | H93: 473 | I93: 566 | J93: 170 | K93: 396 | L93: 370 | M93: 563 | N93: 455 | O93: 561 | P93: 348 | Q93: 126 | R93: =SUM(F93:Q93) -> 4318 | S93: =E93 -> Mazaya Gum Mint 50g | T93: 6 | U93: =F93*$T93 -> 1548 | V93: =G93*$T93 -> 192 | W93: =H93*$T93 -> 2838 | X93: =I93*$T93 -> 3396 | Y93: =J93*$T93 -> 1020 | Z93: =K93*$T93 -> 2376 | AA93: =L93*$T93 -> 2220 | AB93: =M93*$T93 -> 3378 | ... AF93: =Q93*$T93 -> 756 | AG93: =SUM(U93:AF93) -> 25908 | AH93: Gum | AI93: =B93&" "&AH93&"" -> Mazaya Gum | AJ93: =R93 -> 4318 | AK93: =AG93 -> 25908 | AL93: =AG93/$AG$126 -> 0.0057445581
A94: 6010 | B94: Mazaya | C94: Watermelon & Mint | D94: 50g | E94: =B94&" "&C94&" "&D94 -> Mazaya Watermelon & Mint 50g | F94: 47 | G94: 10 | H94: 57 | I94: 67 | J94: 41 | K94: 21 | L94: 73 | M94: 72 | N94: 89 | O94: 84 | P94: 30 | Q94: 173 | R94: =SUM(F94:Q94) -> 764 | S94: =E94 -> Mazaya Watermelon & Mint 50g | T94: 6 | U94: =F94*$T94 -> 282 | V94: =G94*$T94 -> 60 | W94: =H94*$T94 -> 342 | X94: =I94*$T94 -> 402 | Y94: =J94*$T94 -> 246 | Z94: =K94*$T94 -> 126 | AA94: =L94*$T94 -> 438 | AB94: =M94*$T94 -> 432 | ... AF94: =Q94*$T94 -> 1038 | AG94: =SUM(U94:AF94) -> 4584 | AH94: Other Flavors | AI94: =B94&" "&AH94&"" -> Mazaya Other Flavors | AJ94: =R94 -> 764 | AK94: =AG94 -> 4584 | AL94: =AG94/$AG$126 -> 0.0010164063
A95: 6011 | B95: Mazaya | C95: Orange | D95: 50g | E95: =B95&" "&C95&" "&D95 -> Mazaya Orange 50g | F95: 42 | G95: 38 | H95: 139 | I95: 143 | J95: 148 | K95: 109 | L95: 137 | M95: 124 | N95: 130 | O95: 129 | P95: 97 | Q95: 140 | R95: =SUM(F95:Q95) -> 1376 | S95: =E95 -> Mazaya Orange 50g | T95: 6 | U95: =F95*$T95 -> 252 | V95: =G95*$T95 -> 228 | W95: =H95*$T95 -> 834 | X95: =I95*$T95 -> 858 | Y95: =J95*$T95 -> 888 | Z95: =K95*$T95 -> 654 | AA95: =L95*$T95 -> 822 | AB95: =M95*$T95 -> 744 | ... AF95: =Q95*$T95 -> 840 | AG95: =SUM(U95:AF95) -> 8256 | AH95: Other Flavors | AI95: =B95&" "&AH95&"" -> Mazaya Other Flavors | AJ95: =R95 -> 1376 | AK95: =AG95 -> 8256 | AL95: =AG95/$AG$126 -> 0.0018305956
A96: 6012 | B96: Mazaya | C96: Lemon | D96: 50g | E96: =B96&" "&C96&" "&D96 -> Mazaya Lemon 50g | F96: 46 | G96: 15 | H96: 79 | I96: 78 | J96: 46 | K96: 41 | L96: 57 | M96: 48 | N96: 41 | O96: 43 | P96: 68 | Q96: 99 | R96: =SUM(F96:Q96) -> 661 | S96: =E96 -> Mazaya Lemon 50g | T96: 6 | U96: =F96*$T96 -> 276 | V96: =G96*$T96 -> 90 | W96: =H96*$T96 -> 474 | X96: =I96*$T96 -> 468 | Y96: =J96*$T96 -> 276 | Z96: =K96*$T96 -> 246 | AA96: =L96*$T96 -> 342 | AB96: =M96*$T96 -> 288 | ... AF96: =Q96*$T96 -> 594 | AG96: =SUM(U96:AF96) -> 3966 | AH96: Other Flavors | AI96: =B96&" "&AH96&"" -> Mazaya Other Flavors | AJ96: =R96 -> 661 | AK96: =AG96 -> 3966 | AL96: =AG96/$AG$126 -> 0.0008793777
A97: 6014 | B97: Mazaya | C97: Orange & Mint | D97: 250g | E97: =B97&" "&C97&" "&D97 -> Mazaya Orange & Mint 250g | F97: 45 | G97: 33 | H97: 133 | I97: 148 | J97: 151 | K97: 62 | L97: 157 | M97: 129 | N97: 134 | O97: 164 | P97: 102 | Q97: 227 | R97: =SUM(F97:Q97) -> 1485 | S97: =E97 -> Mazaya Orange & Mint 250g | T97: 6 | U97: =F97*$T97 -> 270 | V97: =G97*$T97 -> 198 | W97: =H97*$T97 -> 798 | X97: =I97*$T97 -> 888 | Y97: =J97*$T97 -> 906 | Z97: =K97*$T97 -> 372 | AA97: =L97*$T97 -> 942 | AB97: =M97*$T97 -> 774 | ... AF97: =Q97*$T97 -> 1362 | AG97: =SUM(U97:AF97) -> 8910 | AH97: Other Flavors | AI97: =B97&" "&AH97&"" -> Mazaya Other Flavors | AJ97: =R97 -> 1485 | AK97: =AG97 -> 8910 | AL97: =AG97/$AG$126 -> 0.0019756065
A98: 6016 | B98: Mazaya | C98: Blueberry Exotic | D98: 50g | E98: =B98&" "&C98&" "&D98 -> Mazaya Blueberry Exotic 50g | F98: 214 | G98: 5 | H98: 173 | I98: 302 | J98: 192 | K98: 227 | L98: 202 | M98: 364 | N98: 516 | O98: 349 | P98: 196 | Q98: 197 | R98: =SUM(F98:Q98) -> 2937 | S98: =E98 -> Mazaya Blueberry Exotic 50g | T98: 6 | U98: =F98*$T98 -> 1284 | V98: =G98*$T98 -> 30 | W98: =H98*$T98 -> 1038 | X98: =I98*$T98 -> 1812 | Y98: =J98*$T98 -> 1152 | Z98: =K98*$T98 -> 1362 | AA98: =L98*$T98 -> 1212 | AB98: =M98*$T98 -> 2184 | ... AF98: =Q98*$T98 -> 1182 | AG98: =SUM(U98:AF98) -> 17622 | AH98: Other Flavors | AI98: =B98&" "&AH98&"" -> Mazaya Other Flavors | AJ98: =R98 -> 2937 | AK98: =AG98 -> 17622 | AL98: =AG98/$AG$126 -> 0.0039073106
A99: 6017 | B99: Mazaya | C99: Two Apple Bahraini | D99: 50g | E99: =B99&" "&C99&" "&D99 -> Mazaya Two Apple Bahraini 50g | F99: 2497 | G99: 484 | H99: 2633 | I99: 3510 | J99: 1855 | K99: 2206 | L99: 2054 | M99: 2874 | N99: 7087 | O99: 5084 | P99: 3620 | Q99: 3430 | R99: =SUM(F99:Q99) -> 37334 | S99: =E99 -> Mazaya Two Apple Bahraini 50g | T99: 6 | U99: =F99*$T99 -> 14982 | V99: =G99*$T99 -> 2904 | W99: =H99*$T99 -> 15798 | X99: =I99*$T99 -> 21060 | Y99: =J99*$T99 -> 11130 | Z99: =K99*$T99 -> 13236 | AA99: =L99*$T99 -> 12324 | AB99: =M99*$T99 -> 17244 | ... AF99: =Q99*$T99 -> 20580 | AG99: =SUM(U99:AF99) -> 224004 | AH99: Two Apple | AI99: =B99&" "&AH99&"" -> Mazaya Two Apple | AJ99: =R99 -> 37334 | AK99: =AG99 -> 224004 | AL99: =AG99/$AG$126 -> 0.04966821
... A106: 6030 | B106: Mazaya | C106: Ruby crush | D106: 50g | E106: =B106&" "&C106&" "&D106 -> Mazaya Ruby crush 50g | F106: 270 | G106: 65 | H106: 53 | I106: 64 | J106: 79 | K106: 76 | L106: 109 | M106: 110 | N106: 199 | O106: 194 | P106: 119 | Q106: 238 | R106: =SUM(F106:Q106) -> 1576 | S106: =E106 -> Mazaya Ruby crush 50g | T106: 6 | U106: =F106*$T106 -> 1620 | V106: =G106*$T106 -> 390 | W106: =H106*$T106 -> 318 | X106: =I106*$T106 -> 384 | Y106: =J106*$T106 -> 474 | Z106: =K106*$T106 -> 456 | AA106: =L106*$T106 -> 654 | AB106: =M106*$T106 -> 660 | ... AF106: =Q106*$T106 -> 1428 | AG106: =SUM(U106:AF106) -> 9456 | AH106: Other Flavors | AI106: =B106&" "&AH106&"" -> Mazaya Other Flavors | AJ106: =R106 -> 1576 | AK106: =AG106 -> 9456 | AL106: =AG106/$AG$126 -> 0.0020966706
...

Sheet Monthly Regie Sales 2024 
A1: Item | B1: Supplier | C1: Flavor | D1: 864 | E1: SKU | F1: Jan | G1: Feb | H1: March | I1: Apr | J1: May | K1: June | L1: July | M1: Aug | N1: Sep | O1: Oct | P1: Nov | Q1: Dec | R1: Total | S1: % MasterCase | T1: SKU | U1: Weight/MasterCase | V1: Jan | W1: Feb | X1: March | Y1: Apr | Z1: May | AA1: June | AB1: July | AC1: Aug | AD1: Sep | AE1: Oct | AF1: Nov | AG1: Dec | AH1: Total | AI1: Flavors | AJ1: Suppliers/Flavors | AK1: MasterCase | AL1: KG | AM1: Share
A2: 5313 | B2: Al Ostoura | C2: Lemon Mint | D2: 50g | E2: =B2&" "&C2&" "&D2 -> Al Ostoura Lemon Mint 50g | R2: =SUM(F2:Q2) -> 0 | T2: =E2 -> Al Ostoura Lemon Mint 50g | U2: 10 | V2: =F2*$U2 -> 0 | W2: =G2*$U2 -> 0 | X2: =H2*$U2 -> 0 | Y2: =I2*$U2 -> 0 | Z2: =J2*$U2 -> 0 | AA2: =K2*$U2 -> 0 | AB2: =L2*$U2 -> 0 | AC2: =M2*$U2 -> 0 | ... AG2: =Q2*$U2 -> 0 | AH2: =SUM(V2:AG2) -> 0 | AI2: Lemon Mint | AJ2: =B2&" "&AI2&"" -> Al Ostoura Lemon Mint | AK2: =R2 -> 0 | AL2: =AH2 -> 0 | AM2: =AH2/$AH$129 -> 0
A3: 5322 | B3: Al Ostoura | C3: Two Apple Emerates | D3: 50g | E3: =B3&" "&C3&" "&D3 -> Al Ostoura Two Apple Emerates 50g | M3: 15 | R3: =SUM(F3:Q3) -> 15 | T3: =E3 -> Al Ostoura Two Apple Emerates 50g | U3: 6 | V3: =F3*$U3 -> 0 | W3: =G3*$U3 -> 0 | X3: =H3*$U3 -> 0 | Y3: =I3*$U3 -> 0 | Z3: =J3*$U3 -> 0 | AA3: =K3*$U3 -> 0 | AB3: =L3*$U3 -> 0 | AC3: =M3*$U3 -> 90 | ... AG3: =Q3*$U3 -> 0 | AH3: =SUM(V3:AG3) -> 90 | AI3: Two Apple | AJ3: =B3&" "&AI3&"" -> Al Ostoura Two Apple | AK3: =R3 -> 15 | AL3: =AH3 -> 90 | AM3: =AH3/$AH$129 -> 1.8034843e-05
A4: 5323 | B4: Al Ostoura | C4: Five Apple | D4: 50g | E4: =B4&" "&C4&" "&D4 -> Al Ostoura Five Apple 50g | F4: 1 | R4: =SUM(F4:Q4) -> 1 | T4: =E4 -> Al Ostoura Five Apple 50g | U4: 6 | V4: =F4*$U4 -> 6 | W4: =G4*$U4 -> 0 | X4: =H4*$U4 -> 0 | Y4: =I4*$U4 -> 0 | Z4: =J4*$U4 -> 0 | AA4: =K4*$U4 -> 0 | AB4: =L4*$U4 -> 0 | AC4: =M4*$U4 -> 0 | ... AG4: =Q4*$U4 -> 0 | AH4: =SUM(V4:AG4) -> 6 | AI4: Other Flavors | AJ4: =B4&" "&AI4&"" -> Al Ostoura Other Flavors | AK4: =R4 -> 1 | AL4: =AH4 -> 6 | AM4: =AH4/$AH$129 -> 1.2023229e-06
A5: 5325 | B5: Al Ostoura | C5: Two Apple | D5: 50g | E5: =B5&" "&C5&" "&D5 -> Al Ostoura Two Apple 50g | F5: 3 | J5: 1 | K5: 4 | L5: 80 | M5: 227 | N5: 1 | O5: 19 | P5: 8 | Q5: 2 | R5: =SUM(F5:Q5) -> 345 | T5: =E5 -> Al Ostoura Two Apple 50g | U5: 6 | V5: =F5*$U5 -> 18 | W5: =G5*$U5 -> 0 | X5: =H5*$U5 -> 0 | Y5: =I5*$U5 -> 0 | Z5: =J5*$U5 -> 6 | AA5: =K5*$U5 -> 24 | AB5: =L5*$U5 -> 480 | AC5: =M5*$U5 -> 1362 | ... AG5: =Q5*$U5 -> 12 | AH5: =SUM(V5:AG5) -> 2070 | AI5: Two Apple | AJ5: =B5&" "&AI5&"" -> Al Ostoura Two Apple | AK5: =R5 -> 345 | AL5: =AH5 -> 2070 | AM5: =AH5/$AH$129 -> 0.0004148014
A6: 5326 | B6: Al Ostoura | C6: Lemon Mint | D6: 50g | E6: =B6&" "&C6&" "&D6 -> Al Ostoura Lemon Mint 50g | R6: =SUM(F6:Q6) -> 0 | T6: =E6 -> Al Ostoura Lemon Mint 50g | U6: 6 | V6: =F6*$U6 -> 0 | W6: =G6*$U6 -> 0 | X6: =H6*$U6 -> 0 | Y6: =I6*$U6 -> 0 | Z6: =J6*$U6 -> 0 | AA6: =K6*$U6 -> 0 | AB6: =L6*$U6 -> 0 | AC6: =M6*$U6 -> 0 | ... AG6: =Q6*$U6 -> 0 | AH6: =SUM(V6:AG6) -> 0 | AI6: Lemon Mint | AJ6: =B6&" "&AI6&"" -> Al Ostoura Lemon Mint | AK6: =R6 -> 0 | AL6: =AH6 -> 0 | AM6: =AH6/$AH$129 -> 0
A7: 5329 | B7: Al Ostoura | C7: Two Apple | D7: 250g | E7: =B7&" "&C7&" "&D7 -> Al Ostoura Two Apple 250g | F7: 1 | H7: 2 | I7: 60 | J7: 56 | P7: 3 | Q7: 1 | R7: =SUM(F7:Q7) -> 123 | T7: =E7 -> Al Ostoura Two Apple 250g | U7: 10 | V7: =F7*$U7 -> 10 | W7: =G7*$U7 -> 0 | X7: =H7*$U7 -> 20 | Y7: =I7*$U7 -> 600 | Z7: =J7*$U7 -> 560 | AA7: =K7*$U7 -> 0 | AB7: =L7*$U7 -> 0 | AC7: =M7*$U7 -> 0 | ... AG7: =Q7*$U7 -> 10 | AH7: =SUM(V7:AG7) -> 1230 | AI7: Two Apple | AJ7: =B7&" "&AI7&"" -> Al Ostoura Two Apple | AK7: =R7 -> 123 | AL7: =AH7 -> 1230 | AM7: =AH7/$AH$129 -> 0.00024647619
A8: 5330 | B8: Al Ostoura | C8: Lemon Mint | D8: 250g | E8: =B8&" "&C8&" "&D8 -> Al Ostoura Lemon Mint 250g | N8: 45 | R8: =SUM(F8:Q8) -> 45 | T8: =E8 -> Al Ostoura Lemon Mint 250g | U8: 6 | V8: =F8*$U8 -> 0 | W8: =G8*$U8 -> 0 | X8: =H8*$U8 -> 0 | Y8: =I8*$U8 -> 0 | Z8: =J8*$U8 -> 0 | AA8: =K8*$U8 -> 0 | AB8: =L8*$U8 -> 0 | AC8: =M8*$U8 -> 0 | ... AG8: =Q8*$U8 -> 0 | AH8: =SUM(V8:AG8) -> 270 | AI8: Lemon Mint | AJ8: =B8&" "&AI8&"" -> Al Ostoura Lemon Mint | AK8: =R8 -> 45 | AL8: =AH8 -> 270 | AM8: =AH8/$AH$129 -> 5.410453e-05
A9: 5338 | B9: Al Ostoura | C9: Two Apple Tin | D9: 250g | E9: =B9&" "&C9&" "&D9 -> Al Ostoura Two Apple Tin 250g | N9: 50 | R9: =SUM(F9:Q9) -> 50 | T9: =E9 -> Al Ostoura Two Apple Tin 250g | U9: 6 | V9: =F9*$U9 -> 0 | W9: =G9*$U9 -> 0 | X9: =H9*$U9 -> 0 | Y9: =I9*$U9 -> 0 | Z9: =J9*$U9 -> 0 | AA9: =K9*$U9 -> 0 | AB9: =L9*$U9 -> 0 | AC9: =M9*$U9 -> 0 | ... AG9: =Q9*$U9 -> 0 | AH9: =SUM(V9:AG9) -> 300 | AI9: Two Apple | AJ9: =B9&" "&AI9&"" -> Al Ostoura Two Apple | AK9: =R9 -> 50 | AL9: =AH9 -> 300 | AM9: =AH9/$AH$129 -> 6.0116144e-05
A10: 6120 | B10: Al Fakher | C10: Grape Mint | D10: 1kg | E10: =B10&" "&C10&" "&D10 -> Al Fakher Grape Mint 1kg | F10: 74 | G10: 109 | H10: 100 | I10: 193 | J10: 122 | K10: 226 | L10: 153 | M10: 235 | N10: 234 | O10: 196 | P10: 111 | Q10: 101 | R10: =SUM(F10:Q10) -> 1854 | T10: =E10 -> Al Fakher Grape Mint 1kg | U10: 6 | V10: =F10*$U10 -> 444 | W10: =G10*$U10 -> 654 | X10: =H10*$U10 -> 600 | Y10: =I10*$U10 -> 1158 | Z10: =J10*$U10 -> 732 | AA10: =K10*$U10 -> 1356 | AB10: =L10*$U10 -> 918 | AC10: =M10*$U10 -> 1410 | ... AG10: =Q10*$U10 -> 606 | AH10: =SUM(V10:AG10) -> 11124 | AI10: Grape Mint | AJ10: =B10&" "&AI10&"" -> Al Fakher Grape Mint | AK10: =R10 -> 1854 | AL10: =AH10 -> 11124 | AM10: =AH10/$AH$129 -> 0.0022291066
A11: 6121 | B11: Al Fakher | C11: Grape Mint | D11: 1kg | E11: =B11&" "&C11&" "&D11 -> Al Fakher Grape Mint 1kg | F11: 1003 | G11: 551 | H11: 199 | I11: 0 | J11: 126 | K11: 425 | M11: 660 | O11: 866 | P11: 87 | Q11: 0 | R11: =SUM(F11:Q11) -> 3917 | T11: =E11 -> Al Fakher Grape Mint 1kg | U11: 6 | V11: =F11*$U11 -> 6018 | W11: =G11*$U11 -> 3306 | X11: =H11*$U11 -> 1194 | Y11: =I11*$U11 -> 0 | Z11: =J11*$U11 -> 756 | AA11: =K11*$U11 -> 2550 | AB11: =L11*$U11 -> 0 | AC11: =M11*$U11 -> 3960 | ... AG11: =Q11*$U11 -> 0 | AH11: =SUM(V11:AG11) -> 23502 | AI11: Grapes | AJ11: =B11&" "&AI11&"" -> Al Fakher Grapes | AK11: =R11 -> 3917 | AL11: =AH11 -> 23502 | AM11: =AH11/$AH$129 -> 0.0047094988
A12: 6122 | B12: Al Fakher | C12: Grape Mint | D12: 1kg | E12: =B12&" "&C12&" "&D12 -> Al Fakher Grape Mint 1kg | F12: 119 | G12: 212 | H12: 234 | I12: 199 | J12: 228 | K12: 336 | L12: 324 | M12: 17 | N12: 725 | O12: 241 | P12: 253 | Q12: 565 | R12: =SUM(F12:Q12) -> 3453 | T12: =E12 -> Al Fakher Grape Mint 1kg | U12: 6 | V12: =F12*$U12 -> 714 | W12: =G12*$U12 -> 1272 | X12: =H12*$U12 -> 1404 | Y12: =I12*$U12 -> 1194 | Z12: =J12*$U12 -> 1368 | AA12: =K12*$U12 -> 2016 | AB12: =L12*$U12 -> 1944 | AC12: =M12*$U12 -> 102 | ... AG12: =Q12*$U12 -> 3390 | AH12: =SUM(V12:AG12) -> 20718 | AI12: Lemon Mint | AJ12: =B12&" "&AI12&"" -> Al Fakher Lemon Mint | AK12: =R12 -> 3453 | AL12: =AH12 -> 20718 | AM12: =AH12/$AH$129 -> 0.0041516209
A13: 6123 | B13: Al Fakher | C13: Grape Mint | D13: 1kg | E13: =B13&" "&C13&" "&D13 -> Al Fakher Grape Mint 1kg | F13: 405 | G13: 345 | H13: 202 | I13: 209 | J13: 188 | K13: 321 | L13: 179 | M13: 0 | N13: 850 | O13: 0 | Q13: 0 | R13: =SUM(F13:Q13) -> 2699 | T13: =E13 -> Al Fakher Grape Mint 1kg | U13: 6 | V13: =F13*$U13 -> 2430 | W13: =G13*$U13 -> 2070 | X13: =H13*$U13 -> 1212 | Y13: =I13*$U13 -> 1254 | Z13: =J13*$U13 -> 1128 | AA13: =K13*$U13 -> 1926 | AB13: =L13*$U13 -> 1074 | AC13: =M13*$U13 -> 0 | ... AG13: =Q13*$U13 -> 0 | AH13: =SUM(V13:AG13) -> 16194 | AI13: Mint | AJ13: =B13&" "&AI13&"" -> Al Fakher Mint | AK13: =R13 -> 2699 | AL13: =AH13 -> 16194 | AM13: =AH13/$AH$129 -> 0.0032450695
